reaction_index,reaction_number,reaction_id,natoms,formula,atomic_numbers,ani_chno_supported,nms_configuration_count,irc_configuration_count,total_configuration_count,template,reaction_class
0,1,ts_1_1_A-D-2,20,C6H10O4,"1,6,8",1,97,5,102,A-D-2,Addition
1,2,ts_1_1_A-E-7,32,C15H15NO,"1,6,7,8",1,98,5,103,A-E-7,Addition
2,3,ts_1_1_A-E-23,10,C2H4Br2OS,"1,6,8,16,35",0,100,5,105,A-E-23,Addition
3,4,ts_1_1_A-E-24,13,C3H7BrOS,"1,6,8,16,35",0,99,5,104,A-E-24,Addition
4,5,ts_1_1_A-F-1,12,C3H5ClO2S,"1,6,8,16,17",0,96,5,101,A-F-1,Addition
5,6,ts_1_1_NO2-A-1-e,20,C4H10N2O4,"1,6,7,8",1,99,5,104,NO2-A-1-e,Addition
6,7,ts_1_1_NO2-A-6-e,19,C3H10N2O3S,"1,6,7,8,16",0,100,5,105,NO2-A-6-e,Addition
7,8,ts_1_1_NO2-A-8-a,15,C2H7NO4S,"1,6,7,8,16",0,96,5,101,NO2-A-8-a,Substitution
8,9,ts_1_1_NO2-A-8-d,20,C3H10N2O4S,"1,6,7,8,16",0,100,5,105,NO2-A-8-d,Addition
9,10,ts_1_1_NO2-A-11-c,23,C7H11N3O2,"1,6,7,8",1,99,5,104,NO2-A-11-c,Addition
10,11,ts_1_1_NO2-B-8-d,22,C4H12N2O3S,"1,6,7,8,16",0,100,5,105,NO2-B-8-d,Addition
11,12,ts_1_1_NO2-B-11-b,17,C7H8N2,"1,6,7",1,99,5,104,NO2-B-11-b,Addition
12,13,ts_1_1_NO2-B-11-d,25,C8H13N3O,"1,6,7,8",1,100,5,105,NO2-B-11-d,Addition
13,14,ts_1_1_R-A-5,13,C3H8O2,"1,6,8",1,100,5,105,R-A-5,Cyclization
14,15,ts_1_1_S-A-4,16,C3H7NO5,"1,6,7,8",1,99,5,104,S-A-4,Substitution
15,16,ts_1_1_S-A-5,18,C4H9ClO4,"1,6,8,17",0,97,5,102,S-A-5,Substitution
16,17,ts_1_1_S-A-26,20,C5H11ClFNO,"1,6,7,8,9,17",0,100,5,105,S-A-26,Substitution
17,18,ts_1_1_S-B-5-b,15,C3H7Br2NO2,"1,6,7,8,35",0,99,5,104,S-B-5-b,Addition
18,19,ts_1_1_S-B-13,33,C14H14N2O3,"1,6,7,8",1,79,2,81,S-B-13,Substitution
19,20,ts_1_1_S-C-5,21,C7H9NO4,"1,6,7,8",1,98,5,103,S-C-5,Substitution
20,21,ts_1_1_S-D-2,11,CH5NO4,"1,6,7,8",1,95,5,100,S-D-2,Substitution
21,22,ts_1_1_S-D-9,19,C3H10N2O3S,"1,6,7,8,16",0,100,5,105,S-D-9,Substitution
22,23,ts_1_2_NO2-A-10-c,13,CH7N3O2,"1,6,7,8",1,100,5,105,NO2-A-10-c,Addition
23,24,ts_1_2_S-C-13,35,C15H17NO2,"1,6,7,8",1,80,2,82,S-C-13,Substitution
24,25,ts_1_2_S-D-9,19,C3H10N2O3S,"1,6,7,8,16",0,100,5,105,S-D-9,Substitution
25,26,ts_2_1_A-A-1,15,C2H8N2O3,"1,6,7,8",1,100,5,105,A-A-1,Addition
26,27,ts_2_1_A-D-2,25,C7H13NO4,"1,6,7,8",1,94,5,99,A-D-2,Addition
27,28,ts_2_1_A-E-1,13,C3H8ClN,"1,6,7,17",0,100,5,105,A-E-1,Addition
28,29,ts_2_1_A-E-18,26,C10H13NO2,"1,6,7,8",1,99,5,104,A-E-18,Addition
29,30,ts_2_1_A-I-3,13,C2H7N3O,"1,6,7,8",1,98,5,103,A-I-3,Addition
30,31,ts_2_1_A-I-5,46,C21H21N3O,"1,6,7,8",1,80,2,82,A-I-5,Addition
31,32,ts_2_1_NO2-A-1-e,15,C3H7NO4,"1,6,7,8",1,95,5,100,NO2-A-1-e,Addition
32,33,ts_2_1_NO2-A-5-a,24,C5H13N3O3,"1,6,7,8",1,98,5,103,NO2-A-5-a,Substitution
33,34,ts_2_1_NO2-A-6-d,19,C3H10N2O3S,"1,6,7,8,16",0,100,5,105,NO2-A-6-d,Addition
34,35,ts_2_1_NO2-A-7-d,26,C8H12N2O3S,"1,6,7,8,16",0,100,5,105,NO2-A-7-d,Addition
35,36,ts_2_1_NO2-A-8-b,17,C3H8N2O3S,"1,6,7,8,16",0,99,5,104,NO2-A-8-b,Rearrangement
36,37,ts_2_1_NO2-A-8-e,15,C2H7NO4S,"1,6,7,8,16",0,100,5,105,NO2-A-8-e,Addition
37,38,ts_2_1_NO2-A-9-b,14,C2H7N3O2,"1,6,7,8",1,100,5,105,NO2-A-9-b,Rearrangement
38,39,ts_2_1_NO2-A-10-c,8,H4N2O2,"1,7,8",1,100,5,105,NO2-A-10-c,Addition
39,40,ts_2_1_NO2-A-11-c,18,C6H8N2O2,"1,6,7,8",1,99,5,104,NO2-A-11-c,Addition
40,41,ts_2_1_NO2-B-11-c,20,C7H10N2O,"1,6,7,8",1,100,5,105,NO2-B-11-c,Addition
41,42,ts_2_1_R-B-2,17,C7H10,"1,6",1,100,5,105,R-B-2,Cyclization
42,43,ts_2_1_RR-A-3-a,31,C15H14O2,"1,6,8",1,99,5,104,RR-A-3-a,Rearrangement
43,44,ts_2_1_RR-A-4,17,C5H11N,"1,6,7",1,99,5,104,RR-A-4,Rearrangement
44,45,ts_2_1_RR-A-10,28,C9H17NO,"1,6,7,8",1,100,5,105,RR-A-10,Rearrangement
45,46,ts_2_1_RR-B-6-b,14,C3H8N2O,"1,6,7,8",1,100,5,105,RR-B-6-b,Rearrangement
46,47,ts_2_1_S-A-2,30,C10H15ClN2O2,"1,6,7,8,17",0,99,5,104,S-A-2,Substitution
47,48,ts_2_1_S-A-3,30,C10H15BrN2O2,"1,6,7,8,35",0,100,5,105,S-A-3,Substitution
48,49,ts_2_1_S-A-21,17,C4H9ClFNO,"1,6,7,8,9,17",0,97,5,102,S-A-21,Substitution
49,50,ts_2_1_S-B-3-a,10,C3H5ClO,"1,6,8,17",0,100,5,105,S-B-3-a,Rearrangement
50,51,ts_2_1_S-D-11,24,C4H12N2O5S,"1,6,7,8,16",0,99,5,104,S-D-11,Substitution
51,52,ts_2_1_S-D-13,29,C9H14N2O3S,"1,6,7,8,16",0,99,5,104,S-D-13,Substitution
52,53,ts_2_1_S-D-14,30,C9H14N2O4S,"1,6,7,8,16",0,99,5,104,S-D-14,Substitution
53,54,ts_2_1_S-F-1,28,C10H16BrN,"1,6,7,35",0,100,5,105,S-F-1,Substitution
54,55,ts_2_2_S-C-15,28,C11H14N2O,"1,6,7,8",1,99,5,104,S-C-15,Substitution
55,56,ts_2_3_A-I-1,23,C9H11NO2,"1,6,7,8",1,96,5,101,A-I-1,Addition
56,57,ts_3_1_A-E-14,16,C3H6ClNO4S,"1,6,7,8,16,17",0,95,5,100,A-E-14,Addition
57,58,ts_3_1_A-I-1,27,C10H14N2O,"1,6,7,8",1,98,5,103,A-I-1,Addition
58,59,ts_3_1_A-I-4,16,C3H9N3S,"1,6,7,16",0,100,5,105,A-I-4,Addition
59,60,ts_3_1_NO2-A-5-a,27,C6H15N3O3,"1,6,7,8",1,95,5,100,NO2-A-5-a,Substitution
60,61,ts_3_1_NO2-A-5-c,27,C6H15N3O3,"1,6,7,8",1,100,5,105,NO2-A-5-c,Addition
61,62,ts_3_1_NO2-A-9-a,15,C2H7ClN2O3,"1,6,7,8,17",0,99,5,104,NO2-A-9-a,Substitution
62,63,ts_3_1_NO2-A-10-a,16,C2H9N3O2,"1,6,7,8",1,98,5,103,NO2-A-10-a,Substitution
63,64,ts_3_1_NO2-A-11-b,23,C8H11N3O,"1,6,7,8",1,100,5,105,NO2-A-11-b,Rearrangement
64,65,ts_3_1_NO2-B-12-e,20,C5H11N3O,"1,6,7,8",1,93,5,98,NO2-B-12-e,Addition
65,66,ts_3_1_R-A-10,17,C4H10FNO,"1,6,7,8,9",0,100,5,105,R-A-10,Cyclization
66,67,ts_3_1_R-B-4,18,C6H11N,"1,6,7",1,99,5,104,R-B-4,Cyclization
67,68,ts_3_1_RR-B-7-b,20,C4H12N2O2,"1,6,7,8",1,99,5,104,RR-B-7-b,Rearrangement
68,69,ts_3_1_S-A-15,30,C10H15NO4,"1,6,7,8",1,99,5,104,S-A-15,Substitution
69,70,ts_3_1_S-A-21,17,C4H9ClFNO,"1,6,7,8,9,17",0,95,5,100,S-A-21,Substitution
70,71,ts_3_1_S-B-9,27,C6H15N3O3,"1,6,7,8",1,98,5,103,S-B-9,Substitution
71,72,ts_3_1_S-G-4,17,C2H7FO6S,"1,6,8,9,16",0,100,5,105,S-G-4,Substitution
72,73,ts_3_1_S-G-6,19,C2H10N2O4S,"1,6,7,8,16",0,100,5,105,S-G-6,Substitution
73,74,ts_3_2_A-E-15,18,C4H9Cl2NOS,"1,6,7,8,16,17",0,99,5,104,A-E-15,Addition
74,75,ts_3_2_A-E-19,29,C11H15NO2,"1,6,7,8",1,99,5,104,A-E-19,Addition
75,76,ts_4_1_A-E-2,14,C3H7NO3,"1,6,7,8",1,97,5,102,A-E-2,Addition
76,77,ts_4_1_A-E-18,29,C11H15NO2,"1,6,7,8",1,97,5,102,A-E-18,Addition
77,78,ts_4_1_NO2-A-3-e,19,C4H10N2O3,"1,6,7,8",1,100,5,105,NO2-A-3-e,Addition
78,79,ts_4_1_NO2-A-9-b,17,C3H9N3O2,"1,6,7,8",1,100,5,105,NO2-A-9-b,Rearrangement
79,80,ts_4_1_NO2-A-11-d,29,C9H13N3O4,"1,6,7,8",1,99,5,104,NO2-A-11-d,Addition
80,81,ts_4_1_NO2-A-12-e,18,C4H9N3O2,"1,6,7,8",1,92,5,97,NO2-A-12-e,Addition
81,82,ts_4_1_NO2-B-2-d,27,C10H12ClNO3,"1,6,7,8,17",0,94,5,99,NO2-B-2-d,Addition
82,83,ts_4_1_NO2-B-7-e,30,C10H15NO3S,"1,6,7,8,16",0,99,5,104,NO2-B-7-e,Addition
83,84,ts_4_1_NO2-C-2-e,38,C16H17NO4,"1,6,7,8",1,60,2,62,NO2-C-2-e,Addition
84,85,ts_4_1_R-A-5,15,C3H7NO4,"1,6,7,8",1,96,5,101,R-A-5,Cyclization
85,86,ts_4_1_R-A-7,16,C4H9NO2,"1,6,7,8",1,100,5,105,R-A-7,Cyclization
86,87,ts_4_1_R-B-9,30,C9H17NO3,"1,6,7,8",1,99,5,104,R-B-9,Cyclization
87,88,ts_4_1_R-B-14,26,C7H14O5,"1,6,8",1,99,5,104,R-B-14,Cyclization
88,89,ts_4_1_RR-A-10,31,C10H19NO,"1,6,7,8",1,98,5,103,RR-A-10,Rearrangement
89,90,ts_4_1_RR-B-1-b,19,C5H11NO2,"1,6,7,8",1,96,5,101,RR-B-1-b,Rearrangement
90,91,ts_4_1_S-A-1,22,C5H12O5,"1,6,8",1,96,5,101,S-A-1,Substitution
91,92,ts_4_1_S-A-3,29,C10H14BrNO3,"1,6,7,8,35",0,96,5,101,S-A-3,Substitution
92,93,ts_4_1_S-A-10,29,C7H17NO4,"1,6,7,8",1,98,5,103,S-A-10,Substitution
93,94,ts_4_1_S-B-4-a,22,C9H11NO,"1,6,7,8",1,99,5,104,S-B-4-a,Rearrangement
94,95,ts_4_1_S-B-7,22,C5H11NO5,"1,6,7,8",1,94,5,99,S-B-7,Substitution
95,96,ts_4_1_S-B-12,29,C10H14N2O3,"1,6,7,8",1,98,5,103,S-B-12,Substitution
96,97,ts_4_1_S-B-13,41,C16H19N3O3,"1,6,7,8",1,57,2,59,S-B-13,Substitution
97,98,ts_4_1_S-C-15,31,C12H16N2O,"1,6,7,8",1,100,5,105,S-C-15,Substitution
98,99,ts_4_1_S-F-4,21,C4H12N2O3,"1,6,7,8",1,100,5,105,S-F-4,Substitution
99,100,ts_4_2_A-E-4,17,C4H11NS,"1,6,7,16",0,99,5,104,A-E-4,Addition
100,101,ts_4_2_A-E-20,16,C4H10BrN,"1,6,7,35",0,100,5,105,A-E-20,Addition
101,102,ts_4_2_RR-B-5-a,17,C4H9ClN2O,"1,6,7,8,17",0,100,5,105,RR-B-5-a,Rearrangement
102,103,ts_4_2_S-F-1,25,C9H13Br2N,"1,6,7,35",0,100,5,105,S-F-1,Substitution
103,104,ts_4_3_A-I-1,27,C10H14N2O,"1,6,7,8",1,98,5,103,A-I-1,Addition
104,105,ts_5_1_A-E-5,26,C10H14OS,"1,6,8,16",0,99,5,104,A-E-5,Addition
105,106,ts_5_1_A-E-10,21,C6H12O3,"1,6,8",1,99,5,104,A-E-10,Addition
106,107,ts_5_1_A-E-22,21,C5H11BrO3S,"1,6,8,16,35",0,100,5,105,A-E-22,Addition
107,108,ts_5_1_A-E-25,28,C10H13ClO3S,"1,6,8,16,17",0,100,5,105,A-E-25,Addition
108,109,ts_5_1_A-I-4,15,C3H8N2OS,"1,6,7,8,16",0,100,5,105,A-I-4,Addition
109,110,ts_5_1_E-2-b,15,C4H5NO5,"1,6,7,8",1,92,5,97,E-2-b,Addition
110,111,ts_5_1_NO2-A-2-d,29,C10H13NO5,"1,6,7,8",1,95,5,100,NO2-A-2-d,Addition
111,112,ts_5_1_NO2-A-7-d,28,C9H13NO4S,"1,6,7,8,16",0,100,5,105,NO2-A-7-d,Addition
112,113,ts_5_1_NO2-A-11-e,25,C8H12N2O3,"1,6,7,8",1,100,5,105,NO2-A-11-e,Addition
113,114,ts_5_1_NO2-B-2-d,27,C10H12BrNO3,"1,6,7,8,35",0,97,5,102,NO2-B-2-d,Addition
114,115,ts_5_1_R-A-4,25,C7H15ClO2,"1,6,8,17",0,100,5,105,R-A-4,Cyclization
115,116,ts_5_1_R-B-4,15,C5H8ClN,"1,6,7,17",0,100,5,105,R-B-4,Cyclization
116,117,ts_5_1_RR-A-3-a,28,C14H11BrO2,"1,6,8,35",0,96,5,101,RR-A-3-a,Rearrangement
117,118,ts_5_1_S-B-11,29,C10H13NO5,"1,6,7,8",1,90,5,95,S-B-11,Substitution
118,119,ts_5_1_S-C-15,30,C12H15NO2,"1,6,7,8",1,100,5,105,S-C-15,Substitution
119,120,ts_5_1_S-D-8,17,C4H8N2O3,"1,6,7,8",1,95,5,100,S-D-8,Substitution
120,121,ts_5_1_S-D-13,28,C9H13NO4S,"1,6,7,8,16",0,97,5,102,S-D-13,Substitution
121,122,ts_5_2_A-I-2,33,C15H15NO2,"1,6,7,8",1,60,2,62,A-I-2,Addition
122,123,ts_5_2_S-D-9,21,C4H11NO4S,"1,6,7,8,16",0,98,5,103,S-D-9,Substitution
123,124,ts_5_3_S-C-10,35,C14H16O4S,"1,6,8,16",0,61,2,63,S-C-10,Substitution
124,125,ts_6_1_A-E-4,16,C4H10OS,"1,6,8,16",0,99,5,104,A-E-4,Addition
125,126,ts_6_1_A-E-18,28,C11H14O3,"1,6,8",1,98,5,103,A-E-18,Addition
126,127,ts_6_1_A-H-1,16,C4H9NO2,"1,6,7,8",1,98,5,103,A-H-1,Addition
127,128,ts_6_1_NO2-A-1-c,22,C5H11NO5,"1,6,7,8",1,98,5,103,NO2-A-1-c,Addition
128,129,ts_6_1_NO2-A-3-e,18,C4H9NO4,"1,6,7,8",1,97,5,102,NO2-A-3-e,Addition
129,130,ts_6_1_NO2-A-12-e,17,C4H8N2O3,"1,6,7,8",1,91,5,96,NO2-A-12-e,Addition
130,131,ts_6_1_NO2-B-3-d,20,C5H11NO3,"1,6,7,8",1,96,5,101,NO2-B-3-d,Addition
131,132,ts_6_1_NO2-B-8-e,24,C5H13NO4S,"1,6,7,8,16",0,100,5,105,NO2-B-8-e,Addition
132,133,ts_6_1_NO2-C-3-e,26,C10H11NO4,"1,6,7,8",1,96,5,101,NO2-C-3-e,Addition
133,134,ts_6_1_R-A-1,12,C3H6BrClO,"1,6,8,17,35",0,100,5,105,R-A-1,Cyclization
134,135,ts_6_1_R-B-5,22,C7H12N2O,"1,6,7,8",1,99,5,104,R-B-5,Cyclization
135,136,ts_6_1_R-B-15-a,21,C6H11ClO3,"1,6,8,17",0,100,5,105,R-B-15-a,Rearrangement
136,137,ts_6_1_S-A-2,28,C10H12ClNO4,"1,6,7,8,17",0,96,5,101,S-A-2,Substitution
137,138,ts_6_1_S-A-17,19,C4H11NO3,"1,6,7,8",1,99,5,104,S-A-17,Substitution
138,139,ts_6_1_S-C-4,30,C10H14N2O4,"1,6,7,8",1,94,5,99,S-C-4,Substitution
139,140,ts_6_1_S-C-15,30,C12H15NO2,"1,6,7,8",1,100,5,105,S-C-15,Substitution
140,141,ts_6_1_S-G-2,17,C2H7ClO6S,"1,6,8,16,17",0,100,5,105,S-G-2,Substitution
141,142,ts_6_2_A-E-5,26,C10H14OS,"1,6,8,16",0,99,5,104,A-E-5,Addition
142,143,ts_6_2_A-E-26,26,C10H13ClOS,"1,6,8,16,17",0,100,5,105,A-E-26,Addition
143,144,ts_6_2_A-F-1,19,C5H9ClO3S,"1,6,8,16,17",0,97,5,102,A-F-1,Addition
144,145,ts_6_2_S-A-9,26,C7H13ClO5,"1,6,8,17",0,97,5,102,S-A-9,Substitution
145,146,ts_6_2_S-C-7,24,C8H9ClO5S,"1,6,8,16,17",0,94,5,99,S-C-7,Substitution
146,147,ts_6_2_S-C-10,34,C14H14O5S,"1,6,8,16",0,96,2,98,S-C-10,Substitution
147,148,ts_6_2_S-D-10,21,C4H9NO6S,"1,6,7,8,16",0,94,5,99,S-D-10,Substitution
148,149,ts_6_2_S-G-4,21,C3H10O7S,"1,6,8,16",0,100,5,105,S-G-4,Substitution
149,150,ts_7_1_A-E-8,17,C5H10O2,"1,6,8",1,99,5,104,A-E-8,Addition
150,151,ts_7_1_A-I-1,25,C10H11NO3,"1,6,7,8",1,96,5,101,A-I-1,Addition
151,152,ts_7_1_NO2-A-6-a,20,C4H9NO5S,"1,6,7,8,16",0,95,5,100,NO2-A-6-a,Substitution
152,153,ts_7_1_NO2-A-10-c,14,C2H6N2O4,"1,6,7,8",1,99,5,104,NO2-A-10-c,Addition
153,154,ts_7_1_NO2-A-11-b,21,C8H8N2O3,"1,6,7,8",1,98,5,103,NO2-A-11-b,Rearrangement
154,155,ts_7_1_NO2-B-7-e,29,C10H13NO4S,"1,6,7,8,16",0,99,5,104,NO2-B-7-e,Addition
155,156,ts_7_1_NO2-C-3-e,26,C10H11NO4,"1,6,7,8",1,96,5,101,NO2-C-3-e,Addition
156,157,ts_7_1_R-B-9,28,C9H15FO3,"1,6,8,9",0,98,5,103,R-B-9,Cyclization
157,158,ts_7_1_R-B-12,23,C8H14O,"1,6,8",1,100,5,105,R-B-12,Cyclization
158,159,ts_7_1_RR-A-13-c,29,C12H14O3,"1,6,8",1,96,5,101,RR-A-13-c,Rearrangement
159,160,ts_7_1_RR-B-7-a,18,C4H9NO4,"1,6,7,8",1,97,5,102,RR-B-7-a,Rearrangement
160,161,ts_7_1_RR-B-8-a,29,C10H13NO5,"1,6,7,8",1,98,5,103,RR-B-8-a,Rearrangement
161,162,ts_7_1_S-A-3,28,C10H12BrNO4,"1,6,7,8,35",0,92,5,97,S-A-3,Substitution
162,163,ts_7_1_S-A-10,28,C7H15NO5,"1,6,7,8",1,97,5,102,S-A-10,Substitution
163,164,ts_7_1_S-A-12,27,C8H12O7,"1,6,8",1,90,5,95,S-A-12,Substitution
164,165,ts_7_1_S-A-14,17,C4H7ClO4S,"1,6,8,16,17",0,96,5,101,S-A-14,Substitution
165,166,ts_7_1_S-A-24,28,C9H16Cl2O,"1,6,8,17",0,100,5,105,S-A-24,Substitution
166,167,ts_7_1_S-C-10,34,C14H14O5S,"1,6,8,16",0,95,2,97,S-C-10,Substitution
167,168,ts_7_2_S-C-7,24,C8H9ClO5S,"1,6,8,16,17",0,95,5,100,S-C-7,Substitution
168,169,ts_8_1_A-E-22,20,C5H9BrO4S,"1,6,8,16,35",0,100,5,105,A-E-22,Addition
169,170,ts_8_1_A-F-3,25,C10H9ClO4S,"1,6,8,16,17",0,98,5,103,A-F-3,Addition
170,171,ts_8_1_A-I-5,46,C22H20N2O2,"1,6,7,8",1,66,2,68,A-I-5,Addition
171,172,ts_8_1_NO2-A-2-d,28,C10H11NO6,"1,6,7,8",1,96,5,101,NO2-A-2-d,Addition
172,173,ts_8_1_NO2-A-5-a,25,C6H12N2O5,"1,6,7,8",1,99,5,104,NO2-A-5-a,Substitution
173,174,ts_8_1_NO2-A-5-e,27,C7H14N2O4,"1,6,7,8",1,97,5,102,NO2-A-5-e,Addition
174,175,ts_8_1_NO2-A-6-d,20,C4H9NO5S,"1,6,7,8,16",0,97,5,102,NO2-A-6-d,Addition
175,176,ts_8_1_NO2-A-12-e,16,C4H6N2O4,"1,6,7,8",1,93,5,98,NO2-A-12-e,Addition
176,177,ts_8_1_NO2-B-11-b,23,C9H10N2O2,"1,6,7,8",1,98,5,103,NO2-B-11-b,Addition
177,178,ts_8_1_NO2-B-12-e,20,C6H10N2O2,"1,6,7,8",1,94,5,99,NO2-B-12-e,Addition
178,179,ts_8_1_R-A-1,14,C3H8ClNO,"1,6,7,8,17",0,100,5,105,R-A-1,Cyclization
179,180,ts_8_1_RR-A-2-b,29,C11H13NO4,"1,6,7,8",1,98,5,103,RR-A-2-b,Rearrangement
180,181,ts_8_1_RR-A-8-c,18,C5H9NO3,"1,6,7,8",1,97,5,102,RR-A-8-c,Rearrangement
181,182,ts_8_1_RR-A-10,29,C10H16O3,"1,6,8",1,99,5,104,RR-A-10,Rearrangement
182,183,ts_8_1_RR-A-13-a,29,C12H14O3,"1,6,8",1,99,5,104,RR-A-13-a,Rearrangement
183,184,ts_8_1_S-B-11,28,C10H11NO6,"1,6,7,8",1,97,5,102,S-B-11,Substitution
184,185,ts_8_1_S-B-13,39,C16H16N2O5,"1,6,7,8",1,67,2,69,S-B-13,Substitution
185,186,ts_8_1_S-C-3,22,C7H10N2O3,"1,6,7,8",1,100,5,105,S-C-3,Substitution
186,187,ts_8_1_S-C-4,32,C11H16N2O3,"1,6,7,8",1,100,5,105,S-C-4,Substitution
187,188,ts_8_1_S-C-10,36,C15H16O4S,"1,6,8,16",0,69,2,71,S-C-10,Substitution
188,189,ts_8_1_S-C-12,25,C9H11NO4,"1,6,7,8",1,95,5,100,S-C-12,Substitution
189,190,ts_8_1_S-D-2,17,C3H7NO6,"1,6,7,8",1,95,5,100,S-D-2,Substitution
190,191,ts_8_1_S-D-11,24,C5H11NO6S,"1,6,7,8,16",0,96,5,101,S-D-11,Substitution
191,192,ts_8_1_S-D-12,28,C6H14N2O5S,"1,6,7,8,16",0,97,5,102,S-D-12,Substitution
192,193,ts_8_1_S-D-13,29,C10H13NO4S,"1,6,7,8,16",0,95,5,100,S-D-13,Substitution
193,194,ts_8_1_S-G-2,16,C2H5ClO7S,"1,6,8,16,17",0,98,5,103,S-G-2,Substitution
194,195,ts_8_2_A-E-1,14,C4H7ClO2,"1,6,8,17",0,100,5,105,A-E-1,Addition
195,196,ts_8_2_A-E-22,20,C5H9BrO4S,"1,6,8,16,35",0,98,5,103,A-E-22,Addition
196,197,ts_8_2_A-F-3,25,C10H9ClO4S,"1,6,8,16,17",0,98,5,103,A-F-3,Addition
197,198,ts_8_2_RR-B-7-a,18,C4H9NO4,"1,6,7,8",1,93,5,98,RR-B-7-a,Rearrangement
198,199,ts_8_2_S-C-11,22,C9H10Cl2O,"1,6,8,17",0,98,5,103,S-C-11,Substitution
199,200,ts_8_2_S-D-10,23,C5H11NO5S,"1,6,7,8,16",0,96,5,101,S-D-10,Substitution
200,201,ts_8_2_S-G-2,16,C2H5ClO7S,"1,6,8,16,17",0,98,5,103,S-G-2,Substitution
201,202,ts_8_3_A-I-2,32,C15H13NO3,"1,6,7,8",1,68,2,70,A-I-2,Addition
202,203,ts_8_3_S-B-8,19,C5H9NO4,"1,6,7,8",1,94,5,99,S-B-8,Substitution
203,204,ts_9_1_A-E-2,14,C4H8O2,"1,6,8",1,99,5,104,A-E-2,Addition
204,205,ts_9_1_A-E-20,16,C5H9BrO,"1,6,8,35",0,99,5,104,A-E-20,Addition
205,206,ts_9_1_A-E-26,27,C11H13ClOS,"1,6,8,16,17",0,98,5,103,A-E-26,Addition
206,207,ts_9_1_NO2-A-1-c,23,C6H11NO5,"1,6,7,8",1,97,5,102,NO2-A-1-c,Addition
207,208,ts_9_1_NO2-A-4-a,29,C11H13NO4,"1,6,7,8",1,97,5,102,NO2-A-4-a,Substitution
208,209,ts_9_1_NO2-A-4-b,26,C11H11NO3,"1,6,7,8",1,98,5,103,NO2-A-4-b,Rearrangement
209,210,ts_9_1_NO2-B-3-d,21,C6H11NO3,"1,6,7,8",1,96,5,101,NO2-B-3-d,Addition
210,211,ts_9_1_NO2-B-7-d,31,C11H15NO3S,"1,6,7,8,16",0,99,5,104,NO2-B-7-d,Addition
211,212,ts_9_1_NO2-B-8-e,25,C6H13NO4S,"1,6,7,8,16",0,98,5,103,NO2-B-8-e,Addition
212,213,ts_9_1_NO2-B-12-e,20,C6H10N2O2,"1,6,7,8",1,96,5,101,NO2-B-12-e,Addition
213,214,ts_9_1_NO2-C-12-e,27,C11H12N2O2,"1,6,7,8",1,93,5,98,NO2-C-12-e,Addition
214,215,ts_9_1_R-B-14,27,C8H14O5,"1,6,8",1,97,5,102,R-B-14,Cyclization
215,216,ts_9_1_R-B-15-a,22,C7H11ClO3,"1,6,8,17",0,98,5,103,R-B-15-a,Rearrangement
216,217,ts_9_1_RR-A-6,25,C11H12O2,"1,6,8",1,98,5,103,RR-A-6,Rearrangement
217,218,ts_9_1_RR-A-18,31,C13H16O2,"1,6,8",1,98,5,103,RR-A-18,Rearrangement
218,219,ts_9_1_RR-B-5-a,17,C5H8ClNO2,"1,6,7,8,17",0,97,5,102,RR-B-5-a,Rearrangement
219,220,ts_9_1_S-A-9,28,C8H15ClO4,"1,6,8,17",0,97,5,102,S-A-9,Substitution
220,221,ts_9_1_S-A-18,22,C6H10ClNO4,"1,6,7,8,17",0,95,5,100,S-A-18,Substitution
221,222,ts_9_1_S-B-8,19,C5H9NO4,"1,6,7,8",1,92,5,97,S-B-8,Substitution
222,223,ts_9_1_S-B-12,29,C11H13NO4,"1,6,7,8",1,92,5,97,S-B-12,Substitution
223,224,ts_9_1_S-F-1,30,C11H16BrNO,"1,6,7,8,35",0,99,5,104,S-F-1,Substitution
224,225,ts_9_1_S-F-2,17,C3H7Cl2NO3S,"1,6,7,8,16,17",0,98,5,103,S-F-2,Substitution
225,226,ts_9_1_S-G-4,20,C3H8O8S,"1,6,8,16",0,97,5,102,S-G-4,Substitution
226,227,ts_9_2_A-E-1,16,C5H9ClO,"1,6,8,17",0,100,5,105,A-E-1,Addition
227,228,ts_9_2_A-E-11,20,C6H11NO2,"1,6,7,8",1,99,5,104,A-E-11,Addition
228,229,ts_9_2_A-E-22,22,C6H11BrO3S,"1,6,8,16,35",0,98,5,103,A-E-22,Addition
229,230,ts_9_2_A-I-2,34,C16H15NO2,"1,6,7,8",1,0,2,2,A-I-2,Addition
230,231,ts_9_2_R-A-11,17,C5H9BrO2,"1,6,8,35",0,100,5,105,R-A-11,Cyclization
231,232,ts_9_2_S-D-9,22,C5H11NO4S,"1,6,7,8,16",0,98,5,103,S-D-9,Substitution
232,233,ts_9_2_S-G-4,20,C3H8O8S,"1,6,8,16",0,97,5,102,S-G-4,Substitution
233,234,ts_10_1_A-E-2,17,C5H10O2,"1,6,8",1,98,5,103,A-E-2,Addition
234,235,ts_10_1_A-E-6,18,C5H10BrNO,"1,6,7,8,35",0,98,5,103,A-E-6,Addition
235,236,ts_10_1_A-E-17,17,C5H8ClNO2,"1,6,7,8,17",0,100,5,105,A-E-17,Addition
236,237,ts_10_1_A-F-1,20,C6H9ClO3S,"1,6,8,16,17",0,99,5,104,A-F-1,Addition
237,238,ts_10_1_A-I-3,16,C4H8N2O2,"1,6,7,8",1,94,5,99,A-I-3,Addition
238,239,ts_10_1_NO2-A-1-c,23,C6H11NO5,"1,6,7,8",1,100,5,105,NO2-A-1-c,Addition
239,240,ts_10_1_NO2-A-2-c,30,C11H13NO5,"1,6,7,8",1,92,5,97,NO2-A-2-c,Addition
240,241,ts_10_1_NO2-A-3-b,16,C5H7NO3,"1,6,7,8",1,98,5,103,NO2-A-3-b,Rearrangement
241,242,ts_10_1_NO2-A-4-b,26,C11H11NO3,"1,6,7,8",1,95,5,100,NO2-A-4-b,Rearrangement
242,243,ts_10_1_NO2-A-5-a,27,C7H14N2O4,"1,6,7,8",1,94,5,99,NO2-A-5-a,Substitution
243,244,ts_10_1_NO2-A-10-b,13,C3H6N2O2,"1,6,7,8",1,98,5,103,NO2-A-10-b,Rearrangement
244,245,ts_10_1_NO2-A-11-b,23,C9H10N2O2,"1,6,7,8",1,99,5,104,NO2-A-11-b,Rearrangement
245,246,ts_10_1_NO2-A-12-d,18,C5H8N2O3,"1,6,7,8",1,87,5,92,NO2-A-12-d,Addition
246,247,ts_10_1_NO2-B-3-d,21,C6H11NO3,"1,6,7,8",1,98,5,103,NO2-B-3-d,Addition
247,248,ts_10_1_NO2-B-8-d,25,C6H13NO4S,"1,6,7,8,16",0,96,5,101,NO2-B-8-d,Addition
248,249,ts_10_1_NO2-B-11-d,28,C10H14N2O2,"1,6,7,8",1,97,5,102,NO2-B-11-d,Addition
249,250,ts_10_1_NO2-C-3-e,26,C10H13NO2,"1,6,7,8",1,97,5,102,NO2-C-3-e,Addition
250,251,ts_10_1_R-B-2,18,C7H10O,"1,6,8",1,100,5,105,R-B-2,Cyclization
251,252,ts_10_1_RR-A-18,31,C13H16O2,"1,6,8",1,98,5,103,RR-A-18,Rearrangement
252,253,ts_10_1_S-A-4,20,C4H10N2O4,"1,6,7,8",1,97,5,102,S-A-4,Substitution
253,254,ts_10_1_S-A-16,24,C10H10ClNOS,"1,6,7,8,16,17",0,96,5,101,S-A-16,Substitution
254,255,ts_10_1_S-A-17,20,C5H11NO3,"1,6,7,8",1,94,5,99,S-A-17,Substitution
255,256,ts_10_1_S-A-18,22,C5H11ClN2O3,"1,6,7,8,17",0,98,5,103,S-A-18,Substitution
256,257,ts_10_1_S-B-3-a,13,C4H6O3,"1,6,8",1,98,5,103,S-B-3-a,Rearrangement
257,258,ts_10_1_S-B-4-a,23,C10H10O3,"1,6,8",1,97,5,102,S-B-4-a,Rearrangement
258,259,ts_10_1_S-C-4,32,C10H17N3O2,"1,6,7,8",1,100,5,105,S-C-4,Substitution
259,260,ts_10_1_S-D-2,19,C4H9NO5,"1,6,7,8",1,95,5,100,S-D-2,Substitution
260,261,ts_10_1_S-D-11,22,C4H11NO5S,"1,6,7,8,16",0,99,5,104,S-D-11,Substitution
261,262,ts_10_1_S-D-16,40,C15H18N2O4S,"1,6,7,8,16",0,78,2,80,S-D-16,Substitution
262,263,ts_10_1_S-G-2,18,C3H7ClO6S,"1,6,8,16,17",0,98,5,103,S-G-2,Substitution
263,264,ts_10_2_A-E-23,18,C5H8Br2O2S,"1,6,8,16,35",0,99,5,104,A-E-23,Addition
264,265,ts_10_2_A-I-1,27,C11H13NO2,"1,6,7,8",1,96,5,101,A-I-1,Addition
265,266,ts_10_2_NO2-A-9-a,20,C3H11N3O3,"1,6,7,8",1,96,5,101,NO2-A-9-a,Substitution
266,267,ts_10_2_S-C-13,39,C16H20N2O,"1,6,7,8",1,79,2,81,S-C-13,Substitution
267,268,ts_10_2_S-F-1,27,C10H14BrNO,"1,6,7,8,35",0,97,5,102,S-F-1,Substitution
268,269,ts_10_3_S-C-7,26,C8H12ClNO3S,"1,6,7,8,16,17",0,100,5,105,S-C-7,Substitution
269,270,ts_10_3_S-C-10,36,C14H17NO3S,"1,6,7,8,16",0,80,2,82,S-C-10,Substitution
270,271,ts_11_1_A-E-1,14,C4H9Cl,"1,6,17",0,100,5,105,A-E-1,Addition
271,272,ts_11_1_A-E-6,21,C6H11NO3,"1,6,7,8",1,100,5,105,A-E-6,Addition
272,273,ts_11_1_A-E-14,17,C4H7ClO4S,"1,6,8,16,17",0,99,5,104,A-E-14,Addition
273,274,ts_11_1_A-I-4,14,C3H8N2S,"1,6,7,16",0,100,5,105,A-I-4,Addition
274,275,ts_11_1_E-1,16,C4H7NO4,"1,6,7,8",1,98,5,103,E-1,Addition
275,276,ts_11_1_NO2-A-1-a,21,C5H11NO4,"1,6,7,8",1,97,5,102,NO2-A-1-a,Substitution
276,277,ts_11_1_NO2-A-1-c,21,C5H11NO4,"1,6,7,8",1,100,5,105,NO2-A-1-c,Addition
277,278,ts_11_1_NO2-A-2-a,28,C10H13NO4,"1,6,7,8",1,94,5,99,NO2-A-2-a,Substitution
278,279,ts_11_1_NO2-A-3-e,17,C4H9NO3,"1,6,7,8",1,99,5,104,NO2-A-3-e,Addition
279,280,ts_11_1_NO2-A-5-d,25,C6H12N2O5,"1,6,7,8",1,96,5,101,NO2-A-5-d,Addition
280,281,ts_11_1_NO2-A-6-e,20,C4H11NO3S,"1,6,7,8,16",0,100,5,105,NO2-A-6-e,Addition
281,282,ts_11_1_R-A-10,15,C4H9FO,"1,6,8,9",0,100,5,105,R-A-10,Cyclization
282,283,ts_11_1_RR-A-4,18,C6H12,"1,6",1,100,5,105,RR-A-4,Rearrangement
283,284,ts_11_1_RR-A-6,23,C10H12O,"1,6,8",1,98,5,103,RR-A-6,Rearrangement
284,285,ts_11_1_RR-A-13-a,29,C12H16O,"1,6,8",1,98,5,103,RR-A-13-a,Rearrangement
285,286,ts_11_1_RR-A-18,29,C12H16O,"1,6,8",1,100,5,105,RR-A-18,Rearrangement
286,287,ts_11_1_S-A-5,20,C5H11ClO3,"1,6,8,17",0,100,5,105,S-A-5,Substitution
287,288,ts_11_1_S-A-7,14,C2H3Cl2NO6,"1,6,7,8,17",0,94,5,99,S-A-7,Substitution
288,289,ts_11_1_S-D-16,42,C15H19N3O4S,"1,6,7,8,16",0,78,2,80,S-D-16,Substitution
289,290,ts_11_1_S-F-2,17,C2H8Cl2N2O2S,"1,6,7,8,16,17",0,100,5,105,S-F-2,Substitution
290,291,ts_11_1_S-F-3,19,C2H10ClN3O2S,"1,6,7,8,16,17",0,100,5,105,S-F-3,Substitution
291,292,ts_11_1_S-F-4,22,C4H13N3O2,"1,6,7,8",1,100,5,105,S-F-4,Substitution
292,293,ts_11_1_S-H-2,18,C2H5Cl6O3PS,"1,6,8,15,16,17",0,100,5,105,S-H-2,Substitution
293,294,ts_11_2_A-I-1,27,C10H14N2O,"1,6,7,8",1,98,5,103,A-I-1,Addition
294,295,ts_11_2_NO2-A-6-a,20,C4H11NO3S,"1,6,7,8,16",0,100,5,105,NO2-A-6-a,Substitution
295,296,ts_11_2_S-C-10,34,C14H16O3S,"1,6,8,16",0,80,2,82,S-C-10,Substitution
296,297,ts_11_3_A-I-1,27,C10H14N2O,"1,6,7,8",1,100,5,105,A-I-1,Addition
297,298,ts_11_3_S-C-10,34,C14H16O3S,"1,6,8,16",0,80,2,82,S-C-10,Substitution
298,299,ts_12_1_A-A-2,20,C7H8FNO3,"1,6,7,8,9",0,100,5,105,A-A-2,Addition
299,300,ts_12_1_A-E-16,12,C3H7ClS,"1,6,16,17",0,100,5,105,A-E-16,Addition
300,301,ts_12_1_A-E-19,29,C11H15NO2,"1,6,7,8",1,99,5,104,A-E-19,Addition
301,302,ts_12_1_NO2-A-4-b,26,C10H12N2O2,"1,6,7,8",1,98,5,103,NO2-A-4-b,Rearrangement
302,303,ts_12_1_NO2-A-7-b,26,C9H12N2O2S,"1,6,7,8,16",0,100,5,105,NO2-A-7-b,Rearrangement
303,304,ts_12_1_NO2-A-9-d,20,C3H11N3O3,"1,6,7,8",1,99,5,104,NO2-A-9-d,Addition
304,305,ts_12_1_NO2-A-11-d,28,C9H12N2O5,"1,6,7,8",1,98,5,103,NO2-A-11-d,Addition
305,306,ts_12_1_NO2-C-8-e,27,C9H12ClNO3S,"1,6,7,8,16,17",0,100,5,105,NO2-C-8-e,Addition
306,307,ts_12_1_RR-A-2-b,27,C11H10O6,"1,6,8",1,95,5,100,RR-A-2-b,Rearrangement
307,308,ts_12_1_RR-A-10,31,C10H19NO,"1,6,7,8",1,100,5,105,RR-A-10,Rearrangement
308,309,ts_12_1_RR-B-5-a,17,C4H9ClN2O,"1,6,7,8,17",0,99,5,104,RR-B-5-a,Rearrangement
309,310,ts_12_1_RR-B-8-a,26,C9H12ClNO3,"1,6,7,8,17",0,99,5,104,RR-B-8-a,Rearrangement
310,311,ts_12_1_S-A-5,17,C4H8Cl2O3,"1,6,8,17",0,98,5,103,S-A-5,Substitution
311,312,ts_12_1_S-A-15,26,C9H12FNO3,"1,6,7,8,9",0,99,5,104,S-A-15,Substitution
312,313,ts_12_1_S-A-18,17,C4H7Cl2NO3,"1,6,7,8,17",0,98,5,103,S-A-18,Substitution
313,314,ts_12_1_S-B-3-b,12,C3H5Br2ClO,"1,6,8,17,35",0,100,5,105,S-B-3-b,Rearrangement
314,315,ts_12_1_S-C-10,31,C13H13ClO3S,"1,6,8,16,17",0,80,2,82,S-C-10,Substitution
315,316,ts_12_1_S-D-12,23,C4H11ClN2O4S,"1,6,7,8,16,17",0,100,5,105,S-D-12,Substitution
316,317,ts_12_1_S-F-4,17,C3H9ClN2O2,"1,6,7,8,17",0,98,5,103,S-F-4,Substitution
317,318,ts_12_1_S-G-2,16,C2H7ClO5S,"1,6,8,16,17",0,99,5,104,S-G-2,Substitution
318,319,ts_12_1_S-G-5,18,C2H10N2O3S,"1,6,7,8,16",0,100,5,105,S-G-5,Substitution
319,320,ts_12_2_A-E-11,20,C5H12N2O,"1,6,7,8",1,99,5,104,A-E-11,Addition
320,321,ts_12_2_S-C-10,31,C13H13ClO3S,"1,6,8,16,17",0,80,2,82,S-C-10,Substitution
321,322,ts_12_3_S-C-7,21,C7H8Cl2O3S,"1,6,8,16,17",0,100,5,105,S-C-7,Substitution
322,323,ts_13_1_A-E-5,22,C9H11ClS,"1,6,16,17",0,100,5,105,A-E-5,Addition
323,324,ts_13_1_A-E-11,15,C4H8ClNO,"1,6,7,8,17",0,99,5,104,A-E-11,Addition
324,325,ts_13_1_A-E-15,13,C3H5Cl3OS,"1,6,8,16,17",0,100,5,105,A-E-15,Addition
325,326,ts_13_1_A-E-18,24,C10H11ClO2,"1,6,8,17",0,99,5,104,A-E-18,Addition
326,327,ts_13_1_A-E-24,12,C3H6BrFS,"1,6,9,16,35",0,100,5,105,A-E-24,Addition
327,328,ts_13_1_E-1,16,C4H7NO4,"1,6,7,8",1,98,5,103,E-1,Addition
328,329,ts_13_1_E-2-b,16,C4H7NO4,"1,6,7,8",1,97,5,102,E-2-b,Addition
329,330,ts_13_1_NO2-A-2-a,25,C9H10ClNO4,"1,6,7,8,17",0,99,5,104,NO2-A-2-a,Substitution
330,331,ts_13_1_NO2-A-4-a,24,C9H10ClNO3,"1,6,7,8,17",0,98,5,103,NO2-A-4-a,Substitution
331,332,ts_13_1_NO2-A-6-b,14,C3H6ClNO2S,"1,6,7,8,16,17",0,100,5,105,NO2-A-6-b,Rearrangement
332,333,ts_13_1_NO2-A-6-e,17,C3H8ClNO3S,"1,6,7,8,16,17",0,100,5,105,NO2-A-6-e,Addition
333,334,ts_13_1_NO2-A-11-b,18,C7H7ClN2O,"1,6,7,8,17",0,100,5,105,NO2-A-11-b,Rearrangement
334,335,ts_13_1_NO2-B-11-c,23,C8H11ClN2O,"1,6,7,8,17",0,100,5,105,NO2-B-11-c,Addition
335,336,ts_13_1_R-A-8,23,C6H14FNO,"1,6,7,8,9",0,100,5,105,R-A-8,Cyclization
336,337,ts_13_1_R-A-10,12,C3H6ClFO,"1,6,8,9,17",0,100,5,105,R-A-10,Cyclization
337,338,ts_13_1_R-B-10,13,C4H7ClO,"1,6,8,17",0,100,5,105,R-B-10,Cyclization
338,339,ts_13_1_RR-A-1,13,C4H7ClO,"1,6,8,17",0,100,5,105,RR-A-1,Rearrangement
339,340,ts_13_1_RR-A-18,26,C11H13ClO,"1,6,8,17",0,100,5,105,RR-A-18,Rearrangement
340,341,ts_13_1_RR-B-8-a,28,C9H14N2O3,"1,6,7,8",1,99,5,104,RR-B-8-a,Rearrangement
341,342,ts_13_1_S-A-15,26,C9H12BrNO3,"1,6,7,8,35",0,98,5,103,S-A-15,Substitution
342,343,ts_13_1_S-A-19,11,C2H5BrClNO,"1,6,7,8,17,35",0,97,5,102,S-A-19,Substitution
343,344,ts_13_1_S-C-10,33,C13H15NO3S,"1,6,7,8,16",0,80,2,82,S-C-10,Substitution
344,345,ts_13_1_S-C-15,26,C11H12ClNO,"1,6,7,8,17",0,100,5,105,S-C-15,Substitution
345,346,ts_13_1_S-D-2,14,C2H6ClNO4,"1,6,7,8,17",0,97,5,102,S-D-2,Substitution
346,347,ts_13_1_S-D-9,17,C3H8BrNO3S,"1,6,7,8,16,35",0,99,5,104,S-D-9,Substitution
347,348,ts_13_2_A-E-9,23,C10H11ClO,"1,6,8,17",0,100,5,105,A-E-9,Addition
348,349,ts_13_2_R-A-10,12,C3H6ClFO,"1,6,8,9,17",0,100,5,105,R-A-10,Cyclization
349,350,ts_13_3_S-C-13,36,C15H18N2O,"1,6,7,8",1,80,2,82,S-C-13,Substitution
350,351,ts_14_1_A-D-2,23,C7H11BrO4,"1,6,8,35",0,96,5,101,A-D-2,Addition
351,352,ts_14_1_A-E-18,24,C10H11BrO2,"1,6,8,35",0,96,5,101,A-E-18,Addition
352,353,ts_14_1_A-E-20,11,C3H6Br2,"1,6,35",0,100,5,105,A-E-20,Addition
353,354,ts_14_1_A-E-23,13,C3H5Br3OS,"1,6,8,16,35",0,99,5,104,A-E-23,Addition
354,355,ts_14_1_A-I-1,24,C9H12N2O,"1,6,7,8",1,98,5,103,A-I-1,Addition
355,356,ts_14_1_E-2-b,16,C4H7NO4,"1,6,7,8",1,97,5,102,E-2-b,Addition
356,357,ts_14_1_NO2-A-7-b,21,C8H8BrNO2S,"1,6,7,8,16,35",0,100,5,105,NO2-A-7-b,Rearrangement
357,358,ts_14_1_NO2-A-9-a,15,C2H7FN2O3,"1,6,7,8,9",0,96,5,101,NO2-A-9-a,Substitution
358,359,ts_14_1_NO2-A-9-b,12,C2H5BrN2O2,"1,6,7,8,35",0,100,5,105,NO2-A-9-b,Rearrangement
359,360,ts_14_1_NO2-A-9-e,15,C2H7BrN2O3,"1,6,7,8,35",0,100,5,105,NO2-A-9-e,Addition
360,361,ts_14_1_NO2-A-11-e,21,C7H9BrN2O2,"1,6,7,8,35",0,99,5,104,NO2-A-11-e,Addition
361,362,ts_14_1_NO2-A-12-d,13,C3H5BrN2O2,"1,6,7,8,35",0,93,5,98,NO2-A-12-d,Addition
362,363,ts_14_1_NO2-B-7-d,26,C9H12BrNO2S,"1,6,7,8,16,35",0,100,5,105,NO2-B-7-d,Addition
363,364,ts_14_1_NO2-B-8-e,20,C4H10BrNO3S,"1,6,7,8,16,35",0,99,5,104,NO2-B-8-e,Addition
364,365,ts_14_1_NO2-B-11-b,20,C8H9BrN2,"1,6,7,35",0,100,5,105,NO2-B-11-b,Addition
365,366,ts_14_1_R-A-4,23,C6H14ClNO,"1,6,7,8,17",0,100,5,105,R-A-4,Cyclization
366,367,ts_14_1_R-A-6,22,C5H14N2O,"1,6,7,8",1,100,5,105,R-A-6,Cyclization
367,368,ts_14_1_R-B-13,23,C8H11NO3,"1,6,7,8",1,99,5,104,R-B-13,Cyclization
368,369,ts_14_1_RR-A-3-b,30,C14H13NO2,"1,6,7,8",1,96,5,101,RR-A-3-b,Rearrangement
369,370,ts_14_1_RR-A-6,20,C9H9BrO,"1,6,8,35",0,100,5,105,RR-A-6,Rearrangement
370,371,ts_14_1_RR-A-10,26,C9H15BrO,"1,6,8,35",0,100,5,105,RR-A-10,Rearrangement
371,372,ts_14_1_S-A-7,12,C2H3Cl2FO4,"1,6,8,9,17",0,96,5,101,S-A-7,Substitution
372,373,ts_14_1_S-A-10,25,C6H14FNO3,"1,6,7,8,9",0,99,5,104,S-A-10,Substitution
373,374,ts_14_1_S-A-18,17,C4H7ClFNO3,"1,6,7,8,9,17",0,97,5,102,S-A-18,Substitution
374,375,ts_14_1_S-A-25,47,C24H20ClNO,"1,6,7,8,17",0,75,2,77,S-A-25,Substitution
375,376,ts_14_1_S-B-4-b,23,C10H9Br2NO,"1,6,7,8,35",0,95,5,100,S-B-4-b,Rearrangement
376,377,ts_14_1_S-C-4,27,C9H13FN2O2,"1,6,7,8,9",0,100,5,105,S-C-4,Substitution
377,378,ts_14_1_S-C-12,20,C7H8FNO3,"1,6,7,8,9",0,96,5,101,S-C-12,Substitution
378,379,ts_14_1_S-C-13,34,C15H16FNO,"1,6,7,8,9",0,79,2,81,S-C-13,Substitution
379,380,ts_14_1_S-D-16,38,C15H15N3O4S,"1,6,7,8,16",0,76,2,78,S-D-16,Substitution
380,381,ts_14_1_S-F-2,13,C2H4Cl2N2O2S,"1,6,7,8,16,17",0,98,5,103,S-F-2,Substitution
381,382,ts_14_2_A-E-1,11,C3H6BrCl,"1,6,17,35",0,100,5,105,A-E-1,Addition
382,383,ts_14_2_R-A-6,22,C5H14N2O,"1,6,7,8",1,100,5,105,R-A-6,Cyclization
383,384,ts_14_2_S-D-10,19,C4H8N2O4S,"1,6,7,8,16",0,92,5,97,S-D-10,Substitution
384,385,ts_14_3_S-C-12,20,C7H8FNO3,"1,6,7,8,9",0,98,5,103,S-C-12,Substitution
385,386,ts_14_3_S-C-13,34,C15H16FNO,"1,6,7,8,9",0,80,2,82,S-C-13,Substitution
386,387,ts_15_1_A-E-18,25,C11H11NO2,"1,6,7,8",1,93,5,98,A-E-18,Addition
387,388,ts_15_1_A-E-24,20,C5H11BrClNS,"1,6,7,16,17,35",0,100,5,105,A-E-24,Addition
388,389,ts_15_1_A-F-3,23,C10H8ClNO2S,"1,6,7,8,16,17",0,94,5,99,A-F-3,Addition
389,390,ts_15_1_NO2-A-5-b,20,C6H9N3O2,"1,6,7,8",1,94,5,99,NO2-A-5-b,Rearrangement
390,391,ts_15_1_NO2-A-7-a,22,C7H8ClNO4S,"1,6,7,8,16,17",0,97,5,102,NO2-A-7-a,Substitution
391,392,ts_15_1_NO2-A-7-e,25,C9H10N2O3S,"1,6,7,8,16",0,94,5,99,NO2-A-7-e,Addition
392,393,ts_15_1_NO2-A-9-a,20,C4H10N2O4,"1,6,7,8",1,96,5,101,NO2-A-9-a,Substitution
393,394,ts_15_1_NO2-A-9-e,16,C3H7N3O3,"1,6,7,8",1,92,5,97,NO2-A-9-e,Addition
394,395,ts_15_1_NO2-A-10-e,12,C2H5N3O2,"1,6,7,8",1,92,5,97,NO2-A-10-e,Addition
395,396,ts_15_1_NO2-B-7-e,28,C9H14N2O2S,"1,6,7,8,16",0,99,5,104,NO2-B-7-e,Addition
396,397,ts_15_1_R-B-2,14,C6H7F,"1,6,9",0,99,5,104,R-B-2,Cyclization
397,398,ts_15_1_R-B-14,24,C7H12O5,"1,6,8",1,98,5,103,R-B-14,Cyclization
398,399,ts_15_1_RR-A-10,27,C10H15NO,"1,6,7,8",1,94,5,99,RR-A-10,Rearrangement
399,400,ts_15_1_S-A-5,19,C5H9ClO4,"1,6,8,17",0,95,5,100,S-A-5,Substitution
400,401,ts_15_1_S-A-8,23,C6H11ClO5,"1,6,8,17",0,99,5,104,S-A-8,Substitution
401,402,ts_15_1_S-A-21,14,C3H7ClFNO,"1,6,7,8,9,17",0,99,5,104,S-A-21,Substitution
402,403,ts_15_1_S-B-11,26,C10H10N2O4,"1,6,7,8",1,87,5,92,S-B-11,Substitution
403,404,ts_15_1_S-C-7,23,C8H9ClO4S,"1,6,8,16,17",0,96,5,101,S-C-7,Substitution
404,405,ts_15_1_S-D-10,20,C3H10N2O4S,"1,6,7,8,16",0,98,5,103,S-D-10,Substitution
405,406,ts_15_2_A-E-5,23,C10H11NS,"1,6,7,16",0,95,5,100,A-E-5,Addition
406,407,ts_15_2_A-E-10,18,C6H9NO2,"1,6,7,8",1,96,5,101,A-E-10,Addition
407,408,ts_15_2_A-E-16,20,C5H11Cl2NS,"1,6,7,16,17",0,100,5,105,A-E-16,Addition
408,409,ts_15_2_A-E-23,14,C4H5Br2NOS,"1,6,7,8,16,35",0,87,5,92,A-E-23,Addition
409,410,ts_15_2_S-D-10,20,C3H10N2O4S,"1,6,7,8,16",0,100,5,105,S-D-10,Substitution
410,411,ts_15_3_S-C-10,33,C14H14O4S,"1,6,8,16",0,80,2,82,S-C-10,Substitution
411,412,ts_16_1_A-E-10,19,C5H11NO2,"1,6,7,8",1,99,5,104,A-E-10,Addition
412,413,ts_16_1_A-I-4,13,C2H7N3S,"1,6,7,16",0,100,5,105,A-I-4,Addition
413,414,ts_16_1_E-1,17,C4H8N2O3,"1,6,7,8",1,99,5,104,E-1,Addition
414,415,ts_16_1_NO2-A-2-b,22,C9H8FNO3,"1,6,7,8,9",0,98,5,103,NO2-A-2-b,Rearrangement
415,416,ts_16_1_NO2-A-5-a,24,C5H13N3O3,"1,6,7,8",1,96,5,101,NO2-A-5-a,Substitution
416,417,ts_16_1_NO2-A-5-e,25,C5H13N3O4,"1,6,7,8",1,99,5,104,NO2-A-5-e,Addition
417,418,ts_16_1_NO2-A-8-e,20,C3H10N2O4S,"1,6,7,8,16",0,100,5,105,NO2-A-8-e,Addition
418,419,ts_16_1_NO2-A-9-a,20,C4H10N2O4,"1,6,7,8",1,98,5,103,NO2-A-9-a,Substitution
419,420,ts_16_1_NO2-A-12-d,15,C3H7N3O2,"1,6,7,8",1,96,5,101,NO2-A-12-d,Addition
420,421,ts_16_1_R-A-1,17,C5H9ClO2,"1,6,8,17",0,99,5,104,R-A-1,Cyclization
421,422,ts_16_1_R-A-9,30,C8H19BrN2,"1,6,7,35",0,100,5,105,R-A-9,Cyclization
422,423,ts_16_1_R-B-5,18,C6H9N3,"1,6,7",1,94,5,99,R-B-5,Cyclization
423,424,ts_16_1_RR-A-13-b,28,C11H15NO,"1,6,7,8",1,98,5,103,RR-A-13-b,Rearrangement
424,425,ts_16_1_RR-A-13-c,28,C11H15NO,"1,6,7,8",1,100,5,105,RR-A-13-c,Rearrangement
425,426,ts_16_1_S-A-9,23,C6H12BrClO3,"1,6,8,17,35",0,97,5,102,S-A-9,Substitution
426,427,ts_16_1_S-B-9,22,C5H11FN2O3,"1,6,7,8,9",0,98,5,103,S-B-9,Substitution
427,428,ts_16_1_S-C-5,20,C7H8BrNO3,"1,6,7,8,35",0,99,5,104,S-C-5,Substitution
428,429,ts_16_1_S-C-10,31,C13H13BrO3S,"1,6,8,16,35",0,80,2,82,S-C-10,Substitution
429,430,ts_16_1_S-C-16,28,C11H14N2O,"1,6,7,8",1,100,5,105,S-C-16,Substitution
430,431,ts_16_2_A-E-2,20,C5H12ClNO,"1,6,7,8,17",0,100,5,105,A-E-2,Addition
431,432,ts_16_2_A-E-6,28,C7H15N3O3,"1,6,7,8",1,98,5,103,A-E-6,Addition
432,433,ts_16_2_A-E-9,25,C10H13NO,"1,6,7,8",1,100,5,105,A-E-9,Addition
433,434,ts_16_2_A-E-24,22,C5H11BrN2O2S,"1,6,7,8,16,35",0,99,5,104,A-E-24,Addition
434,435,ts_16_2_A-F-1,17,C4H8ClNO2S,"1,6,7,8,16,17",0,98,5,103,A-F-1,Addition
435,436,ts_16_2_A-I-2,31,C15H13NO2,"1,6,7,8",1,76,2,78,A-I-2,Addition
436,437,ts_16_2_R-A-11,14,C3H8BrNO,"1,6,7,8,35",0,100,5,105,R-A-11,Cyclization
437,438,ts_16_2_R-B-3,16,C6H9N,"1,6,7",1,100,5,105,R-B-3,Cyclization
438,439,ts_16_2_S-A-9,23,C6H12BrClO3,"1,6,8,17,35",0,98,5,103,S-A-9,Substitution
439,440,ts_16_2_S-D-10,18,C3H8FNO4S,"1,6,7,8,9,16",0,99,5,104,S-D-10,Substitution
440,441,ts_17_1_A-E-1,11,C3H6ClF,"1,6,9,17",0,100,5,105,A-E-1,Addition
441,442,ts_17_1_A-E-18,24,C10H11FO2,"1,6,8,9",0,98,5,103,A-E-18,Addition
442,443,ts_17_1_A-E-20,11,C3H6BrF,"1,6,9,35",0,100,5,105,A-E-20,Addition
443,444,ts_17_1_A-F-1,15,C4H6ClFO2S,"1,6,8,9,16,17",0,98,5,103,A-F-1,Addition
444,445,ts_17_1_A-F-3,22,C9H8ClFO2S,"1,6,8,9,16,17",0,100,5,105,A-F-3,Addition
445,446,ts_17_1_A-I-3,11,C2H5FN2O,"1,6,7,8,9",0,96,5,101,A-I-3,Addition
446,447,ts_17_1_NO2-A-2-d,25,C9H10FNO4,"1,6,7,8,9",0,99,5,104,NO2-A-2-d,Addition
447,448,ts_17_1_NO2-A-3-b,11,C3H4FNO2,"1,6,7,8,9",0,91,5,96,NO2-A-3-b,Rearrangement
448,449,ts_17_1_NO2-A-3-d,14,C3H6FNO3,"1,6,7,8,9",0,99,5,104,NO2-A-3-d,Addition
449,450,ts_17_1_NO2-A-4-a,24,C9H10FNO3,"1,6,7,8,9",0,98,5,103,NO2-A-4-a,Substitution
450,451,ts_17_1_NO2-A-5-e,20,C4H9FN2O4,"1,6,7,8,9",0,96,5,101,NO2-A-5-e,Addition
451,452,ts_17_1_NO2-A-6-a,17,C3H8FNO3S,"1,6,7,8,9,16",0,96,5,101,NO2-A-6-a,Substitution
452,453,ts_17_1_NO2-A-9-e,15,C2H7FN2O3,"1,6,7,8,9",0,100,5,105,NO2-A-9-e,Addition
453,454,ts_17_1_NO2-B-11-d,23,C8H11FN2O,"1,6,7,8,9",0,97,5,102,NO2-B-11-d,Addition
454,455,ts_17_1_NO2-B-11-e,25,C9H12N2O2,"1,6,7,8",1,98,5,103,NO2-B-11-e,Addition
455,456,ts_17_1_NO2-C-3-e,25,C10H11NO3,"1,6,7,8",1,99,5,104,NO2-C-3-e,Addition
456,457,ts_17_1_NO2-C-8-e,29,C10H13NO4S,"1,6,7,8,16",0,96,5,101,NO2-C-8-e,Addition
457,458,ts_17_1_R-B-2,20,C8H12,"1,6",1,100,5,105,R-B-2,Cyclization
458,459,ts_17_1_R-B-3,17,C6H9NO,"1,6,7,8",1,97,5,102,R-B-3,Cyclization
459,460,ts_17_1_R-B-12,22,C7H13NO,"1,6,7,8",1,100,5,105,R-B-12,Cyclization
460,461,ts_17_1_RR-A-1,13,C4H7FO,"1,6,8,9",0,99,5,104,RR-A-1,Rearrangement
461,462,ts_17_1_RR-A-8-c,15,C4H8FNO,"1,6,7,8,9",0,100,5,105,RR-A-8-c,Rearrangement
462,463,ts_17_1_RR-B-5-a,12,C3H5ClFNO,"1,6,7,8,9,17",0,99,5,104,RR-B-5-a,Rearrangement
463,464,ts_17_1_S-A-10,28,C7H15NO5,"1,6,7,8",1,98,5,103,S-A-10,Substitution
464,465,ts_17_1_S-A-24,28,C9H16ClFO,"1,6,8,9,17",0,100,5,105,S-A-24,Substitution
465,466,ts_17_1_S-B-7,20,C5H9NO5,"1,6,7,8",1,97,5,102,S-B-7,Substitution
466,467,ts_17_1_S-B-9,24,C6H12N2O4,"1,6,7,8",1,94,5,99,S-B-9,Substitution
467,468,ts_17_1_S-B-11,25,C9H10FNO4,"1,6,7,8,9",0,95,5,100,S-B-11,Substitution
468,469,ts_17_1_S-C-3,25,C8H12N2O3,"1,6,7,8",1,99,5,104,S-C-3,Substitution
469,470,ts_17_1_S-C-7,24,C8H9ClO5S,"1,6,8,16,17",0,98,5,103,S-C-7,Substitution
470,471,ts_17_1_S-D-2,14,C2H6FNO4,"1,6,7,8,9",0,95,5,100,S-D-2,Substitution
471,472,ts_17_1_S-D-9,19,C4H9NO4S,"1,6,7,8,16",0,98,5,103,S-D-9,Substitution
472,473,ts_17_1_S-F-2,14,C2H5Cl2NO3S,"1,6,7,8,16,17",0,97,5,102,S-F-2,Substitution
473,474,ts_17_1_S-G-1,19,C3H7Cl2NO5S,"1,6,7,8,16,17",0,99,5,104,S-G-1,Substitution
474,475,ts_17_2_A-F-1,15,C4H6ClFO2S,"1,6,8,9,16,17",0,99,5,104,A-F-1,Addition
475,476,ts_17_2_A-F-3,22,C9H8ClFO2S,"1,6,8,9,16,17",0,98,5,103,A-F-3,Addition
476,477,ts_17_2_S-C-7,24,C8H9ClO5S,"1,6,8,16,17",0,98,5,103,S-C-7,Substitution
477,478,ts_17_2_S-D-9,19,C4H9NO4S,"1,6,7,8,16",0,97,5,102,S-D-9,Substitution
478,479,ts_17_2_S-H-1,19,CH5Cl5NO5PS,"1,6,7,8,15,16,17",0,100,5,105,S-H-1,Substitution
479,480,ts_17_3_S-C-12,23,C8H9NO5,"1,6,7,8",1,97,5,102,S-C-12,Substitution
480,481,ts_18_1_A-E-6,27,C8H15N3O,"1,6,7,8",1,91,5,96,A-E-6,Addition
481,482,ts_18_1_A-E-7,37,C17H17NO2,"1,6,7,8",1,76,2,78,A-E-7,Addition
482,483,ts_18_1_A-E-19,26,C11H12O3,"1,6,8",1,99,5,104,A-E-19,Addition
483,484,ts_18_1_NO2-A-5-d,20,C4H9FN2O4,"1,6,7,8,9",0,99,5,104,NO2-A-5-d,Addition
484,485,ts_18_1_NO2-A-6-a,19,C4H9NO4S,"1,6,7,8,16",0,96,5,101,NO2-A-6-a,Substitution
485,486,ts_18_1_NO2-A-6-b,16,C4H7NO3S,"1,6,7,8,16",0,92,5,97,NO2-A-6-b,Rearrangement
486,487,ts_18_1_NO2-A-6-c,19,C4H9NO4S,"1,6,7,8,16",0,100,5,105,NO2-A-6-c,Addition
487,488,ts_18_1_NO2-A-10-e,13,C2H6N2O3,"1,6,7,8",1,96,5,101,NO2-A-10-e,Addition
488,489,ts_18_1_NO2-A-11-e,23,C8H10N2O3,"1,6,7,8",1,96,5,101,NO2-A-11-e,Addition
489,490,ts_18_1_NO2-B-2-d,28,C10H13NO4,"1,6,7,8",1,96,5,101,NO2-B-2-d,Addition
490,491,ts_18_1_NO2-B-12-e,18,C5H8N2O3,"1,6,7,8",1,93,5,98,NO2-B-12-e,Addition
491,492,ts_18_1_R-A-8,33,C8H21N3O,"1,6,7,8",1,99,5,104,R-A-8,Cyclization
492,493,ts_18_1_RR-A-8-c,17,C5H9NO2,"1,6,7,8",1,100,5,105,RR-A-8-c,Rearrangement
493,494,ts_18_1_RR-A-10,28,C10H16O2,"1,6,8",1,99,5,104,RR-A-10,Rearrangement
494,495,ts_18_1_RR-A-13-a,28,C12H14O2,"1,6,8",1,97,5,102,RR-A-13-a,Rearrangement
495,496,ts_18_1_RR-B-6-b,15,C4H7NO3,"1,6,7,8",1,97,5,102,RR-B-6-b,Rearrangement
496,497,ts_18_1_RR-B-8-a,27,C10H12N2O3,"1,6,7,8",1,94,5,99,RR-B-8-a,Rearrangement
497,498,ts_18_1_S-A-7,17,C4H6Cl2O5,"1,6,8,17",0,96,5,101,S-A-7,Substitution
498,499,ts_18_1_S-A-14,15,C4H6ClNO2S,"1,6,7,8,16,17",0,91,5,96,S-A-14,Substitution
499,500,ts_18_1_S-C-3,25,C9H11NO4,"1,6,7,8",1,98,5,103,S-C-3,Substitution
500,501,ts_18_1_S-C-4,28,C10H13N3O2,"1,6,7,8",1,99,5,104,S-C-4,Substitution
501,502,ts_18_1_S-D-16,40,C15H16N2O6S,"1,6,7,8,16",0,77,2,79,S-D-16,Substitution
502,503,ts_18_2_R-A-6,24,C5H15N3O,"1,6,7,8",1,100,5,105,R-A-6,Cyclization
503,504,ts_18_3_S-C-7,22,C8H8ClNO3S,"1,6,7,8,16,17",0,94,5,99,S-C-7,Substitution
504,505,ts_19_1_A-E-9,26,C11H12O3,"1,6,8",1,100,5,105,A-E-9,Addition
505,506,ts_19_1_A-E-25,27,C10H11ClO4S,"1,6,8,16,17",0,100,5,105,A-E-25,Addition
506,507,ts_19_1_NO2-A-2-c,28,C10H11NO6,"1,6,7,8",1,94,5,99,NO2-A-2-c,Addition
507,508,ts_19_1_NO2-A-3-b,14,C4H5NO4,"1,6,7,8",1,98,5,103,NO2-A-3-b,Rearrangement
508,509,ts_19_1_NO2-A-5-b,22,C6H10N2O4,"1,6,7,8",1,95,5,100,NO2-A-5-b,Rearrangement
509,510,ts_19_1_NO2-B-7-e,27,C9H13NO3S,"1,6,7,8,16",0,99,5,104,NO2-B-7-e,Addition
510,511,ts_19_1_NO2-B-11-e,24,C8H12N2O2,"1,6,7,8",1,100,5,105,NO2-B-11-e,Addition
511,512,ts_19_1_RR-A-2-b,24,C10H10O4,"1,6,8",1,99,5,104,RR-A-2-b,Rearrangement
512,513,ts_19_1_RR-A-13-c,29,C12H14O3,"1,6,8",1,99,5,104,RR-A-13-c,Rearrangement
513,514,ts_19_1_S-A-11,22,C6H10O6,"1,6,8",1,95,5,100,S-A-11,Substitution
514,515,ts_19_1_S-A-17,16,C4H8N2O2,"1,6,7,8",1,97,5,102,S-A-17,Substitution
515,516,ts_19_1_S-A-18,17,C4H8ClNO3,"1,6,7,8,17",0,96,5,101,S-A-18,Substitution
516,517,ts_19_1_S-A-25,47,C23H21ClO2,"1,6,8,17",0,78,2,80,S-A-25,Substitution
517,518,ts_19_1_S-B-7,19,C4H9NO5,"1,6,7,8",1,98,5,103,S-B-7,Substitution
518,519,ts_19_1_S-B-12,27,C10H11NO5,"1,6,7,8",1,96,5,101,S-B-12,Substitution
519,520,ts_19_1_S-D-11,20,C3H9NO6S,"1,6,7,8,16",0,98,5,103,S-D-11,Substitution
520,521,ts_19_1_S-G-5,16,C2H7N3O3S,"1,6,7,8,16",0,93,5,98,S-G-5,Substitution
521,522,ts_19_2_A-E-18,27,C11H12O4,"1,6,8",1,96,5,101,A-E-18,Addition
522,523,ts_19_2_A-E-23,16,C4H6Br2O3S,"1,6,8,16,35",0,98,5,103,A-E-23,Addition
523,524,ts_19_2_S-D-2,17,C3H7NO6,"1,6,7,8",1,97,5,102,S-D-2,Substitution
524,525,ts_19_3_S-C-10,31,C13H14O3S,"1,6,8,16",0,100,5,105,S-C-10,Substitution
525,526,ts_20_1_A-E-2,25,C6H16N2O,"1,6,7,8",1,100,5,105,A-E-2,Addition
526,527,ts_20_1_A-E-10,18,C5H10O3,"1,6,8",1,97,5,102,A-E-10,Addition
527,528,ts_20_1_NO2-A-2-a,26,C9H11NO5,"1,6,7,8",1,99,5,104,NO2-A-2-a,Substitution
528,529,ts_20_1_NO2-A-3-a,15,C3H7NO4,"1,6,7,8",1,99,5,104,NO2-A-3-a,Substitution
529,530,ts_20_1_NO2-A-3-c,15,C3H7NO4,"1,6,7,8",1,99,5,104,NO2-A-3-c,Addition
530,531,ts_20_1_NO2-A-8-a,19,C3H9NO5S,"1,6,7,8,16",0,98,5,103,NO2-A-8-a,Substitution
531,532,ts_20_1_NO2-A-8-e,19,C3H9NO5S,"1,6,7,8,16",0,99,5,104,NO2-A-8-e,Addition
532,533,ts_20_1_NO2-A-10-a,12,CH6N2O3,"1,6,7,8",1,100,5,105,NO2-A-10-a,Substitution
533,534,ts_20_1_NO2-A-11-e,22,C7H10N2O3,"1,6,7,8",1,100,5,105,NO2-A-11-e,Addition
534,535,ts_20_1_NO2-B-7-d,27,C9H13NO3S,"1,6,7,8,16",0,99,5,104,NO2-B-7-d,Addition
535,536,ts_20_1_NO2-B-12-d,17,C4H8N2O3,"1,6,7,8",1,95,5,100,NO2-B-12-d,Addition
536,537,ts_20_1_R-A-10,13,C3H7FO2,"1,6,8,9",0,100,5,105,R-A-10,Cyclization
537,538,ts_20_1_RR-B-8-a,26,C9H13NO3,"1,6,7,8",1,100,5,105,RR-B-8-a,Rearrangement
538,539,ts_20_1_S-A-15,26,C9H12ClNO3,"1,6,7,8,17",0,99,5,104,S-A-15,Substitution
539,540,ts_20_1_S-B-3-a,10,C3H4O3,"1,6,8",1,99,5,104,S-B-3-a,Rearrangement
540,541,ts_20_1_S-C-10,33,C13H13NO5S,"1,6,7,8,16",0,78,2,80,S-C-10,Substitution
541,542,ts_20_1_S-C-11,19,C7H7Cl2NO2,"1,6,7,8,17",0,100,5,105,S-C-11,Substitution
542,543,ts_20_1_S-C-15,27,C11H13NO2,"1,6,7,8",1,100,5,105,S-C-15,Substitution
543,544,ts_20_1_S-C-16,27,C11H13NO2,"1,6,7,8",1,100,5,105,S-C-16,Substitution
544,545,ts_20_1_S-D-12,26,C4H13N3O5S,"1,6,7,8,16",0,100,5,105,S-D-12,Substitution
545,546,ts_20_1_S-G-1,18,C3H6Cl2O6S,"1,6,8,16,17",0,96,5,101,S-G-1,Substitution
546,547,ts_20_2_A-F-2,16,C4H7BrO3S,"1,6,8,16,35",0,98,5,103,A-F-2,Addition
547,548,ts_20_2_NO2-A-8-a,19,C3H9NO5S,"1,6,7,8,16",0,98,5,103,NO2-A-8-a,Substitution
548,549,ts_20_2_R-A-5,26,C6H16N2O2,"1,6,7,8",1,100,5,105,R-A-5,Cyclization
549,550,ts_20_2_R-A-6,27,C6H17N3O,"1,6,7,8",1,100,5,105,R-A-6,Cyclization
550,551,ts_20_2_S-C-7,23,C7H8ClNO5S,"1,6,7,8,16,17",0,98,5,103,S-C-7,Substitution
551,552,ts_20_3_A-I-2,29,C14H13NO,"1,6,7,8",1,97,5,102,A-I-2,Addition
552,553,ts_20_3_S-C-12,22,C7H8N2O5,"1,6,7,8",1,96,5,101,S-C-12,Substitution
553,554,ts_21_1_A-D-1,12,C2H6O4,"1,6,8",1,99,5,104,A-D-1,Addition
554,555,ts_21_1_A-E-1,14,C3H8ClNO,"1,6,7,8,17",0,99,5,104,A-E-1,Addition
555,556,ts_21_1_A-E-5,25,C9H13NOS,"1,6,7,8,16",0,100,5,105,A-E-5,Addition
556,557,ts_21_1_A-E-8,23,C7H13NO2,"1,6,7,8",1,100,5,105,A-E-8,Addition
557,558,ts_21_1_A-E-10,20,C5H11NO3,"1,6,7,8",1,100,5,105,A-E-10,Addition
558,559,ts_21_1_A-I-5,46,C21H21N3O,"1,6,7,8",1,76,2,78,A-I-5,Addition
559,560,ts_21_1_A-I-6,46,C21H21N3S,"1,6,7,16",0,80,2,82,A-I-6,Addition
560,561,ts_21_1_NO2-A-3-b,14,C3H6N2O3,"1,6,7,8",1,97,5,102,NO2-A-3-b,Rearrangement
561,562,ts_21_1_NO2-A-3-d,17,C3H8N2O4,"1,6,7,8",1,98,5,103,NO2-A-3-d,Addition
562,563,ts_21_1_NO2-A-4-b,24,C9H10N2O3,"1,6,7,8",1,97,5,102,NO2-A-4-b,Rearrangement
563,564,ts_21_1_NO2-A-5-b,22,C5H11N3O3,"1,6,7,8",1,98,5,103,NO2-A-5-b,Rearrangement
564,565,ts_21_1_NO2-A-5-d,22,C5H10N2O5,"1,6,7,8",1,98,5,103,NO2-A-5-d,Addition
565,566,ts_21_1_NO2-A-6-b,17,C3H8N2O3S,"1,6,7,8,16",0,100,5,105,NO2-A-6-b,Rearrangement
566,567,ts_21_1_NO2-A-7-d,27,C8H12N2O4S,"1,6,7,8,16",0,100,5,105,NO2-A-7-d,Addition
567,568,ts_21_1_NO2-A-11-e,24,C7H11N3O3,"1,6,7,8",1,98,5,103,NO2-A-11-e,Addition
568,569,ts_21_1_NO2-B-11-d,26,C8H13N3O2,"1,6,7,8",1,100,5,105,NO2-B-11-d,Addition
569,570,ts_21_1_NO2-B-12-e,17,C4H8N2O3,"1,6,7,8",1,97,5,102,NO2-B-12-e,Addition
570,571,ts_21_1_R-A-4,23,C6H12ClNO3,"1,6,7,8,17",0,99,5,104,R-A-4,Cyclization
571,572,ts_21_1_R-A-5,25,C6H15NO3,"1,6,7,8",1,100,5,105,R-A-5,Cyclization
572,573,ts_21_1_R-B-10,13,C4H8O,"1,6,8",1,100,5,105,R-B-10,Cyclization
573,574,ts_21_1_RR-B-4-b,16,C4H5N3O4,"1,6,7,8",1,91,5,96,RR-B-4-b,Rearrangement
574,575,ts_21_1_S-A-17,17,C3H8N2O4,"1,6,7,8",1,97,5,102,S-A-17,Substitution
575,576,ts_21_1_S-A-24,32,C10H19ClO2,"1,6,8,17",0,100,5,105,S-A-24,Substitution
576,577,ts_21_1_S-B-4-a,21,C9H8O4,"1,6,8",1,100,5,105,S-B-4-a,Rearrangement
577,578,ts_21_1_S-C-2-ab,24,C8H8FNO6,"1,6,7,8,9",0,96,5,101,S-C-2-ab,Substitution
578,579,ts_21_1_S-C-15,29,C11H14N2O2,"1,6,7,8",1,99,5,104,S-C-15,Substitution
579,580,ts_21_1_S-D-11,21,C3H9NO7S,"1,6,7,8,16",0,98,5,103,S-D-11,Substitution
580,581,ts_21_1_S-D-12,25,C4H12N2O6S,"1,6,7,8,16",0,94,5,99,S-D-12,Substitution
581,582,ts_21_1_S-G-2,19,C3H7ClO7S,"1,6,8,16,17",0,99,5,104,S-G-2,Substitution
582,583,ts_21_2_A-E-8,23,C7H13NO2,"1,6,7,8",1,98,5,103,A-E-8,Addition
583,584,ts_21_2_A-E-11,18,C4H10N2O2,"1,6,7,8",1,98,5,103,A-E-11,Addition
584,585,ts_21_2_R-B-3,17,C7H8N2,"1,6,7",1,96,5,101,R-B-3,Cyclization
585,586,ts_21_2_S-C-10,32,C13H14O4S,"1,6,8,16",0,80,2,82,S-C-10,Substitution
586,587,ts_21_3_A-I-1,24,C9H10N2O3,"1,6,7,8",1,99,5,104,A-I-1,Addition
587,588,ts_22_1_A-E-9,25,C10H12O3,"1,6,8",1,99,5,104,A-E-9,Addition
588,589,ts_22_1_A-E-18,26,C10H12O4,"1,6,8",1,96,5,101,A-E-18,Addition
589,590,ts_22_1_A-E-24,25,C7H14BrNOS,"1,6,7,8,16,35",0,99,5,104,A-E-24,Addition
590,591,ts_22_1_A-H-1,14,C3H7NO3,"1,6,7,8",1,97,5,102,A-H-1,Addition
591,592,ts_22_1_A-I-2,30,C14H13NO2,"1,6,7,8",1,97,5,102,A-I-2,Addition
592,593,ts_22_1_NO2-A-1-b,17,C4H7NO5,"1,6,7,8",1,96,5,101,NO2-A-1-b,Rearrangement
593,594,ts_22_1_NO2-A-6-e,19,C3H9NO5S,"1,6,7,8,16",0,100,5,105,NO2-A-6-e,Addition
594,595,ts_22_1_NO2-A-7-d,26,C8H11NO5S,"1,6,7,8,16",0,100,5,105,NO2-A-7-d,Addition
595,596,ts_22_1_NO2-A-7-e,26,C8H11NO5S,"1,6,7,8,16",0,100,5,105,NO2-A-7-e,Addition
596,597,ts_22_1_NO2-B-8-d,22,C4H11NO5S,"1,6,7,8,16",0,99,5,104,NO2-B-8-d,Addition
597,598,ts_22_1_NO2-B-12-d,16,C4H6N2O4,"1,6,7,8",1,94,5,99,NO2-B-12-d,Addition
598,599,ts_22_1_NO2-C-8-e,29,C9H13NO5S,"1,6,7,8,16",0,99,5,104,NO2-C-8-e,Addition
599,600,ts_22_1_R-A-7,16,C3H10N2O,"1,6,7,8",1,100,5,105,R-A-7,Cyclization
600,601,ts_22_1_R-A-10,14,C3H7FO3,"1,6,8,9",0,99,5,104,R-A-10,Cyclization
601,602,ts_22_1_RR-A-1,15,C4H8O3,"1,6,8",1,100,5,105,RR-A-1,Rearrangement
602,603,ts_22_1_RR-A-18,28,C11H14O3,"1,6,8",1,100,5,105,RR-A-18,Rearrangement
603,604,ts_22_1_RR-B-1-b,16,C4H8O4,"1,6,8",1,99,5,104,RR-B-1-b,Rearrangement
604,605,ts_22_1_RR-B-8-a,31,C10H16N2O3,"1,6,7,8",1,98,5,103,RR-B-8-a,Rearrangement
605,606,ts_22_1_S-A-3,34,C11H18BrN3O,"1,6,7,8,35",0,98,5,103,S-A-3,Substitution
606,607,ts_22_1_S-A-9,32,C8H19ClN2O2,"1,6,7,8,17",0,99,5,104,S-A-9,Substitution
607,608,ts_22_1_S-A-15,26,C9H12FNO3,"1,6,7,8,9",0,97,5,102,S-A-15,Substitution
608,609,ts_22_1_S-B-4-a,19,C8H8O3,"1,6,8",1,100,5,105,S-B-4-a,Rearrangement
609,610,ts_22_1_S-B-9,24,C5H12N2O5,"1,6,7,8",1,98,5,103,S-B-9,Substitution
610,611,ts_22_1_S-C-4,32,C10H17N3O2,"1,6,7,8",1,100,5,105,S-C-4,Substitution
611,612,ts_22_1_S-C-7,21,C7H8Cl2O3S,"1,6,8,16,17",0,100,5,105,S-C-7,Substitution
612,613,ts_22_1_S-D-13,26,C8H11NO5S,"1,6,7,8,16",0,100,5,105,S-D-13,Substitution
613,614,ts_22_1_S-D-15,28,C8H11NO7S,"1,6,7,8,16",0,98,5,103,S-D-15,Substitution
614,615,ts_22_2_A-E-6,31,C9H18N2O2,"1,6,7,8",1,100,5,105,A-E-6,Addition
615,616,ts_22_2_A-E-8,26,C8H15NO2,"1,6,7,8",1,97,5,102,A-E-8,Addition
616,617,ts_22_2_A-E-19,26,C10H12O4,"1,6,8",1,99,5,104,A-E-19,Addition
617,618,ts_22_2_NO2-A-6-a,19,C3H9NO5S,"1,6,7,8,16",0,98,5,103,NO2-A-6-a,Substitution
618,619,ts_22_2_R-B-6,24,C7H14N2O,"1,6,7,8",1,100,5,105,R-B-6,Cyclization
619,620,ts_22_2_S-C-10,31,C13H13ClO3S,"1,6,8,16,17",0,80,2,82,S-C-10,Substitution
620,621,ts_22_2_S-D-9,19,C3H9NO5S,"1,6,7,8,16",0,100,5,105,S-D-9,Substitution
621,622,ts_22_2_S-G-2,18,C3H5ClO8S,"1,6,8,16,17",0,94,5,99,S-G-2,Substitution
622,623,ts_22_3_S-C-12,20,C7H8ClNO3,"1,6,7,8,17",0,98,5,103,S-C-12,Substitution
623,624,ts_23_1_A-E-5,24,C9H12O2S,"1,6,8,16",0,99,5,104,A-E-5,Addition
624,625,ts_23_1_A-E-9,25,C10H12O3,"1,6,8",1,100,5,105,A-E-9,Addition
625,626,ts_23_1_A-E-17,14,C3H6ClNO3,"1,6,7,8,17",0,97,5,102,A-E-17,Addition
626,627,ts_23_1_A-F-1,17,C4H7ClO4S,"1,6,8,16,17",0,99,5,104,A-F-1,Addition
627,628,ts_23_1_NO2-A-2-c,27,C9H11NO6,"1,6,7,8",1,98,5,103,NO2-A-2-c,Addition
628,629,ts_23_1_NO2-A-11-a,25,C8H10N2O5,"1,6,7,8",1,97,5,102,NO2-A-11-a,Substitution
629,630,ts_23_1_NO2-A-12-e,15,C3H6N2O4,"1,6,7,8",1,97,5,102,NO2-A-12-e,Addition
630,631,ts_23_1_RR-B-8-b,24,C8H11NO4,"1,6,7,8",1,100,5,105,RR-B-8-b,Rearrangement
631,632,ts_23_1_S-A-9,32,C8H19ClN2O2,"1,6,7,8,17",0,97,5,102,S-A-9,Substitution
632,633,ts_23_1_S-A-12,33,C9H18N2O4,"1,6,7,8",1,98,5,103,S-A-12,Substitution
633,634,ts_23_1_S-D-2,16,C2H7NO6,"1,6,7,8",1,97,5,102,S-D-2,Substitution
634,635,ts_23_1_S-D-14,26,C8H9NO7S,"1,6,7,8,16",0,97,5,102,S-D-14,Substitution
635,636,ts_23_1_S-F-4,18,C3H8N2O5,"1,6,7,8",1,96,5,101,S-F-4,Substitution
636,637,ts_23_2_A-E-2,25,C7H15NO2,"1,6,7,8",1,98,5,103,A-E-2,Addition
637,638,ts_23_2_A-E-9,25,C10H12O3,"1,6,8",1,100,5,105,A-E-9,Addition
638,639,ts_23_2_A-E-10,19,C5H10O4,"1,6,8",1,99,5,104,A-E-10,Addition
639,640,ts_23_2_A-E-24,20,C5H11Br2NS,"1,6,7,16,35",0,99,5,104,A-E-24,Addition
640,641,ts_23_2_A-E-26,24,C9H11ClO2S,"1,6,8,16,17",0,99,5,104,A-E-26,Addition
641,642,ts_23_2_A-F-2,17,C4H7BrO4S,"1,6,8,16,35",0,98,5,103,A-F-2,Addition
642,643,ts_23_2_NO2-A-6-a,19,C3H9NO5S,"1,6,7,8,16",0,100,5,105,NO2-A-6-a,Substitution
643,644,ts_23_2_R-A-6,27,C7H16N2O2,"1,6,7,8",1,100,5,105,R-A-6,Cyclization
644,645,ts_23_2_S-C-7,23,C7H10ClNO3S,"1,6,7,8,16,17",0,100,5,105,S-C-7,Substitution
645,646,ts_23_3_A-I-1,22,C9H10ClNO,"1,6,7,8,17",0,99,5,104,A-I-1,Addition
646,647,ts_23_3_S-C-7,23,C7H10ClNO3S,"1,6,7,8,16,17",0,99,5,104,S-C-7,Substitution
647,648,ts_23_3_S-C-10,33,C13H15NO3S,"1,6,7,8,16",0,80,2,82,S-C-10,Substitution
648,649,ts_23_4_S-C-11,19,C7H9Cl2N,"1,6,7,17",0,100,5,105,S-C-11,Substitution
649,650,ts_24_1_A-E-11,16,C4H7NO4,"1,6,7,8",1,96,5,101,A-E-11,Addition
650,651,ts_24_1_A-E-22,18,C4H7BrO5S,"1,6,8,16,35",0,100,5,105,A-E-22,Addition
651,652,ts_24_1_A-F-2,16,C4H5BrO5S,"1,6,8,16,35",0,96,5,101,A-F-2,Addition
652,653,ts_24_1_A-I-2,31,C14H14N2O,"1,6,7,8",1,99,5,104,A-I-2,Addition
653,654,ts_24_1_A-I-3,12,C2H4N2O4,"1,6,7,8",1,93,5,98,A-I-3,Addition
654,655,ts_24_1_A-I-5,46,C21H21N3O,"1,6,7,8",1,78,2,80,A-I-5,Addition
655,656,ts_24_1_E-1,13,C3H5NO4,"1,6,7,8",1,96,5,101,E-1,Addition
656,657,ts_24_1_E-2-b,13,C3H5NO4,"1,6,7,8",1,93,5,98,E-2-b,Addition
657,658,ts_24_1_NO2-A-5-a,23,C5H10N2O6,"1,6,7,8",1,94,5,99,NO2-A-5-a,Substitution
658,659,ts_24_1_NO2-A-11-a,27,C9H12N2O4,"1,6,7,8",1,97,5,102,NO2-A-11-a,Substitution
659,660,ts_24_1_NO2-A-11-d,25,C8H10N2O5,"1,6,7,8",1,97,5,102,NO2-A-11-d,Addition
660,661,ts_24_1_NO2-A-12-d,14,C3H4N2O5,"1,6,7,8",1,94,5,99,NO2-A-12-d,Addition
661,662,ts_24_1_NO2-A-12-e,14,C3H4N2O5,"1,6,7,8",1,91,5,96,NO2-A-12-e,Addition
662,663,ts_24_1_NO2-B-3-e,17,C4H7NO5,"1,6,7,8",1,99,5,104,NO2-B-3-e,Addition
663,664,ts_24_1_NO2-B-11-e,24,C8H10N2O4,"1,6,7,8",1,93,5,98,NO2-B-11-e,Addition
664,665,ts_24_1_R-A-8,31,C8H19BrN2O,"1,6,7,8,35",0,100,5,105,R-A-8,Cyclization
665,666,ts_24_1_R-B-2,22,C8H13N,"1,6,7",1,99,5,104,R-B-2,Cyclization
666,667,ts_24_1_RR-A-3-a,33,C15H15NO2,"1,6,7,8",1,78,2,80,RR-A-3-a,Rearrangement
667,668,ts_24_1_RR-A-6,21,C9H8O4,"1,6,8",1,99,5,104,RR-A-6,Rearrangement
668,669,ts_24_1_RR-A-9-a,27,C11H12O4,"1,6,8",1,99,5,104,RR-A-9-a,Rearrangement
669,670,ts_24_1_S-A-6,16,C3H8FNO3,"1,6,7,8,9",0,98,5,103,S-A-6,Substitution
670,671,ts_24_1_S-A-26,15,C4H5BrClFO3,"1,6,8,9,17,35",0,96,5,101,S-A-26,Substitution
671,672,ts_24_1_S-B-8,18,C4H9NO4,"1,6,7,8",1,96,5,101,S-B-8,Substitution
672,673,ts_24_1_S-C-10,31,C13H13FO3S,"1,6,8,9,16",0,80,2,82,S-C-10,Substitution
673,674,ts_24_1_S-D-2,15,C2H5NO7,"1,6,7,8",1,93,5,98,S-D-2,Substitution
674,675,ts_24_1_S-D-14,26,C8H9NO7S,"1,6,7,8,16",0,95,5,100,S-D-14,Substitution
675,676,ts_24_1_S-G-5,24,C3H13N3O4S,"1,6,7,8,16",0,100,5,105,S-G-5,Substitution
676,677,ts_24_2_A-E-9,24,C10H10O4,"1,6,8",1,97,5,102,A-E-9,Addition
677,678,ts_24_2_R-B-5,25,C7H15N3,"1,6,7",1,100,5,105,R-B-5,Cyclization
678,679,ts_24_3_S-C-10,31,C13H13FO3S,"1,6,8,9,16",0,79,2,81,S-C-10,Substitution
679,680,ts_24_4_S-A-9,31,C8H18ClNO3,"1,6,7,8,17",0,100,5,105,S-A-9,Substitution
680,681,ts_25_1_A-E-8,21,C6H13NO,"1,6,7,8",1,99,5,104,A-E-8,Addition
681,682,ts_25_1_A-E-19,25,C10H10O5,"1,6,8",1,99,5,104,A-E-19,Addition
682,683,ts_25_1_A-I-2,29,C14H12FNO,"1,6,7,8,9",0,98,5,103,A-I-2,Addition
683,684,ts_25_1_A-I-4,12,C2H4N2O3S,"1,6,7,8,16",0,93,5,98,A-I-4,Addition
684,685,ts_25_1_E-2-b,13,C3H5NO4,"1,6,7,8",1,91,5,96,E-2-b,Addition
685,686,ts_25_1_NO2-A-1-c,19,C4H7NO7,"1,6,7,8",1,96,5,101,NO2-A-1-c,Addition
686,687,ts_25_1_NO2-A-2-b,25,C10H9NO5,"1,6,7,8",1,98,5,103,NO2-A-2-b,Rearrangement
687,688,ts_25_1_NO2-A-9-e,16,C2H6N2O6,"1,6,7,8",1,100,5,105,NO2-A-9-e,Addition
688,689,ts_25_1_NO2-A-11-b,19,C7H6N2O4,"1,6,7,8",1,100,5,105,NO2-A-11-b,Rearrangement
689,690,ts_25_1_NO2-A-12-e,14,C3H4N2O5,"1,6,7,8",1,83,5,88,NO2-A-12-e,Addition
690,691,ts_25_1_NO2-B-2-d,25,C9H10BrNO4,"1,6,7,8,35",0,96,5,101,NO2-B-2-d,Addition
691,692,ts_25_1_R-A-1,12,C2H4ClNO4,"1,6,7,8,17",0,98,5,103,R-A-1,Cyclization
692,693,ts_25_1_R-B-12,18,C7H9NO,"1,6,7,8",1,91,5,96,R-B-12,Cyclization
693,694,ts_25_1_RR-A-10,27,C9H14O4,"1,6,8",1,97,5,102,RR-A-10,Rearrangement
694,695,ts_25_1_S-A-3,33,C11H17BrN2O2,"1,6,7,8,35",0,97,5,102,S-A-3,Substitution
695,696,ts_25_1_S-B-11,26,C9H9NO7,"1,6,7,8",1,93,5,98,S-B-11,Substitution
696,697,ts_25_1_S-B-12,25,C9H9NO6,"1,6,7,8",1,97,5,102,S-B-12,Substitution
697,698,ts_25_1_S-C-3,22,C8H9NO4,"1,6,7,8",1,97,5,102,S-C-3,Substitution
698,699,ts_25_1_S-D-16,40,C15H16N2O6S,"1,6,7,8,16",0,78,2,80,S-D-16,Substitution
699,700,ts_25_2_S-A-9,31,C8H18ClNO3,"1,6,7,8,17",0,98,5,103,S-A-9,Substitution
700,701,ts_25_2_S-C-7,26,C8H12ClNO3S,"1,6,7,8,16,17",0,98,5,103,S-C-7,Substitution
701,702,ts_25_2_S-D-9,20,C4H9NO5S,"1,6,7,8,16",0,93,5,98,S-D-9,Substitution
702,703,ts_25_3_R-B-7,20,C7H10O3,"1,6,8",1,99,5,104,R-B-7,Cyclization
703,704,ts_25_3_S-C-10,36,C14H17NO3S,"1,6,7,8,16",0,80,2,82,S-C-10,Substitution
704,705,ts_25_4_A-I-2,29,C14H12FNO,"1,6,7,8,9",0,98,5,103,A-I-2,Addition
705,706,ts_26_1_A-E-15,16,C4H6Cl2O3S,"1,6,8,16,17",0,96,5,101,A-E-15,Addition
706,707,ts_26_1_A-I-3,14,C3H6N2O3,"1,6,7,8",1,94,5,99,A-I-3,Addition
707,708,ts_26_1_A-I-5,46,C22H20N2O2,"1,6,7,8",1,76,2,78,A-I-5,Addition
708,709,ts_26_1_NO2-A-1-d,21,C5H9NO6,"1,6,7,8",1,97,5,102,NO2-A-1-d,Addition
709,710,ts_26_1_NO2-A-2-e,28,C10H11NO6,"1,6,7,8",1,97,5,102,NO2-A-2-e,Addition
710,711,ts_26_1_NO2-A-3-e,17,C4H7NO5,"1,6,7,8",1,98,5,103,NO2-A-3-e,Addition
711,712,ts_26_1_NO2-A-4-a,27,C10H11NO5,"1,6,7,8",1,96,5,101,NO2-A-4-a,Substitution
712,713,ts_26_1_NO2-A-5-a,25,C6H12N2O5,"1,6,7,8",1,95,5,100,NO2-A-5-a,Substitution
713,714,ts_26_1_NO2-A-5-b,22,C6H10N2O4,"1,6,7,8",1,95,5,100,NO2-A-5-b,Rearrangement
714,715,ts_26_1_NO2-A-8-c,21,C4H9NO6S,"1,6,7,8,16",0,99,5,104,NO2-A-8-c,Addition
715,716,ts_26_1_NO2-B-11-c,26,C9H12N2O3,"1,6,7,8",1,94,5,99,NO2-B-11-c,Addition
716,717,ts_26_1_NO2-C-3-e,28,C10H12N2O4,"1,6,7,8",1,96,5,101,NO2-C-3-e,Addition
717,718,ts_26_1_R-A-6,22,C5H13FN2O,"1,6,7,8,9",0,98,5,103,R-A-6,Cyclization
718,719,ts_26_1_RR-B-8-a,34,C11H18N2O3,"1,6,7,8",1,99,5,104,RR-B-8-a,Rearrangement
719,720,ts_26_1_S-A-7,18,C5H4Cl2O7,"1,6,8,17",0,89,5,94,S-A-7,Substitution
720,721,ts_26_1_S-A-9,30,C8H16ClNO4,"1,6,7,8,17",0,89,5,94,S-A-9,Substitution
721,722,ts_26_1_S-B-3-a,15,C4H7NO3,"1,6,7,8",1,100,5,105,S-B-3-a,Rearrangement
722,723,ts_26_1_S-D-11,24,C4H10N2O7S,"1,6,7,8,16",0,94,5,99,S-D-11,Substitution
723,724,ts_26_1_S-F-2,17,C2H6Cl2N2O4S,"1,6,7,8,16,17",0,99,5,104,S-F-2,Substitution
724,725,ts_26_1_S-F-3,19,C2H8ClN3O4S,"1,6,7,8,16,17",0,95,5,100,S-F-3,Substitution
725,726,ts_26_2_S-C-10,33,C14H14O4S,"1,6,8,16",0,79,2,81,S-C-10,Substitution
726,727,ts_26_2_S-C-11,19,C8H8Cl2O,"1,6,8,17",0,97,5,102,S-C-11,Substitution
727,728,ts_26_2_S-D-10,23,C4H10N2O6S,"1,6,7,8,16",0,97,5,102,S-D-10,Substitution
728,729,ts_27_1_A-D-1,14,C3H6O5,"1,6,8",1,99,5,104,A-D-1,Addition
729,730,ts_27_1_A-E-4,17,C4H9NO2S,"1,6,7,8,16",0,100,5,105,A-E-4,Addition
730,731,ts_27_1_A-E-9,28,C11H13NO3,"1,6,7,8",1,100,5,105,A-E-9,Addition
731,732,ts_27_1_A-E-10,22,C6H11NO4,"1,6,7,8",1,99,5,104,A-E-10,Addition
732,733,ts_27_1_A-E-15,18,C4H7Cl2NO3S,"1,6,7,8,16,17",0,98,5,103,A-E-15,Addition
733,734,ts_27_1_A-E-17,17,C4H7ClN2O3,"1,6,7,8,17",0,98,5,103,A-E-17,Addition
734,735,ts_27_1_A-I-6,44,C21H18N2O2S,"1,6,7,8,16",0,79,2,81,A-I-6,Addition
735,736,ts_27_1_NO2-A-2-c,30,C10H12N2O6,"1,6,7,8",1,78,2,80,NO2-A-2-c,Addition
736,737,ts_27_1_NO2-A-3-b,16,C4H6N2O4,"1,6,7,8",1,98,5,103,NO2-A-3-b,Rearrangement
737,738,ts_27_1_NO2-A-3-e,19,C4H8N2O5,"1,6,7,8",1,95,5,100,NO2-A-3-e,Addition
738,739,ts_27_1_NO2-A-9-d,20,C3H9N3O5,"1,6,7,8",1,100,5,105,NO2-A-9-d,Addition
739,740,ts_27_1_NO2-A-11-d,25,C8H10N2O5,"1,6,7,8",1,98,5,103,NO2-A-11-d,Addition
740,741,ts_27_1_NO2-B-7-d,31,C10H14N2O4S,"1,6,7,8,16",0,100,5,105,NO2-B-7-d,Addition
741,742,ts_27_1_NO2-B-7-e,30,C10H13NO5S,"1,6,7,8,16",0,100,5,105,NO2-B-7-e,Addition
742,743,ts_27_1_NO2-B-8-c,25,C5H12N2O5S,"1,6,7,8,16",0,100,5,105,NO2-B-8-c,Addition
743,744,ts_27_1_NO2-B-11-e,27,C9H12N2O4,"1,6,7,8",1,95,5,100,NO2-B-11-e,Addition
744,745,ts_27_1_NO2-B-12-e,19,C5H8N2O4,"1,6,7,8",1,97,5,102,NO2-B-12-e,Addition
745,746,ts_27_1_R-A-6,22,C5H14N2O,"1,6,7,8",1,100,5,105,R-A-6,Cyclization
746,747,ts_27_1_R-B-7,20,C7H12O,"1,6,8",1,99,5,104,R-B-7,Cyclization
747,748,ts_27_1_RR-A-2-a,21,C8H7NO5,"1,6,7,8",1,98,5,103,RR-A-2-a,Rearrangement
748,749,ts_27_1_RR-A-12,45,C21H20N2O2,"1,6,7,8",1,80,2,82,RR-A-12,Rearrangement
749,750,ts_27_1_S-A-16,26,C9H12ClNO2S,"1,6,7,8,16,17",0,97,5,102,S-A-16,Substitution
750,751,ts_27_1_S-A-25,50,C24H21ClO4,"1,6,8,17",0,76,2,78,S-A-25,Substitution
751,752,ts_27_1_S-C-7,21,C7H8BrClO3S,"1,6,8,16,17,35",0,100,5,105,S-C-7,Substitution
752,753,ts_27_1_S-C-10,31,C13H13BrO3S,"1,6,8,16,35",0,80,2,82,S-C-10,Substitution
753,754,ts_27_1_S-D-2,19,C3H8N2O6,"1,6,7,8",1,97,5,102,S-D-2,Substitution
754,755,ts_27_1_S-D-10,22,C4H9NO7S,"1,6,7,8,16",0,98,5,103,S-D-10,Substitution
755,756,ts_27_1_S-F-4,21,C4H10N2O5,"1,6,7,8",1,95,5,100,S-F-4,Substitution
756,757,ts_27_2_A-E-1,16,C4H8ClNO2,"1,6,7,8,17",0,100,5,105,A-E-1,Addition
757,758,ts_27_2_A-E-6,22,C6H12ClNO2,"1,6,7,8,17",0,99,5,104,A-E-6,Addition
758,759,ts_27_2_A-E-10,22,C6H11NO4,"1,6,7,8",1,99,5,104,A-E-10,Addition
759,760,ts_27_2_A-E-11,20,C5H10N2O3,"1,6,7,8",1,99,5,104,A-E-11,Addition
760,761,ts_27_2_A-E-14,18,C4H8Cl2O3S,"1,6,8,16,17",0,100,5,105,A-E-14,Addition
761,762,ts_27_2_A-E-25,29,C10H12ClNO4S,"1,6,7,8,16,17",0,97,5,102,A-E-25,Addition
762,763,ts_27_2_R-B-5,23,C7H12N2O2,"1,6,7,8",1,99,5,104,R-B-5,Cyclization
763,764,ts_27_2_R-B-10,25,C7H15NO2,"1,6,7,8",1,99,5,104,R-B-10,Cyclization
764,765,ts_27_4_A-I-2,31,C15H13NO2,"1,6,7,8",1,76,2,78,A-I-2,Addition
765,766,ts_27_4_S-C-10,31,C13H13BrO3S,"1,6,8,16,35",0,80,2,82,S-C-10,Substitution
766,767,ts_28_1_A-D-2,27,C8H12O7,"1,6,8",1,97,5,102,A-D-2,Addition
767,768,ts_28_1_A-E-5,26,C10H12O3S,"1,6,8,16",0,98,5,103,A-E-5,Addition
768,769,ts_28_1_A-E-6,21,C6H11Cl2NO,"1,6,7,8,17",0,99,5,104,A-E-6,Addition
769,770,ts_28_1_A-E-9,27,C11H12O4,"1,6,8",1,99,5,104,A-E-9,Addition
770,771,ts_28_1_A-E-11,19,C5H9NO4,"1,6,7,8",1,98,5,103,A-E-11,Addition
771,772,ts_28_1_A-E-16,15,C4H7Cl3S,"1,6,16,17",0,100,5,105,A-E-16,Addition
772,773,ts_28_1_A-E-17,16,C4H6ClNO4,"1,6,7,8,17",0,96,5,101,A-E-17,Addition
773,774,ts_28_1_A-I-4,15,C3H6N2O3S,"1,6,7,8,16",0,98,5,103,A-I-4,Addition
774,775,ts_28_1_A-I-5,44,C21H18N2O3,"1,6,7,8",1,69,2,71,A-I-5,Addition
775,776,ts_28_1_NO2-A-2-b,26,C10H9NO6,"1,6,7,8",1,94,5,99,NO2-A-2-b,Rearrangement
776,777,ts_28_1_NO2-A-5-a,26,C6H12N2O6,"1,6,7,8",1,96,5,101,NO2-A-5-a,Substitution
777,778,ts_28_1_NO2-A-7-e,28,C9H11NO6S,"1,6,7,8,16",0,98,5,103,NO2-A-7-e,Addition
778,779,ts_28_1_NO2-B-2-e,31,C11H13NO6,"1,6,7,8",1,75,2,77,NO2-B-2-e,Addition
779,780,ts_28_1_NO2-B-3-d,20,C5H9NO5,"1,6,7,8",1,94,5,99,NO2-B-3-d,Addition
780,781,ts_28_1_NO2-B-7-e,30,C10H13NO5S,"1,6,7,8,16",0,100,5,105,NO2-B-7-e,Addition
781,782,ts_28_1_NO2-B-11-b,24,C9H10N2O3,"1,6,7,8",1,97,5,102,NO2-B-11-b,Addition
782,783,ts_28_1_NO2-C-2-e,38,C16H15NO6,"1,6,7,8",1,80,2,82,NO2-C-2-e,Addition
783,784,ts_28_1_R-A-4,28,C8H15ClO4,"1,6,8,17",0,99,5,104,R-A-4,Cyclization
784,785,ts_28_1_R-A-11,16,C4H7BrO4,"1,6,8,35",0,94,5,99,R-A-11,Cyclization
785,786,ts_28_1_RR-A-2-b,27,C10H13NO3,"1,6,7,8",1,97,5,102,RR-A-2-b,Rearrangement
786,787,ts_28_1_RR-A-12,45,C21H20N2O2,"1,6,7,8",1,80,2,82,RR-A-12,Rearrangement
787,788,ts_28_1_RR-B-2-b,25,C10H10O5,"1,6,8",1,97,5,102,RR-B-2-b,Rearrangement
788,789,ts_28_1_RR-B-4-b,18,C4H8N4O2,"1,6,7,8",1,92,5,97,RR-B-4-b,Rearrangement
789,790,ts_28_1_S-A-2,34,C12H17ClN2O2,"1,6,7,8,17",0,78,2,80,S-A-2,Substitution
790,791,ts_28_1_S-A-7,18,C4H7Cl3O4,"1,6,8,17",0,97,5,102,S-A-7,Substitution
791,792,ts_28_1_S-B-8,19,C5H9NO4,"1,6,7,8",1,96,5,101,S-B-8,Substitution
792,793,ts_28_1_S-C-12,23,C8H9NO5,"1,6,7,8",1,96,5,101,S-C-12,Substitution
793,794,ts_28_1_S-C-15,30,C12H13NO4,"1,6,7,8",1,99,5,104,S-C-15,Substitution
794,795,ts_28_1_S-F-2,16,C2H5Cl2NO5S,"1,6,7,8,16,17",0,98,5,103,S-F-2,Substitution
795,796,ts_28_2_A-E-20,15,C4H7BrO3,"1,6,8,35",0,97,5,102,A-E-20,Addition
796,797,ts_28_2_A-F-3,26,C10H9ClO5S,"1,6,8,16,17",0,99,5,104,A-F-3,Addition
797,798,ts_28_2_S-A-4,20,C5H9NO5,"1,6,7,8",1,96,5,101,S-A-4,Substitution
798,799,ts_28_2_S-C-7,26,C9H11ClO4S,"1,6,8,16,17",0,99,5,104,S-C-7,Substitution
799,800,ts_28_2_S-G-4,24,C5H10O8S,"1,6,8,16",0,97,5,102,S-G-4,Substitution
800,801,ts_28_3_A-I-2,29,C14H12BrNO,"1,6,7,8,35",0,98,5,103,A-I-2,Addition
801,802,ts_28_3_S-C-12,23,C8H9NO5,"1,6,7,8",1,96,5,101,S-C-12,Substitution
802,803,ts_29_1_A-E-25,28,C10H11ClO5S,"1,6,8,16,17",0,98,5,103,A-E-25,Addition
803,804,ts_29_1_A-E-26,26,C10H11ClO3S,"1,6,8,16,17",0,98,5,103,A-E-26,Addition
804,805,ts_29_1_NO2-A-1-d,22,C5H9NO7,"1,6,7,8",1,94,5,99,NO2-A-1-d,Addition
805,806,ts_29_1_NO2-A-2-d,29,C10H11NO7,"1,6,7,8",1,77,2,79,NO2-A-2-d,Addition
806,807,ts_29_1_NO2-A-3-d,18,C4H7NO6,"1,6,7,8",1,95,5,100,NO2-A-3-d,Addition
807,808,ts_29_1_NO2-A-6-e,21,C4H9NO6S,"1,6,7,8,16",0,99,5,104,NO2-A-6-e,Addition
808,809,ts_29_1_NO2-A-11-b,22,C8H8N2O4,"1,6,7,8",1,100,5,105,NO2-A-11-b,Rearrangement
809,810,ts_29_1_NO2-C-12-e,25,C10H8N2O5,"1,6,7,8",1,91,5,96,NO2-C-12-e,Addition
810,811,ts_29_1_R-B-11,36,C11H22N2O,"1,6,7,8",1,99,5,104,R-B-11,Cyclization
811,812,ts_29_1_R-B-15-a,21,C6H9ClO5,"1,6,8,17",0,96,5,101,R-B-15-a,Rearrangement
812,813,ts_29_1_RR-A-3-a,26,C13H9ClO3,"1,6,8,17",0,97,5,102,RR-A-3-a,Rearrangement
813,814,ts_29_1_RR-A-10,30,C10H16O4,"1,6,8",1,98,5,103,RR-A-10,Rearrangement
814,815,ts_29_1_RR-B-5-a,16,C4H6ClNO4,"1,6,7,8,17",0,99,5,104,RR-B-5-a,Rearrangement
815,816,ts_29_1_S-A-9,32,C9H18ClNO3,"1,6,7,8,17",0,96,5,101,S-A-9,Substitution
816,817,ts_29_1_S-D-12,26,C5H10N2O8S,"1,6,7,8,16",0,89,5,94,S-D-12,Substitution
817,818,ts_29_1_S-G-6,21,C3H9NO7S,"1,6,7,8,16",0,80,4,84,S-G-6,Substitution
818,819,ts_29_2_A-E-1,15,C4H7ClO3,"1,6,8,17",0,97,5,102,A-E-1,Addition
819,820,ts_29_2_A-E-2,15,C4H8Cl2O,"1,6,8,17",0,100,5,105,A-E-2,Addition
820,821,ts_29_2_A-E-10,21,C6H10O5,"1,6,8",1,97,5,102,A-E-10,Addition
821,822,ts_29_2_A-F-3,26,C10H9ClO5S,"1,6,8,16,17",0,98,5,103,A-F-3,Addition
822,823,ts_29_2_S-C-12,21,C8H8N2O3,"1,6,7,8",1,93,5,98,S-C-12,Substitution
823,824,ts_30_1_A-E-1,14,C4H5ClO4,"1,6,8,17",0,98,5,103,A-E-1,Addition
824,825,ts_30_1_A-E-4,15,C4H6O4S,"1,6,8,16",0,96,5,101,A-E-4,Addition
825,826,ts_30_1_A-E-5,25,C10H10O4S,"1,6,8,16",0,94,5,99,A-E-5,Addition
826,827,ts_30_1_A-I-3,14,C3H4N2O5,"1,6,7,8",1,87,5,92,A-I-3,Addition
827,828,ts_30_1_E-1,13,C3H7NO2,"1,6,7,8",1,96,5,101,E-1,Addition
828,829,ts_30_1_NO2-A-1-d,21,C5H7NO8,"1,6,7,8",1,90,5,95,NO2-A-1-d,Addition
829,830,ts_30_1_NO2-A-4-a,27,C10H9NO7,"1,6,7,8",1,89,5,94,NO2-A-4-a,Substitution
830,831,ts_30_1_NO2-A-5-b,22,C6H8N2O6,"1,6,7,8",1,95,5,100,NO2-A-5-b,Rearrangement
831,832,ts_30_1_NO2-B-2-d,25,C9H10ClNO4,"1,6,7,8,17",0,98,5,103,NO2-B-2-d,Addition
832,833,ts_30_1_NO2-B-7-d,29,C10H11NO6S,"1,6,7,8,16",0,74,2,76,NO2-B-7-d,Addition
833,834,ts_30_1_NO2-B-11-d,26,C9H10N2O5,"1,6,7,8",1,94,5,99,NO2-B-11-d,Addition
834,835,ts_30_1_RR-A-8-c,18,C5H7NO5,"1,6,7,8",1,95,5,100,RR-A-8-c,Rearrangement
835,836,ts_30_1_S-A-25,49,C24H19ClO5,"1,6,8,17",0,78,2,80,S-A-25,Substitution
836,837,ts_30_1_S-B-4-a,24,C10H10O4,"1,6,8",1,99,5,104,S-B-4-a,Rearrangement
837,838,ts_30_1_S-B-4-b,25,C10H8Br2O5,"1,6,8,35",0,95,5,100,S-B-4-b,Rearrangement
838,839,ts_30_1_S-C-7,22,C8H8ClNO3S,"1,6,7,8,16,17",0,97,5,102,S-C-7,Substitution
839,840,ts_30_1_S-D-14,28,C9H9NO8S,"1,6,7,8,16",0,72,2,74,S-D-14,Substitution
840,841,ts_30_1_S-F-3,17,C2H5ClN2O6S,"1,6,7,8,16,17",0,95,5,100,S-F-3,Substitution
841,842,ts_30_1_S-G-5,24,C4H12N2O5S,"1,6,7,8,16",0,98,5,103,S-G-5,Substitution
842,843,ts_30_2_NO2-A-6-a,20,C4H7NO7S,"1,6,7,8,16",0,94,5,99,NO2-A-6-a,Substitution
843,844,ts_30_2_R-B-2,17,C7H9F,"1,6,9",0,99,5,104,R-B-2,Cyclization
844,845,ts_30_2_R-B-3,16,C6H9N,"1,6,7",1,100,5,105,R-B-3,Cyclization
845,846,ts_30_3_A-I-1,25,C10H11NO3,"1,6,7,8",1,99,5,104,A-I-1,Addition
846,847,ts_30_3_R-B-10,24,C7H13NO3,"1,6,7,8",1,97,5,102,R-B-10,Cyclization
847,848,ts_30_4_S-C-7,22,C8H8ClNO3S,"1,6,7,8,16,17",0,95,5,100,S-C-7,Substitution
848,849,ts_31_1_A-E-25,27,C10H9ClO6S,"1,6,8,16,17",0,97,5,102,A-E-25,Addition
849,850,ts_31_1_A-I-2,30,C15H12N2O,"1,6,7,8",1,75,2,77,A-I-2,Addition
850,851,ts_31_1_A-I-5,41,C20H17FN2O,"1,6,7,8,9",0,79,2,81,A-I-5,Addition
851,852,ts_31_1_NO2-A-1-d,21,C5H7NO8,"1,6,7,8",1,93,5,98,NO2-A-1-d,Addition
852,853,ts_31_1_NO2-A-2-a,28,C10H9NO8,"1,6,7,8",1,74,2,76,NO2-A-2-a,Substitution
853,854,ts_31_1_NO2-A-4-a,27,C10H9NO7,"1,6,7,8",1,99,5,104,NO2-A-4-a,Substitution
854,855,ts_31_1_NO2-A-9-e,18,C3H6N2O7,"1,6,7,8",1,97,5,102,NO2-A-9-e,Addition
855,856,ts_31_1_NO2-A-10-a,14,C2H4N2O6,"1,6,7,8",1,93,5,98,NO2-A-10-a,Substitution
856,857,ts_31_1_NO2-A-11-e,24,C8H8N2O6,"1,6,7,8",1,95,5,100,NO2-A-11-e,Addition
857,858,ts_31_1_NO2-A-12-a,16,C4H4N2O6,"1,6,7,8",1,89,5,94,NO2-A-12-a,Substitution
858,859,ts_31_1_NO2-B-11-c,26,C9H10N2O5,"1,6,7,8",1,100,5,105,NO2-B-11-c,Addition
859,860,ts_31_1_NO2-B-11-e,27,C9H13N3O2,"1,6,7,8",1,99,5,104,NO2-B-11-e,Addition
860,861,ts_31_1_RR-A-13-c,29,C12H12O5,"1,6,8",1,92,5,97,RR-A-13-c,Rearrangement
861,862,ts_31_1_S-A-10,32,C8H20N2O2,"1,6,7,8",1,99,5,104,S-A-10,Substitution
862,863,ts_31_1_S-A-11,23,C5H12N2O4,"1,6,7,8",1,96,5,101,S-A-11,Substitution
863,864,ts_31_1_S-A-14,21,C5H12ClNOS,"1,6,7,8,16,17",0,96,5,101,S-A-14,Substitution
864,865,ts_31_1_S-A-16,23,C9H9ClO3S,"1,6,8,16,17",0,92,5,97,S-A-16,Substitution
865,866,ts_31_1_S-A-19,12,C3H5BrN2O,"1,6,7,8,35",0,95,5,100,S-A-19,Substitution
866,867,ts_31_1_S-B-3-a,12,C4H4O4,"1,6,8",1,93,5,98,S-B-3-a,Rearrangement
867,868,ts_31_1_S-B-4-a,22,C10H8O4,"1,6,8",1,97,5,102,S-B-4-a,Rearrangement
868,869,ts_31_1_S-C-2-ab,24,C8H8BrNO6,"1,6,7,8,35",0,92,5,97,S-C-2-ab,Substitution
869,870,ts_31_1_S-D-11,23,C4H10N2O6S,"1,6,7,8,16",0,96,5,101,S-D-11,Substitution
870,871,ts_31_1_S-D-14,29,C9H12N2O5S,"1,6,7,8,16",0,95,5,100,S-D-14,Substitution
871,872,ts_31_1_S-G-5,24,C4H12N2O5S,"1,6,7,8,16",0,99,5,104,S-G-5,Substitution
872,873,ts_31_2_A-E-10,20,C6H8O6,"1,6,8",1,93,5,98,A-E-10,Addition
873,874,ts_31_2_A-E-18,27,C11H10O6,"1,6,8",1,97,5,102,A-E-18,Addition
874,875,ts_31_2_A-E-24,16,C5H7BrClNS,"1,6,7,16,17,35",0,94,5,99,A-E-24,Addition
875,876,ts_31_2_S-B-3-a,12,C4H4O4,"1,6,8",1,97,5,102,S-B-3-a,Rearrangement
876,877,ts_31_2_S-B-8,17,C4H9NO3,"1,6,7,8",1,99,5,104,S-B-8,Substitution
877,878,ts_31_4_S-C-12,24,C8H11NO4,"1,6,7,8",1,99,5,104,S-C-12,Substitution
878,879,ts_32_1_A-A-2,22,C8H9NO4,"1,6,7,8",1,97,5,102,A-A-2,Addition
879,880,ts_32_1_A-E-8,21,C6H12ClNO,"1,6,7,8,17",0,100,5,105,A-E-8,Addition
880,881,ts_32_1_A-E-17,16,C4H7ClN2O2,"1,6,7,8,17",0,100,5,105,A-E-17,Addition
881,882,ts_32_1_A-F-2,19,C5H8BrNO3S,"1,6,7,8,16,35",0,98,5,103,A-F-2,Addition
882,883,ts_32_1_NO2-A-1-c,22,C5H10N2O5,"1,6,7,8",1,92,5,97,NO2-A-1-c,Addition
883,884,ts_32_1_NO2-A-2-e,29,C10H12N2O5,"1,6,7,8",1,98,5,103,NO2-A-2-e,Addition
884,885,ts_32_1_NO2-A-3-d,18,C4H8N2O4,"1,6,7,8",1,95,5,100,NO2-A-3-d,Addition
885,886,ts_32_1_NO2-A-5-d,24,C6H10N2O6,"1,6,7,8",1,94,5,99,NO2-A-5-d,Addition
886,887,ts_32_1_R-A-1,15,C3H8ClNO2,"1,6,7,8,17",0,100,5,105,R-A-1,Cyclization
887,888,ts_32_1_R-B-2,20,C8H12,"1,6",1,100,5,105,R-B-2,Cyclization
888,889,ts_32_1_R-B-10,26,C8H15NO2,"1,6,7,8",1,99,5,104,R-B-10,Cyclization
889,890,ts_32_1_R-B-14,24,C7H13ClO3,"1,6,8,17",0,98,5,103,R-B-14,Cyclization
890,891,ts_32_1_RR-B-6-a,14,C3H7NO3,"1,6,7,8",1,98,5,103,RR-B-6-a,Rearrangement
891,892,ts_32_1_S-A-12,28,C8H14ClNO4,"1,6,7,8,17",0,97,5,102,S-A-12,Substitution
892,893,ts_32_1_S-A-18,24,C6H13ClN2O2,"1,6,7,8,17",0,99,5,104,S-A-18,Substitution
893,894,ts_32_1_S-A-19,15,C3H8BrNO2,"1,6,7,8,35",0,99,5,104,S-A-19,Substitution
894,895,ts_32_1_S-A-21,15,C4H6ClFO3,"1,6,8,9,17",0,92,5,97,S-A-21,Substitution
895,896,ts_32_1_S-B-5-b,16,C4H6Br2O4,"1,6,8,35",0,99,5,104,S-B-5-b,Addition
896,897,ts_32_1_S-C-4,27,C9H13ClN2O2,"1,6,7,8,17",0,100,5,105,S-C-4,Substitution
897,898,ts_32_1_S-D-15,29,C9H11NO7S,"1,6,7,8,16",0,77,2,79,S-D-15,Substitution
898,899,ts_32_1_S-F-2,15,C2H5Cl2NO4S,"1,6,7,8,16,17",0,96,5,101,S-F-2,Substitution
899,900,ts_32_1_S-G-5,24,C3H13N3O4S,"1,6,7,8,16",0,100,5,105,S-G-5,Substitution
900,901,ts_32_2_A-D-1,13,C3H6O4,"1,6,8",1,97,5,102,A-D-1,Addition
901,902,ts_32_2_A-E-6,26,C7H15ClN2O,"1,6,7,8,17",0,100,5,105,A-E-6,Addition
902,903,ts_32_2_A-E-18,28,C11H13NO3,"1,6,7,8",1,96,5,101,A-E-18,Addition
903,904,ts_32_2_A-E-22,21,C5H10BrNO3S,"1,6,7,8,16,35",0,99,5,104,A-E-22,Addition
904,905,ts_32_2_R-A-11,16,C4H8BrNO2,"1,6,7,8,35",0,98,5,103,R-A-11,Cyclization
905,906,ts_32_2_R-B-7,19,C6H11NO,"1,6,7,8",1,100,5,105,R-B-7,Cyclization
906,907,ts_32_2_S-C-7,24,C8H11ClO3S,"1,6,8,16,17",0,99,5,104,S-C-7,Substitution
907,908,ts_32_2_S-C-10,34,C14H16O3S,"1,6,8,16",0,79,2,81,S-C-10,Substitution
908,909,ts_32_4_A-I-2,33,C15H15NO2,"1,6,7,8",1,77,2,79,A-I-2,Addition
909,910,ts_33_1_A-E-8,20,C6H11ClO2,"1,6,8,17",0,99,5,104,A-E-8,Addition
910,911,ts_33_1_A-E-11,18,C5H9NO3,"1,6,7,8",1,99,5,104,A-E-11,Addition
911,912,ts_33_1_A-E-19,27,C11H12O4,"1,6,8",1,94,5,99,A-E-19,Addition
912,913,ts_33_1_A-H-1,15,C4H7NO3,"1,6,7,8",1,98,5,103,A-H-1,Addition
913,914,ts_33_1_A-I-4,14,C3H6N2O2S,"1,6,7,8,16",0,97,5,102,A-I-4,Addition
914,915,ts_33_1_NO2-A-1-e,21,C5H9NO6,"1,6,7,8",1,97,5,102,NO2-A-1-e,Addition
915,916,ts_33_1_NO2-A-2-e,28,C10H11NO6,"1,6,7,8",1,96,5,101,NO2-A-2-e,Addition
916,917,ts_33_1_NO2-A-7-a,26,C9H9NO6S,"1,6,7,8,16",0,95,5,100,NO2-A-7-a,Substitution
917,918,ts_33_1_NO2-A-8-a,21,C4H9NO6S,"1,6,7,8,16",0,98,5,103,NO2-A-8-a,Substitution
918,919,ts_33_1_NO2-A-10-d,14,C2H6N2O4,"1,6,7,8",1,98,5,103,NO2-A-10-d,Addition
919,920,ts_33_1_NO2-B-11-b,23,C9H10N2O2,"1,6,7,8",1,98,5,103,NO2-B-11-b,Addition
920,921,ts_33_1_NO2-B-11-e,26,C9H12N2O3,"1,6,7,8",1,99,5,104,NO2-B-11-e,Addition
921,922,ts_33_1_R-A-4,28,C8H17ClO2,"1,6,8,17",0,100,5,105,R-A-4,Cyclization
922,923,ts_33_1_R-A-7,27,C7H16N2O2,"1,6,7,8",1,99,5,104,R-A-7,Cyclization
923,924,ts_33_1_RR-A-2-a,19,C8H7FO3,"1,6,8,9",0,96,5,101,RR-A-2-a,Rearrangement
924,925,ts_33_1_RR-A-2-b,27,C10H13NO3,"1,6,7,8",1,96,5,101,RR-A-2-b,Rearrangement
925,926,ts_33_1_RR-A-3-b,28,C14H11ClO2,"1,6,8,17",0,100,5,105,RR-A-3-b,Rearrangement
926,927,ts_33_1_RR-A-12,41,C21H16N2O2,"1,6,7,8",1,72,2,74,RR-A-12,Rearrangement
927,928,ts_33_1_S-A-14,20,C4H11ClN2OS,"1,6,7,8,16,17",0,98,5,103,S-A-14,Substitution
928,929,ts_33_1_S-A-26,17,C5H7BrClFO2,"1,6,8,9,17,35",0,94,5,99,S-A-26,Substitution
929,930,ts_33_1_S-B-7,21,C5H9NO6,"1,6,7,8",1,96,5,101,S-B-7,Substitution
930,931,ts_33_1_S-C-12,22,C7H8N2O5,"1,6,7,8",1,95,5,100,S-C-12,Substitution
931,932,ts_33_1_S-C-15,29,C12H13NO3,"1,6,7,8",1,98,5,103,S-C-15,Substitution
932,933,ts_33_2_A-E-6,25,C7H14ClNO2,"1,6,7,8,17",0,100,5,105,A-E-6,Addition
933,934,ts_33_2_A-E-16,19,C5H10Cl2OS,"1,6,8,16,17",0,100,5,105,A-E-16,Addition
934,935,ts_33_3_S-C-10,33,C13H13NO5S,"1,6,7,8,16",0,80,2,82,S-C-10,Substitution
935,936,ts_33_4_S-C-10,33,C13H13NO5S,"1,6,7,8,16",0,77,2,79,S-C-10,Substitution
936,937,ts_34_1_A-A-2,21,C8H8N2O3,"1,6,7,8",1,89,5,94,A-A-2,Addition
937,938,ts_34_1_A-E-4,15,C4H8O2S,"1,6,8,16",0,97,5,102,A-E-4,Addition
938,939,ts_34_1_A-E-8,18,C6H9ClO2,"1,6,8,17",0,97,5,102,A-E-8,Addition
939,940,ts_34_1_A-F-3,25,C10H9ClO4S,"1,6,8,16,17",0,96,5,101,A-F-3,Addition
940,941,ts_34_1_NO2-A-2-c,28,C10H11NO6,"1,6,7,8",1,97,5,102,NO2-A-2-c,Addition
941,942,ts_34_1_NO2-A-4-a,27,C10H11NO5,"1,6,7,8",1,90,5,95,NO2-A-4-a,Substitution
942,943,ts_34_1_NO2-A-5-a,25,C6H12N2O5,"1,6,7,8",1,97,5,102,NO2-A-5-a,Substitution
943,944,ts_34_1_NO2-A-8-e,21,C4H9NO6S,"1,6,7,8,16",0,98,5,103,NO2-A-8-e,Addition
944,945,ts_34_1_NO2-A-9-d,18,C3H8N2O5,"1,6,7,8",1,99,5,104,NO2-A-9-d,Addition
945,946,ts_34_1_NO2-A-9-e,18,C3H8N2O5,"1,6,7,8",1,100,5,105,NO2-A-9-e,Addition
946,947,ts_34_1_NO2-A-11-e,24,C8H10N2O4,"1,6,7,8",1,95,5,100,NO2-A-11-e,Addition
947,948,ts_34_1_NO2-B-3-d,19,C5H9NO4,"1,6,7,8",1,95,5,100,NO2-B-3-d,Addition
948,949,ts_34_1_NO2-B-11-c,26,C9H12N2O3,"1,6,7,8",1,97,5,102,NO2-B-11-c,Addition
949,950,ts_34_1_NO2-C-12-e,24,C10H8N2O4,"1,6,7,8",1,89,5,94,NO2-C-12-e,Addition
950,951,ts_34_1_R-A-10,15,C4H7FO3,"1,6,8,9",0,99,5,104,R-A-10,Cyclization
951,952,ts_34_1_R-B-10,24,C7H15NO,"1,6,7,8",1,99,5,104,R-B-10,Cyclization
952,953,ts_34_1_R-B-12,24,C9H12O3,"1,6,8",1,99,5,104,R-B-12,Cyclization
953,954,ts_34_1_RR-A-1,16,C5H8O3,"1,6,8",1,98,5,103,RR-A-1,Rearrangement
954,955,ts_34_1_RR-A-12,41,C21H16N2O2,"1,6,7,8",1,77,2,79,RR-A-12,Rearrangement
955,956,ts_34_1_RR-A-13-a,29,C12H14O3,"1,6,8",1,98,5,103,RR-A-13-a,Rearrangement
956,957,ts_34_1_RR-B-8-a,32,C10H17N3O2,"1,6,7,8",1,99,5,104,RR-B-8-a,Rearrangement
957,958,ts_34_1_S-A-3,29,C10H14BrFN2O,"1,6,7,8,9,35",0,96,5,101,S-A-3,Substitution
958,959,ts_34_1_S-A-10,29,C7H17FN2O2,"1,6,7,8,9",0,100,5,105,S-A-10,Substitution
959,960,ts_34_1_S-A-11,21,C5H10BrNO4,"1,6,7,8,35",0,97,5,102,S-A-11,Substitution
960,961,ts_34_1_S-A-14,18,C4H9ClFNOS,"1,6,7,8,9,16,17",0,99,5,104,S-A-14,Substitution
961,962,ts_34_1_S-A-18,23,C5H12ClN3O2,"1,6,7,8,17",0,97,5,102,S-A-18,Substitution
962,963,ts_34_1_S-A-19,13,C2H5BrN2O3,"1,6,7,8,35",0,96,5,101,S-A-19,Substitution
963,964,ts_34_1_S-B-12,27,C10H11NO5,"1,6,7,8",1,95,5,100,S-B-12,Substitution
964,965,ts_34_1_S-C-13,35,C15H17NO2,"1,6,7,8",1,80,2,82,S-C-13,Substitution
965,966,ts_34_1_S-D-14,27,C9H9NO7S,"1,6,7,8,16",0,89,5,94,S-D-14,Substitution
966,967,ts_34_1_S-D-16,39,C15H14N2O7S,"1,6,7,8,16",0,75,2,77,S-D-16,Substitution
967,968,ts_34_1_S-G-2,18,C4H6ClNO5S,"1,6,7,8,16,17",0,94,5,99,S-G-2,Substitution
968,969,ts_34_1_S-H-2,18,C2H3Cl6O5PS,"1,6,8,15,16,17",0,96,5,101,S-H-2,Substitution
969,970,ts_34_2_A-I-2,31,C14H12N2O3,"1,6,7,8",1,77,2,79,A-I-2,Addition
970,971,ts_34_3_A-I-2,31,C14H12N2O3,"1,6,7,8",1,75,2,77,A-I-2,Addition
971,972,ts_34_3_S-C-10,32,C13H14O4S,"1,6,8,16",0,79,2,81,S-C-10,Substitution
972,973,ts_35_1_A-I-2,30,C14H13NO2,"1,6,7,8",1,99,5,104,A-I-2,Addition
973,974,ts_35_1_A-I-3,13,C3H4N2O4,"1,6,7,8",1,95,5,100,A-I-3,Addition
974,975,ts_35_1_NO2-A-2-b,24,C10H7NO6,"1,6,7,8",1,97,5,102,NO2-A-2-b,Rearrangement
975,976,ts_35_1_NO2-A-4-b,23,C10H7NO5,"1,6,7,8",1,85,5,90,NO2-A-4-b,Rearrangement
976,977,ts_35_1_NO2-A-5-d,26,C6H11N3O6,"1,6,7,8",1,89,5,94,NO2-A-5-d,Addition
977,978,ts_35_1_NO2-A-10-a,13,C2H4N2O5,"1,6,7,8",1,95,5,100,NO2-A-10-a,Substitution
978,979,ts_35_1_NO2-A-11-d,22,C7H10N2O3,"1,6,7,8",1,99,5,104,NO2-A-11-d,Addition
979,980,ts_35_1_NO2-A-12-d,15,C4H4N2O5,"1,6,7,8",1,89,5,94,NO2-A-12-d,Addition
980,981,ts_35_1_NO2-B-11-d,25,C9H10N2O4,"1,6,7,8",1,97,5,102,NO2-B-11-d,Addition
981,982,ts_35_1_RR-A-1,15,C5H6O4,"1,6,8",1,87,5,92,RR-A-1,Rearrangement
982,983,ts_35_1_RR-A-10,28,C10H14O4,"1,6,8",1,97,5,102,RR-A-10,Rearrangement
983,984,ts_35_1_S-A-6,25,C5H15N3O2,"1,6,7,8",1,100,5,105,S-A-6,Substitution
984,985,ts_35_1_S-B-11,27,C10H9NO7,"1,6,7,8",1,93,5,98,S-B-11,Substitution
985,986,ts_35_1_S-C-1,36,C12H20Cl2N2,"1,6,7,17",0,80,2,82,S-C-1,Substitution
986,987,ts_35_1_S-C-12,20,C7H8ClNO3,"1,6,7,8,17",0,95,5,100,S-C-12,Substitution
987,988,ts_35_1_S-D-8,15,C4H4N2O5,"1,6,7,8",1,89,5,94,S-D-8,Substitution
988,989,ts_35_2_A-E-11,17,C5H7NO4,"1,6,7,8",1,99,5,104,A-E-11,Addition
989,990,ts_35_2_A-I-1,23,C9H11NO2,"1,6,7,8",1,98,5,103,A-I-1,Addition
990,991,ts_35_2_R-A-10,14,C4H5FO4,"1,6,8,9",0,98,5,103,R-A-10,Cyclization
991,992,ts_35_2_R-B-4,18,C6H10ClN,"1,6,7,17",0,99,5,104,R-B-4,Cyclization
992,993,ts_35_2_R-B-10,21,C6H12ClNO,"1,6,7,8,17",0,100,5,105,R-B-10,Cyclization
993,994,ts_35_4_S-C-7,21,C7H8Cl2O3S,"1,6,8,16,17",0,99,5,104,S-C-7,Substitution
994,995,ts_36_1_A-E-13,13,C4H4Cl2O3,"1,6,8,17",0,99,5,104,A-E-13,Addition
995,996,ts_36_1_A-E-19,26,C11H10O5,"1,6,8",1,97,5,102,A-E-19,Addition
996,997,ts_36_1_A-H-1,14,C4H5NO4,"1,6,7,8",1,89,5,94,A-H-1,Addition
997,998,ts_36_1_NO2-A-5-d,24,C6H11ClN2O4,"1,6,7,8,17",0,96,5,101,NO2-A-5-d,Addition
998,999,ts_36_1_NO2-A-7-d,26,C9H9NO6S,"1,6,7,8,16",0,94,5,99,NO2-A-7-d,Addition
999,1000,ts_36_1_NO2-A-11-d,30,C10H14N2O4,"1,6,7,8",1,98,5,103,NO2-A-11-d,Addition
1000,1001,ts_36_1_NO2-B-7-d,28,C10H11NO5S,"1,6,7,8,16",0,95,5,100,NO2-B-7-d,Addition
1001,1002,ts_36_1_NO2-B-11-c,25,C9H10N2O4,"1,6,7,8",1,96,5,101,NO2-B-11-c,Addition
1002,1003,ts_36_1_NO2-B-11-d,25,C9H10N2O4,"1,6,7,8",1,97,5,102,NO2-B-11-d,Addition
1003,1004,ts_36_1_R-A-2,17,C5H7ClO4,"1,6,8,17",0,96,5,101,R-A-2,Cyclization
1004,1005,ts_36_1_R-A-6,27,C7H16N2O2,"1,6,7,8",1,98,5,103,R-A-6,Cyclization
1005,1006,ts_36_1_R-B-10,23,C6H14N2O,"1,6,7,8",1,100,5,105,R-B-10,Cyclization
1006,1007,ts_36_1_RR-A-13-c,28,C12H12O4,"1,6,8",1,100,5,105,RR-A-13-c,Rearrangement
1007,1008,ts_36_1_RR-B-6-b,18,C5H9NO3,"1,6,7,8",1,95,5,100,RR-B-6-b,Rearrangement
1008,1009,ts_36_1_RR-B-7-a,17,C4H7NO5,"1,6,7,8",1,94,5,99,RR-B-7-a,Rearrangement
1009,1010,ts_36_1_S-A-5,21,C5H11BrClNO2,"1,6,7,8,17,35",0,100,5,105,S-A-5,Substitution
1010,1011,ts_36_1_S-A-18,23,C6H11ClN2O3,"1,6,7,8,17",0,92,5,97,S-A-18,Substitution
1011,1012,ts_36_1_S-B-3-a,14,C4H7NO2,"1,6,7,8",1,98,5,103,S-B-3-a,Rearrangement
1012,1013,ts_36_1_S-C-4,27,C9H13BrN2O2,"1,6,7,8,35",0,100,5,105,S-C-4,Substitution
1013,1014,ts_36_1_S-C-16,28,C12H11NO4,"1,6,7,8",1,97,5,102,S-C-16,Substitution
1014,1015,ts_36_1_S-D-10,22,C5H9NO6S,"1,6,7,8,16",0,93,5,98,S-D-10,Substitution
1015,1016,ts_36_1_S-D-13,28,C10H11NO5S,"1,6,7,8,16",0,91,5,96,S-D-13,Substitution
1016,1017,ts_36_2_A-E-11,17,C5H7NO4,"1,6,7,8",1,96,5,101,A-E-11,Addition
1017,1018,ts_36_2_NO2-A-6-a,19,C4H7NO6S,"1,6,7,8,16",0,96,5,101,NO2-A-6-a,Substitution
1018,1019,ts_36_2_S-B-8,14,C3H6BrNO3,"1,6,7,8,35",0,95,5,100,S-B-8,Substitution
1019,1020,ts_36_3_A-I-2,29,C14H12ClNO,"1,6,7,8,17",0,97,5,102,A-I-2,Addition
1020,1021,ts_37_1_A-A-2,25,C8H12N2O3,"1,6,7,8",1,99,5,104,A-A-2,Addition
1021,1022,ts_37_1_A-E-2,15,C4H8BrClO,"1,6,8,17,35",0,100,5,105,A-E-2,Addition
1022,1023,ts_37_1_A-E-7,39,C18H17NO3,"1,6,7,8",1,76,2,78,A-E-7,Addition
1023,1024,ts_37_1_A-E-11,19,C6H9NO3,"1,6,7,8",1,93,5,98,A-E-11,Addition
1024,1025,ts_37_1_A-E-17,16,C5H6ClNO3,"1,6,7,8,17",0,96,5,101,A-E-17,Addition
1025,1026,ts_37_1_A-E-26,26,C11H11ClO2S,"1,6,8,16,17",0,98,5,103,A-E-26,Addition
1026,1027,ts_37_1_NO2-A-2-d,29,C11H11NO6,"1,6,7,8",1,71,2,73,NO2-A-2-d,Addition
1027,1028,ts_37_1_NO2-A-4-b,25,C11H9NO4,"1,6,7,8",1,92,5,97,NO2-A-4-b,Rearrangement
1028,1029,ts_37_1_NO2-A-5-e,24,C6H11ClN2O4,"1,6,7,8,17",0,98,5,103,NO2-A-5-e,Addition
1029,1030,ts_37_1_NO2-A-6-e,21,C5H9NO5S,"1,6,7,8,16",0,97,5,102,NO2-A-6-e,Addition
1030,1031,ts_37_1_NO2-A-9-a,15,C2H6N2O5,"1,6,7,8",1,96,5,101,NO2-A-9-a,Substitution
1031,1032,ts_37_1_R-A-5,21,C5H12BrNO2,"1,6,7,8,35",0,100,5,105,R-A-5,Cyclization
1032,1033,ts_37_1_R-A-6,22,C5H13BrN2O,"1,6,7,8,35",0,100,5,105,R-A-6,Cyclization
1033,1034,ts_37_1_R-A-11,16,C5H7BrO3,"1,6,8,35",0,95,5,100,R-A-11,Cyclization
1034,1035,ts_37_1_RR-A-1,17,C6H8O3,"1,6,8",1,98,5,103,RR-A-1,Rearrangement
1035,1036,ts_37_1_RR-A-8-c,19,C6H9NO3,"1,6,7,8",1,95,5,100,RR-A-8-c,Rearrangement
1036,1037,ts_37_1_RR-B-6-a,18,C5H9NO3,"1,6,7,8",1,98,5,103,RR-B-6-a,Rearrangement
1037,1038,ts_37_1_RR-B-8-a,30,C10H15BrN2O2,"1,6,7,8,35",0,100,5,105,RR-B-8-a,Rearrangement
1038,1039,ts_37_1_S-A-15,35,C12H18N2O3,"1,6,7,8",1,77,2,79,S-A-15,Substitution
1039,1040,ts_37_1_S-B-5-b,17,C5H6Br2O4,"1,6,8,35",0,95,5,100,S-B-5-b,Addition
1040,1041,ts_37_1_S-B-9,26,C7H12N2O5,"1,6,7,8",1,92,5,97,S-B-9,Substitution
1041,1042,ts_37_1_S-C-2-aa,25,C9H8N2O6,"1,6,7,8",1,91,5,96,S-C-2-aa,Substitution
1042,1043,ts_37_1_S-C-10,31,C13H13FO3S,"1,6,8,9,16",0,80,2,82,S-C-10,Substitution
1043,1044,ts_37_1_S-D-14,29,C10H11NO6S,"1,6,7,8,16",0,74,2,76,S-D-14,Substitution
1044,1045,ts_37_1_S-G-1,18,C3H7Cl2NO4S,"1,6,7,8,16,17",0,99,5,104,S-G-1,Substitution
1045,1046,ts_37_2_A-E-6,24,C7H12ClNO3,"1,6,7,8,17",0,99,5,104,A-E-6,Addition
1046,1047,ts_37_2_RR-B-7-a,19,C5H9NO4,"1,6,7,8",1,95,5,100,RR-B-7-a,Rearrangement
1047,1048,ts_37_2_S-A-8,28,C7H14ClNO5,"1,6,7,8,17",0,98,5,103,S-A-8,Substitution
1048,1049,ts_37_2_S-B-8,17,C4H7NO5,"1,6,7,8",1,96,5,101,S-B-8,Substitution
1049,1050,ts_37_3_A-I-1,24,C9H12N2O,"1,6,7,8",1,99,5,104,A-I-1,Addition
1050,1051,ts_37_3_A-I-2,31,C14H14N2O,"1,6,7,8",1,98,5,103,A-I-2,Addition
1051,1052,ts_37_3_RR-B-7-a,19,C5H9NO4,"1,6,7,8",1,97,5,102,RR-B-7-a,Rearrangement
1052,1053,ts_37_3_S-B-8,17,C4H7NO5,"1,6,7,8",1,96,5,101,S-B-8,Substitution
1053,1054,ts_37_4_A-I-2,31,C14H14N2O,"1,6,7,8",1,95,5,100,A-I-2,Addition
1054,1055,ts_37_4_R-B-7,22,C8H12O2,"1,6,8",1,99,5,104,R-B-7,Cyclization
1055,1056,ts_37_4_S-C-12,25,C8H12N2O3,"1,6,7,8",1,99,5,104,S-C-12,Substitution
1056,1057,ts_38_1_A-E-2,18,C5H9ClO3,"1,6,8,17",0,98,5,103,A-E-2,Addition
1057,1058,ts_38_1_A-E-8,16,C5H9ClO,"1,6,8,17",0,98,5,103,A-E-8,Addition
1058,1059,ts_38_1_NO2-A-1-a,22,C6H9NO6,"1,6,7,8",1,89,5,94,NO2-A-1-a,Substitution
1059,1060,ts_38_1_NO2-A-3-b,15,C5H5NO4,"1,6,7,8",1,95,5,100,NO2-A-3-b,Rearrangement
1060,1061,ts_38_1_NO2-A-7-d,28,C10H11NO5S,"1,6,7,8,16",0,96,5,101,NO2-A-7-d,Addition
1061,1062,ts_38_1_NO2-B-7-d,30,C11H13NO4S,"1,6,7,8,16",0,100,5,105,NO2-B-7-d,Addition
1062,1063,ts_38_1_R-A-8,34,C9H20N2O3,"1,6,7,8",1,100,5,105,R-A-8,Cyclization
1063,1064,ts_38_1_R-B-7,17,C6H9BrO,"1,6,8,35",0,98,5,103,R-B-7,Cyclization
1064,1065,ts_38_1_R-B-14,24,C7H11ClO5,"1,6,8,17",0,96,5,101,R-B-14,Cyclization
1065,1066,ts_38_1_RR-A-3-a,30,C14H12O4,"1,6,8",1,75,2,77,RR-A-3-a,Rearrangement
1066,1067,ts_38_1_RR-A-10,30,C11H16O3,"1,6,8",1,96,5,101,RR-A-10,Rearrangement
1067,1068,ts_38_1_RR-A-13-b,30,C13H14O3,"1,6,8",1,97,5,102,RR-A-13-b,Rearrangement
1068,1069,ts_38_1_RR-B-2-b,25,C10H11NO3,"1,6,7,8",1,98,5,103,RR-B-2-b,Rearrangement
1069,1070,ts_38_1_S-A-4,18,C4H8ClNO4,"1,6,7,8,17",0,99,5,104,S-A-4,Substitution
1070,1071,ts_38_1_S-A-11,23,C6H11NO5,"1,6,7,8",1,92,5,97,S-A-11,Substitution
1071,1072,ts_38_1_S-B-3-a,12,C4H5FO2,"1,6,8,9",0,97,5,102,S-B-3-a,Rearrangement
1072,1073,ts_38_1_S-B-9,26,C6H13N3O4,"1,6,7,8",1,95,5,100,S-B-9,Substitution
1073,1074,ts_38_1_S-F-4,21,C4H11N3O3,"1,6,7,8",1,98,5,103,S-F-4,Substitution
1074,1075,ts_38_2_A-E-14,17,C4H8Cl2O2S,"1,6,8,16,17",0,99,5,104,A-E-14,Addition
1075,1076,ts_38_2_A-E-16,15,C4H8Cl2S,"1,6,16,17",0,100,5,105,A-E-16,Addition
1076,1077,ts_38_2_R-B-2,18,C8H9N,"1,6,7",1,94,5,99,R-B-2,Cyclization
1077,1078,ts_38_2_S-A-17,24,C5H14N2O3,"1,6,7,8",1,100,5,105,S-A-17,Substitution
1078,1079,ts_38_2_S-C-7,26,C8H12ClNO3S,"1,6,7,8,16,17",0,100,5,105,S-C-7,Substitution
1079,1080,ts_38_3_A-I-1,22,C9H10FNO,"1,6,7,8,9",0,100,5,105,A-I-1,Addition
1080,1081,ts_38_3_S-C-12,20,C7H8BrNO3,"1,6,7,8,35",0,100,5,105,S-C-12,Substitution
1081,1082,ts_38_4_S-C-13,39,C16H20N2O,"1,6,7,8",1,79,2,81,S-C-13,Substitution
1082,1083,ts_39_1_A-E-10,21,C6H11NO3,"1,6,7,8",1,98,5,103,A-E-10,Addition
1083,1084,ts_39_1_A-E-15,17,C4H7Cl2NO2S,"1,6,7,8,16,17",0,98,5,103,A-E-15,Addition
1084,1085,ts_39_1_A-E-19,28,C11H13NO3,"1,6,7,8",1,98,5,103,A-E-19,Addition
1085,1086,ts_39_1_A-E-21,15,C4H7Br2NO,"1,6,7,8,35",0,99,5,104,A-E-21,Addition
1086,1087,ts_39_1_A-I-3,15,C3H7N3O2,"1,6,7,8",1,96,5,101,A-I-3,Addition
1087,1088,ts_39_1_E-1,17,C5H7NO4,"1,6,7,8",1,92,5,97,E-1,Addition
1088,1089,ts_39_1_NO2-A-3-b,15,C4H6N2O3,"1,6,7,8",1,98,5,103,NO2-A-3-b,Rearrangement
1089,1090,ts_39_1_NO2-A-4-c,28,C10H12N2O4,"1,6,7,8",1,97,5,102,NO2-A-4-c,Addition
1090,1091,ts_39_1_NO2-A-9-c,19,C3H9N3O4,"1,6,7,8",1,98,5,103,NO2-A-9-c,Addition
1091,1092,ts_39_1_R-B-4,23,C7H14N2,"1,6,7",1,100,5,105,R-B-4,Cyclization
1092,1093,ts_39_1_RR-A-10,30,C10H17NO2,"1,6,7,8",1,98,5,103,RR-A-10,Rearrangement
1093,1094,ts_39_1_RR-B-8-b,26,C9H12N2O3,"1,6,7,8",1,100,5,105,RR-B-8-b,Rearrangement
1094,1095,ts_39_1_S-A-3,29,C10H15BrN2O,"1,6,7,8,35",0,100,5,105,S-A-3,Substitution
1095,1096,ts_39_1_S-A-5,21,C5H12ClNO2,"1,6,7,8,17",0,96,5,101,S-A-5,Substitution
1096,1097,ts_39_1_S-A-13,30,C10H16N2O2,"1,6,7,8",1,97,5,102,S-A-13,Substitution
1097,1098,ts_39_1_S-A-18,22,C6H10ClN3O2,"1,6,7,8,17",0,90,5,95,S-A-18,Substitution
1098,1099,ts_39_1_S-B-8,14,C3H7NO3,"1,6,7,8",1,97,5,102,S-B-8,Substitution
1099,1100,ts_39_1_S-C-3,20,C7H8FNO3,"1,6,7,8,9",0,100,5,105,S-C-3,Substitution
1100,1101,ts_39_1_S-D-11,23,C4H10N2O6S,"1,6,7,8,16",0,99,5,104,S-D-11,Substitution
1101,1102,ts_39_1_S-F-2,16,C2H6Cl2N2O3S,"1,6,7,8,16,17",0,98,5,103,S-F-2,Substitution
1102,1103,ts_39_1_S-F-4,21,C4H11N3O3,"1,6,7,8",1,97,5,102,S-F-4,Substitution
1103,1104,ts_39_2_A-E-4,16,C4H9NOS,"1,6,7,8,16",0,99,5,104,A-E-4,Addition
1104,1105,ts_39_2_A-F-3,26,C10H10ClNO3S,"1,6,7,8,16,17",0,99,5,104,A-F-3,Addition
1105,1106,ts_39_2_R-A-11,16,C4H8BrNO2,"1,6,7,8,35",0,95,5,100,R-A-11,Cyclization
1106,1107,ts_39_2_R-B-5,25,C7H15N3,"1,6,7",1,100,5,105,R-B-5,Cyclization
1107,1108,ts_39_2_S-A-4,17,C4H6ClNO5,"1,6,7,8,17",0,96,5,101,S-A-4,Substitution
1108,1109,ts_39_2_S-C-10,33,C14H14O4S,"1,6,8,16",0,78,2,80,S-C-10,Substitution
1109,1110,ts_39_2_S-F-4,21,C4H11N3O3,"1,6,7,8",1,97,5,102,S-F-4,Substitution
1110,1111,ts_39_3_A-I-1,27,C10H14N2O,"1,6,7,8",1,99,5,104,A-I-1,Addition
1111,1112,ts_39_3_S-C-12,20,C7H8FNO3,"1,6,7,8,9",0,100,5,105,S-C-12,Substitution
1112,1113,ts_39_4_A-I-1,27,C10H14N2O,"1,6,7,8",1,96,5,101,A-I-1,Addition
1113,1114,ts_39_4_S-C-7,23,C8H9ClO4S,"1,6,8,16,17",0,99,5,104,S-C-7,Substitution
1114,1115,ts_40_1_A-A-2,24,C8H11NO4,"1,6,7,8",1,99,5,104,A-A-2,Addition
1115,1116,ts_40_1_A-E-9,27,C11H13NO2,"1,6,7,8",1,100,5,105,A-E-9,Addition
1116,1117,ts_40_1_A-E-16,18,C4H10ClNOS,"1,6,7,8,16,17",0,100,5,105,A-E-16,Addition
1117,1118,ts_40_1_NO2-A-1-b,19,C5H8N2O4,"1,6,7,8",1,96,5,101,NO2-A-1-b,Rearrangement
1118,1119,ts_40_1_NO2-A-2-a,29,C10H12N2O5,"1,6,7,8",1,92,5,97,NO2-A-2-a,Substitution
1119,1120,ts_40_1_NO2-A-2-e,29,C10H12N2O5,"1,6,7,8",1,95,5,100,NO2-A-2-e,Addition
1120,1121,ts_40_1_NO2-A-5-c,26,C6H13N3O4,"1,6,7,8",1,99,5,104,NO2-A-5-c,Addition
1121,1122,ts_40_1_NO2-A-8-e,22,C4H10N2O5S,"1,6,7,8,16",0,99,5,104,NO2-A-8-e,Addition
1122,1123,ts_40_1_NO2-A-9-d,19,C3H9N3O4,"1,6,7,8",1,98,5,103,NO2-A-9-d,Addition
1123,1124,ts_40_1_NO2-A-11-b,22,C8H9N3O2,"1,6,7,8",1,98,5,103,NO2-A-11-b,Rearrangement
1124,1125,ts_40_1_NO2-B-3-d,20,C5H10N2O3,"1,6,7,8",1,99,5,104,NO2-B-3-d,Addition
1125,1126,ts_40_1_NO2-B-7-e,31,C11H13NO5S,"1,6,7,8,16",0,85,2,87,NO2-B-7-e,Addition
1126,1127,ts_40_1_NO2-B-8-d,24,C5H12N2O4S,"1,6,7,8,16",0,100,5,105,NO2-B-8-d,Addition
1127,1128,ts_40_1_NO2-B-11-c,27,C9H13N3O2,"1,6,7,8",1,99,5,104,NO2-B-11-c,Addition
1128,1129,ts_40_1_R-A-6,21,C5H13NO2,"1,6,7,8",1,100,5,105,R-A-6,Cyclization
1129,1130,ts_40_1_R-B-3,16,C6H8BrN,"1,6,7,35",0,98,5,103,R-B-3,Cyclization
1130,1131,ts_40_1_R-B-15-a,21,C6H10ClNO3,"1,6,7,8,17",0,96,5,101,R-B-15-a,Rearrangement
1131,1132,ts_40_1_RR-A-2-a,21,C9H8O4,"1,6,8",1,91,5,96,RR-A-2-a,Rearrangement
1132,1133,ts_40_1_RR-A-6,24,C10H11NO2,"1,6,7,8",1,98,5,103,RR-A-6,Rearrangement
1133,1134,ts_40_1_RR-B-6-a,17,C5H7NO4,"1,6,7,8",1,92,5,97,RR-B-6-a,Rearrangement
1134,1135,ts_40_1_S-A-5,23,C5H11ClN2O4,"1,6,7,8,17",0,99,5,104,S-A-5,Substitution
1135,1136,ts_40_1_S-A-15,30,C10H15ClN2O2,"1,6,7,8,17",0,99,5,104,S-A-15,Substitution
1136,1137,ts_40_1_S-A-17,23,C5H13NO4,"1,6,7,8",1,99,5,104,S-A-17,Substitution
1137,1138,ts_40_1_S-C-10,31,C13H13BrO3S,"1,6,8,16,35",0,90,2,92,S-C-10,Substitution
1138,1139,ts_40_2_A-E-16,18,C4H10ClNOS,"1,6,7,8,16,17",0,100,5,105,A-E-16,Addition
1139,1140,ts_40_2_A-F-3,26,C10H10ClNO3S,"1,6,7,8,16,17",0,96,5,101,A-F-3,Addition
1140,1141,ts_40_2_A-I-2,31,C15H13NO2,"1,6,7,8",1,87,2,89,A-I-2,Addition
1141,1142,ts_40_2_R-A-6,21,C5H13NO2,"1,6,7,8",1,100,5,105,R-A-6,Cyclization
1142,1143,ts_40_2_R-A-7,27,C6H17N3O,"1,6,7,8",1,100,5,105,R-A-7,Cyclization
1143,1144,ts_40_3_S-C-12,22,C8H9NO4,"1,6,7,8",1,95,5,100,S-C-12,Substitution
1144,1145,ts_40_4_S-C-7,21,C7H8BrClO3S,"1,6,8,16,17,35",0,99,5,104,S-C-7,Substitution
1145,1146,ts_41_1_A-E-2,18,C4H11NO2,"1,6,7,8",1,100,5,105,A-E-2,Addition
1146,1147,ts_41_1_A-E-18,29,C12H12O5,"1,6,8",1,94,5,99,A-E-18,Addition
1147,1148,ts_41_1_NO2-A-2-b,27,C11H9NO6,"1,6,7,8",1,96,5,101,NO2-A-2-b,Rearrangement
1148,1149,ts_41_1_NO2-A-5-e,24,C6H11FN2O4,"1,6,7,8,9",0,97,5,102,NO2-A-5-e,Addition
1149,1150,ts_41_1_NO2-A-6-e,22,C5H9NO6S,"1,6,7,8,16",0,98,5,103,NO2-A-6-e,Addition
1150,1151,ts_41_1_NO2-A-7-a,31,C10H14N2O4S,"1,6,7,8,16",0,94,5,99,NO2-A-7-a,Substitution
1151,1152,ts_41_1_NO2-A-7-c,29,C10H11NO6S,"1,6,7,8,16",0,97,2,99,NO2-A-7-c,Addition
1152,1153,ts_41_1_NO2-A-7-e,29,C10H11NO6S,"1,6,7,8,16",0,95,2,97,NO2-A-7-e,Addition
1153,1154,ts_41_1_NO2-A-11-a,30,C10H14N2O4,"1,6,7,8",1,99,5,104,NO2-A-11-a,Substitution
1154,1155,ts_41_1_NO2-A-12-d,18,C5H6N2O5,"1,6,7,8",1,85,5,90,NO2-A-12-d,Addition
1155,1156,ts_41_1_NO2-B-3-d,21,C6H9NO5,"1,6,7,8",1,96,5,101,NO2-B-3-d,Addition
1156,1157,ts_41_1_R-A-1,15,C4H7ClO3,"1,6,8,17",0,98,5,103,R-A-1,Cyclization
1157,1158,ts_41_1_R-A-4,25,C7H15ClO2,"1,6,8,17",0,100,5,105,R-A-4,Cyclization
1158,1159,ts_41_1_R-A-7,26,C6H16N2O2,"1,6,7,8",1,100,5,105,R-A-7,Cyclization
1159,1160,ts_41_1_R-B-10,22,C7H12N2O,"1,6,7,8",1,91,5,96,R-B-10,Cyclization
1160,1161,ts_41_1_RR-A-12,44,C21H19NO3,"1,6,7,8",1,100,2,102,RR-A-12,Rearrangement
1161,1162,ts_41_1_RR-A-13-c,31,C13H14O4,"1,6,8",1,98,5,103,RR-A-13-c,Rearrangement
1162,1163,ts_41_1_RR-B-2-b,26,C11H10O5,"1,6,8",1,93,5,98,RR-B-2-b,Rearrangement
1163,1164,ts_41_1_S-A-4,19,C5H8ClNO4,"1,6,7,8,17",0,93,5,98,S-A-4,Substitution
1164,1165,ts_41_1_S-A-6,25,C6H14N2O3,"1,6,7,8",1,99,5,104,S-A-6,Substitution
1165,1166,ts_41_1_S-B-7,23,C6H9NO7,"1,6,7,8",1,95,5,100,S-B-7,Substitution
1166,1167,ts_41_1_S-B-9,27,C7H12N2O6,"1,6,7,8",1,91,5,96,S-B-9,Substitution
1167,1168,ts_41_1_S-C-3,20,C7H8BrNO3,"1,6,7,8,35",0,99,5,104,S-C-3,Substitution
1168,1169,ts_41_1_S-C-4,28,C9H14N2O3,"1,6,7,8",1,100,5,105,S-C-4,Substitution
1169,1170,ts_41_1_S-D-12,28,C6H12N2O7S,"1,6,7,8,16",0,91,5,96,S-D-12,Substitution
1170,1171,ts_41_1_S-D-16,42,C16H16N2O7S,"1,6,7,8,16",0,95,2,97,S-D-16,Substitution
1171,1172,ts_41_1_S-G-1,20,C4H8Cl2O5S,"1,6,8,16,17",0,97,5,102,S-G-1,Substitution
1172,1173,ts_41_1_S-G-6,18,C2H9NO5S,"1,6,7,8,16",0,100,5,105,S-G-6,Substitution
1173,1174,ts_41_2_A-E-1,16,C5H7ClO3,"1,6,8,17",0,99,5,104,A-E-1,Addition
1174,1175,ts_41_2_A-I-1,22,C9H10BrNO,"1,6,7,8,35",0,95,5,100,A-I-1,Addition
1175,1176,ts_41_2_S-A-4,19,C5H8ClNO4,"1,6,7,8,17",0,96,5,101,S-A-4,Substitution
1176,1177,ts_41_2_S-D-2,19,C4H7NO7,"1,6,7,8",1,93,5,98,S-D-2,Substitution
1177,1178,ts_41_3_A-I-1,22,C9H10BrNO,"1,6,7,8,35",0,95,5,100,A-I-1,Addition
1178,1179,ts_41_4_A-I-2,29,C14H12BrNO,"1,6,7,8,35",0,95,5,100,A-I-2,Addition
1179,1180,ts_42_1_A-D-1,10,C2H3ClO4,"1,6,8,17",0,98,5,103,A-D-1,Addition
1180,1181,ts_42_1_A-E-1,16,C5H7ClO3,"1,6,8,17",0,94,5,99,A-E-1,Addition
1181,1182,ts_42_1_A-E-8,20,C5H10N2O3,"1,6,7,8",1,99,5,104,A-E-8,Addition
1182,1183,ts_42_1_A-H-1,17,C5H7NO4,"1,6,7,8",1,97,5,102,A-H-1,Addition
1183,1184,ts_42_1_A-I-5,46,C21H21N3O,"1,6,7,8",1,97,2,99,A-I-5,Addition
1184,1185,ts_42_1_E-1,19,C6H9NO3,"1,6,7,8",1,95,5,100,E-1,Addition
1185,1186,ts_42_1_NO2-A-1-d,23,C6H9NO7,"1,6,7,8",1,97,5,102,NO2-A-1-d,Addition
1186,1187,ts_42_1_NO2-A-4-d,29,C11H11NO6,"1,6,7,8",1,91,2,93,NO2-A-4-d,Addition
1187,1188,ts_42_1_NO2-A-6-e,22,C5H9NO6S,"1,6,7,8,16",0,99,5,104,NO2-A-6-e,Addition
1188,1189,ts_42_1_NO2-A-9-b,17,C4H6N2O5,"1,6,7,8",1,96,5,101,NO2-A-9-b,Rearrangement
1189,1190,ts_42_1_NO2-A-10-d,16,C3H6N2O5,"1,6,7,8",1,93,5,98,NO2-A-10-d,Addition
1190,1191,ts_42_1_NO2-A-12-a,18,C5H6N2O5,"1,6,7,8",1,96,5,101,NO2-A-12-a,Substitution
1191,1192,ts_42_1_NO2-B-2-e,26,C10H11NO4,"1,6,7,8",1,93,5,98,NO2-B-2-e,Addition
1192,1193,ts_42_1_NO2-B-12-e,14,C4H6N2O2,"1,6,7,8",1,93,5,98,NO2-B-12-e,Addition
1193,1194,ts_42_1_R-A-5,20,C5H11ClO3,"1,6,8,17",0,100,5,105,R-A-5,Cyclization
1194,1195,ts_42_1_R-A-10,17,C5H7FO4,"1,6,8,9",0,96,5,101,R-A-10,Cyclization
1195,1196,ts_42_1_R-B-13,25,C10H13FO,"1,6,8,9",0,98,5,103,R-B-13,Cyclization
1196,1197,ts_42_1_RR-A-3-a,29,C14H10O5,"1,6,8",1,59,2,61,RR-A-3-a,Rearrangement
1197,1198,ts_42_1_RR-B-2-b,20,C9H8O3,"1,6,8",1,92,5,97,RR-B-2-b,Rearrangement
1198,1199,ts_42_1_S-A-11,22,C6H10N2O4,"1,6,7,8",1,86,5,91,S-A-11,Substitution
1199,1200,ts_42_1_S-C-3,23,C8H9NO5,"1,6,7,8",1,98,5,103,S-C-3,Substitution
1200,1201,ts_42_1_S-D-8,12,C3H4N2O3,"1,6,7,8",1,97,5,102,S-D-8,Substitution
1201,1202,ts_42_1_S-D-12,22,C4H10N2O5S,"1,6,7,8,16",0,98,5,103,S-D-12,Substitution
1202,1203,ts_42_2_A-E-19,29,C12H12O5,"1,6,8",1,95,5,100,A-E-19,Addition
1203,1204,ts_42_2_A-F-1,20,C6H7ClO5S,"1,6,8,16,17",0,93,5,98,A-F-1,Addition
1204,1205,ts_42_2_A-F-3,27,C11H9ClO5S,"1,6,8,16,17",0,95,5,100,A-F-3,Addition
1205,1206,ts_42_2_NO2-A-6-a,22,C5H9NO6S,"1,6,7,8,16",0,97,5,102,NO2-A-6-a,Substitution
1206,1207,ts_42_2_R-B-6,24,C7H14N2O,"1,6,7,8",1,99,5,104,R-B-6,Cyclization
1207,1208,ts_42_2_R-B-10,21,C6H13NO,"1,6,7,8",1,100,5,105,R-B-10,Cyclization
1208,1209,ts_42_2_S-B-8,14,C3H6ClNO3,"1,6,7,8,17",0,99,5,104,S-B-8,Substitution
1209,1210,ts_42_3_S-C-12,21,C8H8N2O3,"1,6,7,8",1,90,5,95,S-C-12,Substitution
1210,1211,ts_43_1_A-A-2,25,C9H11NO4,"1,6,7,8",1,98,5,103,A-A-2,Addition
1211,1212,ts_43_1_A-E-6,25,C6H15N3O,"1,6,7,8",1,99,5,104,A-E-6,Addition
1212,1213,ts_43_1_A-E-15,12,C3H4Cl2O2S,"1,6,8,16,17",0,78,4,82,A-E-15,Addition
1213,1214,ts_43_1_NO2-A-10-c,10,CH4N2O3,"1,6,7,8",1,98,5,103,NO2-A-10-c,Addition
1214,1215,ts_43_1_NO2-A-10-e,10,CH4N2O3,"1,6,7,8",1,97,5,102,NO2-A-10-e,Addition
1215,1216,ts_43_1_NO2-A-11-e,20,C7H8N2O3,"1,6,7,8",1,98,5,103,NO2-A-11-e,Addition
1216,1217,ts_43_1_NO2-B-3-e,18,C4H6N2O6,"1,6,7,8",1,94,5,99,NO2-B-3-e,Addition
1217,1218,ts_43_1_NO2-B-11-d,22,C8H10N2O2,"1,6,7,8",1,97,5,102,NO2-B-11-d,Addition
1218,1219,ts_43_1_R-A-3,20,C6H10BrClO2,"1,6,8,17,35",0,97,5,102,R-A-3,Cyclization
1219,1220,ts_43_1_R-B-2,17,C7H9Br,"1,6,35",0,100,5,105,R-B-2,Cyclization
1220,1221,ts_43_1_R-B-9,31,C10H17ClO3,"1,6,8,17",0,98,5,103,R-B-9,Cyclization
1221,1222,ts_43_1_RR-A-1,12,C4H6O2,"1,6,8",1,99,5,104,RR-A-1,Rearrangement
1222,1223,ts_43_1_RR-A-2-b,29,C12H12O5,"1,6,8",1,92,5,97,RR-A-2-b,Rearrangement
1223,1224,ts_43_1_RR-A-6,19,C9H8O2,"1,6,8",1,98,5,103,RR-A-6,Rearrangement
1224,1225,ts_43_1_RR-A-9-a,25,C11H12O2,"1,6,8",1,95,5,100,RR-A-9-a,Rearrangement
1225,1226,ts_43_1_RR-A-13-b,25,C11H12O2,"1,6,8",1,99,5,104,RR-A-13-b,Rearrangement
1226,1227,ts_43_1_RR-A-18,25,C11H12O2,"1,6,8",1,99,5,104,RR-A-18,Rearrangement
1227,1228,ts_43_1_RR-B-6-b,19,C6H9NO3,"1,6,7,8",1,91,5,96,RR-B-6-b,Rearrangement
1228,1229,ts_43_1_S-A-1,27,C6H16N2O3,"1,6,7,8",1,100,5,105,S-A-1,Substitution
1229,1230,ts_43_1_S-A-4,19,C4H9ClN2O3,"1,6,7,8,17",0,97,5,102,S-A-4,Substitution
1230,1231,ts_43_1_S-A-12,33,C9H18N2O4,"1,6,7,8",1,95,5,100,S-A-12,Substitution
1231,1232,ts_43_1_S-A-20,21,C8H8ClNO3,"1,6,7,8,17",0,95,5,100,S-A-20,Substitution
1232,1233,ts_43_1_S-A-26,15,C4H7Cl2FO,"1,6,8,9,17",0,100,5,105,S-A-26,Substitution
1233,1234,ts_43_1_S-B-4-a,21,C9H9NO2,"1,6,7,8",1,99,5,104,S-B-4-a,Rearrangement
1234,1235,ts_43_1_S-B-5-b,15,C3H3Br2NO6,"1,6,7,8,35",0,88,5,93,S-B-5-b,Addition
1235,1236,ts_43_1_S-B-9,24,C5H9N3O7,"1,6,7,8",1,97,5,102,S-B-9,Substitution
1236,1237,ts_43_1_S-D-12,25,C4H9N3O8S,"1,6,7,8,16",0,88,5,93,S-D-12,Substitution
1237,1238,ts_43_1_S-D-14,27,C8H8N2O8S,"1,6,7,8,16",0,55,2,57,S-D-14,Substitution
1238,1239,ts_43_1_S-F-1,29,C11H14BrNO2,"1,6,7,8,35",0,97,5,102,S-F-1,Substitution
1239,1240,ts_43_1_S-G-4,23,C4H9NO8S,"1,6,7,8,16",0,97,5,102,S-G-4,Substitution
1240,1241,ts_43_1_S-G-5,20,C2H11N3O3S,"1,6,7,8,16",0,100,5,105,S-G-5,Substitution
1241,1242,ts_43_2_A-E-2,19,C4H10N2O3,"1,6,7,8",1,98,5,103,A-E-2,Addition
1242,1243,ts_43_2_A-E-4,11,C3H6OS,"1,6,8,16",0,99,5,104,A-E-4,Addition
1243,1244,ts_43_2_NO2-A-6-a,16,C3H7NO4S,"1,6,7,8,16",0,93,5,98,NO2-A-6-a,Substitution
1244,1245,ts_43_2_S-C-12,25,C9H11NO4,"1,6,7,8",1,93,5,98,S-C-12,Substitution
1245,1246,ts_43_2_S-D-9,19,C3H6N2O7S,"1,6,7,8,16",0,88,5,93,S-D-9,Substitution
1246,1247,ts_43_4_S-C-7,22,C8H8ClNO3S,"1,6,7,8,16,17",0,94,5,99,S-C-7,Substitution
1247,1248,ts_44_1_A-E-20,13,C3H4BrNO4,"1,6,7,8,35",0,96,5,101,A-E-20,Addition
1248,1249,ts_44_1_A-E-22,19,C4H6BrNO6S,"1,6,7,8,16,35",0,96,5,101,A-E-22,Addition
1249,1250,ts_44_1_A-E-24,18,C5H9BrN2S,"1,6,7,16,35",0,92,5,97,A-E-24,Addition
1250,1251,ts_44_1_E-2-a,11,C2H2N2O5,"1,6,7,8",1,89,5,94,E-2-a,Addition
1251,1252,ts_44_1_NO2-A-2-c,27,C9H8N2O8,"1,6,7,8",1,92,2,94,NO2-A-2-c,Addition
1252,1253,ts_44_1_NO2-A-8-d,20,C3H6N2O8S,"1,6,7,8,16",0,95,5,100,NO2-A-8-d,Addition
1253,1254,ts_44_1_NO2-A-12-e,15,C3H3N3O6,"1,6,7,8",1,90,5,95,NO2-A-12-e,Addition
1254,1255,ts_44_1_NO2-B-8-e,22,C4H8N2O7S,"1,6,7,8,16",0,96,5,101,NO2-B-8-e,Addition
1255,1256,ts_44_1_RR-B-4-b,20,C6H7N3O4,"1,6,7,8",1,86,5,91,RR-B-4-b,Rearrangement
1256,1257,ts_44_1_S-B-4-a,21,C9H7NO4,"1,6,7,8",1,96,5,101,S-B-4-a,Rearrangement
1257,1258,ts_44_1_S-C-16,28,C11H10N2O5,"1,6,7,8",1,96,5,101,S-C-16,Substitution
1258,1259,ts_44_1_S-F-4,19,C3H7N3O6,"1,6,7,8",1,89,5,94,S-F-4,Substitution
1259,1260,ts_44_2_A-E-4,14,C3H5NO4S,"1,6,7,8,16",0,94,5,99,A-E-4,Addition
1260,1261,ts_44_2_A-E-14,20,C5H9ClN2O2S,"1,6,7,8,16,17",0,96,5,101,A-E-14,Addition
1261,1262,ts_44_2_A-E-25,26,C9H8ClNO6S,"1,6,7,8,16,17",0,91,5,96,A-E-25,Addition
1262,1263,ts_44_2_R-A-5,22,C5H13NO3,"1,6,7,8",1,100,5,105,R-A-5,Cyclization
1263,1264,ts_44_3_S-C-11,21,C8H10Cl2O,"1,6,8,17",0,100,5,105,S-C-11,Substitution
1264,1265,ts_44_4_S-C-12,24,C8H11NO4,"1,6,7,8",1,98,5,103,S-C-12,Substitution
1265,1266,ts_45_1_A-D-1,11,C3H3NO4,"1,6,7,8",1,86,5,91,A-D-1,Addition
1266,1267,ts_45_1_A-E-7,37,C16H14N2O5,"1,6,7,8",1,97,2,99,A-E-7,Addition
1267,1268,ts_45_1_A-E-10,19,C5H7NO6,"1,6,7,8",1,91,5,96,A-E-10,Addition
1268,1269,ts_45_1_A-E-24,22,C5H13BrN2S,"1,6,7,16,35",0,100,5,105,A-E-24,Addition
1269,1270,ts_45_1_A-F-1,17,C4H4ClNO6S,"1,6,7,8,16,17",0,92,5,97,A-F-1,Addition
1270,1271,ts_45_1_A-I-5,44,C21H18N2O3,"1,6,7,8",1,95,2,97,A-I-5,Addition
1271,1272,ts_45_1_NO2-A-2-d,27,C9H8N2O8,"1,6,7,8",1,90,2,92,NO2-A-2-d,Addition
1272,1273,ts_45_1_NO2-A-4-b,23,C9H6N2O6,"1,6,7,8",1,89,5,94,NO2-A-4-b,Rearrangement
1273,1274,ts_45_1_NO2-A-4-d,26,C9H8N2O7,"1,6,7,8",1,96,5,101,NO2-A-4-d,Addition
1274,1275,ts_45_1_NO2-A-5-a,24,C5H9N3O7,"1,6,7,8",1,87,5,92,NO2-A-5-a,Substitution
1275,1276,ts_45_1_NO2-A-7-a,31,C11H13NO5S,"1,6,7,8,16",0,97,2,99,NO2-A-7-a,Substitution
1276,1277,ts_45_1_NO2-A-8-d,20,C3H6N2O8S,"1,6,7,8,16",0,97,5,102,NO2-A-8-d,Addition
1277,1278,ts_45_1_NO2-A-9-e,17,C2H5N3O7,"1,6,7,8",1,92,5,97,NO2-A-9-e,Addition
1278,1279,ts_45_1_NO2-A-10-c,13,CH3N3O6,"1,6,7,8",1,92,5,97,NO2-A-10-c,Addition
1279,1280,ts_45_1_NO2-A-11-e,23,C7H7N3O6,"1,6,7,8",1,99,5,104,NO2-A-11-e,Addition
1280,1281,ts_45_1_NO2-B-7-e,26,C9H10ClNO4S,"1,6,7,8,16,17",0,98,5,103,NO2-B-7-e,Addition
1281,1282,ts_45_1_NO2-B-8-e,22,C4H8N2O7S,"1,6,7,8,16",0,85,5,90,NO2-B-8-e,Addition
1282,1283,ts_45_1_NO2-B-12-e,15,C4H5ClN2O3,"1,6,7,8,17",0,90,5,95,NO2-B-12-e,Addition
1283,1284,ts_45_1_R-B-12,26,C10H14O2,"1,6,8",1,95,5,100,R-B-12,Cyclization
1284,1285,ts_45_1_R-B-13,30,C12H16O2,"1,6,8",1,91,5,96,R-B-13,Cyclization
1285,1286,ts_45_1_R-B-14,28,C7H16N2O3,"1,6,7,8",1,99,5,104,R-B-14,Cyclization
1286,1287,ts_45_1_RR-A-8-c,17,C4H6N2O5,"1,6,7,8",1,94,5,99,RR-A-8-c,Rearrangement
1287,1288,ts_45_1_RR-A-13-b,28,C11H11NO5,"1,6,7,8",1,96,5,101,RR-A-13-b,Rearrangement
1288,1289,ts_45_1_RR-A-18,28,C11H11NO5,"1,6,7,8",1,96,5,101,RR-A-18,Rearrangement
1289,1290,ts_45_1_S-A-2,33,C11H17ClN2O2,"1,6,7,8,17",0,97,5,102,S-A-2,Substitution
1290,1291,ts_45_1_S-A-18,26,C6H14ClN3O2,"1,6,7,8,17",0,99,5,104,S-A-18,Substitution
1291,1292,ts_45_1_S-D-2,16,C2H4N2O8,"1,6,7,8",1,93,5,98,S-D-2,Substitution
1292,1293,ts_45_1_S-D-14,25,C8H8ClNO6S,"1,6,7,8,16,17",0,100,5,105,S-D-14,Substitution
1293,1294,ts_45_1_S-F-1,32,C12H16BrNO2,"1,6,7,8,35",0,98,5,103,S-F-1,Substitution
1294,1295,ts_45_1_S-G-5,28,C4H16N4O3S,"1,6,7,8,16",0,100,5,105,S-G-5,Substitution
1295,1296,ts_45_2_A-E-9,25,C10H9NO5,"1,6,7,8",1,93,5,98,A-E-9,Addition
1296,1297,ts_45_2_A-E-23,15,C3H3Br2NO5S,"1,6,7,8,16,35",0,90,5,95,A-E-23,Addition
1297,1298,ts_45_2_A-I-2,33,C15H15NO2,"1,6,7,8",1,100,2,102,A-I-2,Addition
1298,1299,ts_45_2_R-B-6,24,C7H14N2O,"1,6,7,8",1,100,5,105,R-B-6,Cyclization
1299,1300,ts_45_2_RR-B-7-a,17,C3H6N2O6,"1,6,7,8",1,99,5,104,RR-B-7-a,Rearrangement
1300,1301,ts_45_2_S-B-8,14,C3H6BrNO3,"1,6,7,8,35",0,98,5,103,S-B-8,Substitution
1301,1302,ts_45_2_S-C-10,34,C14H16O3S,"1,6,8,16",0,99,2,101,S-C-10,Substitution
1302,1303,ts_45_2_S-C-11,20,C8H10Cl2,"1,6,17",0,100,5,105,S-C-11,Substitution
1303,1304,ts_45_3_S-C-7,24,C8H11ClO3S,"1,6,8,16,17",0,100,5,105,S-C-7,Substitution
1304,1305,ts_45_3_S-C-11,20,C8H10Cl2,"1,6,17",0,100,5,105,S-C-11,Substitution
1305,1306,ts_45_3_S-C-12,23,C8H11NO3,"1,6,7,8",1,99,5,104,S-C-12,Substitution
1306,1307,ts_45_4_A-I-1,26,C10H13NO2,"1,6,7,8",1,99,5,104,A-I-1,Addition
1307,1308,ts_46_1_A-E-9,23,C10H9ClO3,"1,6,8,17",0,97,5,102,A-E-9,Addition
1308,1309,ts_46_1_A-E-17,12,C3H3Cl2NO3,"1,6,7,8,17",0,99,5,104,A-E-17,Addition
1309,1310,ts_46_1_A-E-21,11,C3H3Br2ClO2,"1,6,8,17,35",0,97,5,102,A-E-21,Addition
1310,1311,ts_46_1_A-F-2,15,C4H4BrClO4S,"1,6,8,16,17,35",0,96,5,101,A-F-2,Addition
1311,1312,ts_46_1_A-I-1,25,C10H13NO,"1,6,7,8",1,99,5,104,A-I-1,Addition
1312,1313,ts_46_1_A-I-3,11,C2H3ClN2O3,"1,6,7,8,17",0,95,5,100,A-I-3,Addition
1313,1314,ts_46_1_A-I-5,44,C21H18N2O3,"1,6,7,8",1,97,2,99,A-I-5,Addition
1314,1315,ts_46_1_NO2-A-4-a,24,C9H8ClNO5,"1,6,7,8,17",0,92,5,97,NO2-A-4-a,Substitution
1315,1316,ts_46_1_NO2-A-4-b,21,C9H6ClNO4,"1,6,7,8,17",0,94,5,99,NO2-A-4-b,Rearrangement
1316,1317,ts_46_1_NO2-A-5-d,21,C5H9ClN2O4,"1,6,7,8,17",0,95,5,100,NO2-A-5-d,Addition
1317,1318,ts_46_1_NO2-A-10-c,11,CH3ClN2O4,"1,6,7,8,17",0,99,5,104,NO2-A-10-c,Addition
1318,1319,ts_46_1_NO2-B-3-d,16,C4H6ClNO4,"1,6,7,8,17",0,90,5,95,NO2-B-3-d,Addition
1319,1320,ts_46_1_NO2-B-11-d,23,C8H9ClN2O3,"1,6,7,8,17",0,95,5,100,NO2-B-11-d,Addition
1320,1321,ts_46_1_NO2-B-12-e,15,C4H5ClN2O3,"1,6,7,8,17",0,94,5,99,NO2-B-12-e,Addition
1321,1322,ts_46_1_NO2-C-8-e,27,C9H10ClNO5S,"1,6,7,8,16,17",0,97,5,102,NO2-C-8-e,Addition
1322,1323,ts_46_1_R-B-2,21,C8H12O,"1,6,8",1,100,5,105,R-B-2,Cyclization
1323,1324,ts_46_1_R-B-7,17,C5H9NO2,"1,6,7,8",1,99,5,104,R-B-7,Cyclization
1324,1325,ts_46_1_RR-A-3-a,28,C14H9FO4,"1,6,8,9",0,95,2,97,RR-A-3-a,Rearrangement
1325,1326,ts_46_1_RR-B-6-b,17,C5H9NO2,"1,6,7,8",1,98,5,103,RR-B-6-b,Rearrangement
1326,1327,ts_46_1_S-A-6,22,C4H13N3O2,"1,6,7,8",1,96,5,101,S-A-6,Substitution
1327,1328,ts_46_1_S-A-9,30,C8H16ClNO4,"1,6,7,8,17",0,98,5,103,S-A-9,Substitution
1328,1329,ts_46_1_S-B-8,16,C3H8N2O3,"1,6,7,8",1,99,5,104,S-B-8,Substitution
1329,1330,ts_46_1_S-B-9,22,C5H9ClN2O5,"1,6,7,8,17",0,93,5,98,S-B-9,Substitution
1330,1331,ts_46_1_S-D-10,18,C3H6ClNO6S,"1,6,7,8,16,17",0,94,5,99,S-D-10,Substitution
1331,1332,ts_46_2_A-E-5,22,C9H9ClO2S,"1,6,8,16,17",0,95,5,100,A-E-5,Addition
1332,1333,ts_46_2_NO2-B-3-e,16,C4H6ClNO4,"1,6,7,8,17",0,96,5,101,NO2-B-3-e,Addition
1333,1334,ts_46_2_R-B-10,17,C5H9ClO2,"1,6,8,17",0,99,5,104,R-B-10,Cyclization
1334,1335,ts_47_1_A-E-5,22,C9H9ClO2S,"1,6,8,16,17",0,99,5,104,A-E-5,Addition
1335,1336,ts_47_1_A-E-19,24,C10H9ClO4,"1,6,8,17",0,98,5,103,A-E-19,Addition
1336,1337,ts_47_1_A-I-2,31,C14H12N2O3,"1,6,7,8",1,98,2,100,A-I-2,Addition
1337,1338,ts_47_1_NO2-A-1-e,18,C4H6ClNO6,"1,6,7,8,17",0,92,5,97,NO2-A-1-e,Addition
1338,1339,ts_47_1_NO2-A-2-c,25,C9H8ClNO6,"1,6,7,8,17",0,92,5,97,NO2-A-2-c,Addition
1339,1340,ts_47_1_NO2-A-2-e,25,C9H8ClNO6,"1,6,7,8,17",0,97,5,102,NO2-A-2-e,Addition
1340,1341,ts_47_1_NO2-A-4-d,24,C9H8ClNO5,"1,6,7,8,17",0,98,5,103,NO2-A-4-d,Addition
1341,1342,ts_47_1_NO2-A-5-b,19,C5H7ClN2O4,"1,6,7,8,17",0,95,5,100,NO2-A-5-b,Rearrangement
1342,1343,ts_47_1_NO2-A-7-a,23,C8H8BrNO4S,"1,6,7,8,16,35",0,96,5,101,NO2-A-7-a,Substitution
1343,1344,ts_47_1_NO2-A-11-c,21,C7H7ClN2O4,"1,6,7,8,17",0,95,5,100,NO2-A-11-c,Addition
1344,1345,ts_47_1_R-A-2,15,C4H6Cl2O3,"1,6,8,17",0,97,5,102,R-A-2,Cyclization
1345,1346,ts_47_1_R-A-4,33,C9H20ClNO2,"1,6,7,8,17",0,100,5,105,R-A-4,Cyclization
1346,1347,ts_47_1_R-B-9,30,C9H17NO3,"1,6,7,8",1,99,5,104,R-B-9,Cyclization
1347,1348,ts_47_1_R-B-15-a,17,C5H6Cl2O4,"1,6,8,17",0,97,5,102,R-B-15-a,Rearrangement
1348,1349,ts_47_1_RR-A-2-a,21,C9H7FO4,"1,6,8,9",0,97,5,102,RR-A-2-a,Rearrangement
1349,1350,ts_47_1_RR-A-13-b,26,C11H11ClO3,"1,6,8,17",0,98,5,103,RR-A-13-b,Rearrangement
1350,1351,ts_47_1_S-A-3,32,C11H15BrN2O3,"1,6,7,8,35",0,96,2,98,S-A-3,Substitution
1351,1352,ts_47_1_S-A-4,14,C3H5ClFNO3,"1,6,7,8,9,17",0,94,5,99,S-A-4,Substitution
1352,1353,ts_47_1_S-A-14,21,C5H10ClNO3S,"1,6,7,8,16,17",0,97,5,102,S-A-14,Substitution
1353,1354,ts_47_1_S-A-18,25,C6H13ClN2O3,"1,6,7,8,17",0,98,5,103,S-A-18,Substitution
1354,1355,ts_47_1_S-B-13,36,C15H13ClN2O5,"1,6,7,8,17",0,97,2,99,S-B-13,Substitution
1355,1356,ts_47_1_S-C-2-aa,28,C9H10N2O7,"1,6,7,8",1,98,5,103,S-C-2-aa,Substitution
1356,1357,ts_47_1_S-C-13,35,C15H17NO2,"1,6,7,8",1,100,2,102,S-C-13,Substitution
1357,1358,ts_47_1_S-D-8,15,C3H5N3O4,"1,6,7,8",1,91,5,96,S-D-8,Substitution
1358,1359,ts_47_1_S-D-14,27,C8H10N2O6S,"1,6,7,8,16",0,97,5,102,S-D-14,Substitution
1359,1360,ts_47_1_S-F-1,24,C9H11Br2NO,"1,6,7,8,35",0,97,5,102,S-F-1,Substitution
1360,1361,ts_47_1_S-G-1,18,C4H6Cl2O5S,"1,6,8,16,17",0,96,5,101,S-G-1,Substitution
1361,1362,ts_47_2_A-E-8,20,C6H11NO2,"1,6,7,8",1,97,5,102,A-E-8,Addition
1362,1363,ts_47_2_A-E-11,15,C4H6ClNO3,"1,6,7,8,17",0,99,5,104,A-E-11,Addition
1363,1364,ts_47_2_A-E-22,17,C4H6BrClO4S,"1,6,8,16,17,35",0,98,5,103,A-E-22,Addition
1364,1365,ts_47_2_A-F-2,15,C4H4BrClO4S,"1,6,8,16,17,35",0,97,5,102,A-F-2,Addition
1365,1366,ts_47_2_NO2-A-8-a,18,C3H6ClNO6S,"1,6,7,8,16,17",0,98,5,103,NO2-A-8-a,Substitution
1366,1367,ts_47_2_R-A-5,24,C6H14O4,"1,6,8",1,100,5,105,R-A-5,Cyclization
1367,1368,ts_47_3_A-I-1,24,C9H10N2O3,"1,6,7,8",1,97,5,102,A-I-1,Addition
1368,1369,ts_47_4_A-I-2,31,C14H12N2O3,"1,6,7,8",1,97,2,99,A-I-2,Addition
1369,1370,ts_48_1_A-E-10,19,C5H9NO4,"1,6,7,8",1,98,5,103,A-E-10,Addition
1370,1371,ts_48_1_A-E-21,13,C3H5Br2NO2,"1,6,7,8,35",0,98,5,103,A-E-21,Addition
1371,1372,ts_48_1_NO2-A-2-a,27,C9H10N2O6,"1,6,7,8",1,93,5,98,NO2-A-2-a,Substitution
1372,1373,ts_48_1_NO2-A-10-b,10,CH3N3O3,"1,6,7,8",1,96,5,101,NO2-A-10-b,Rearrangement
1373,1374,ts_48_1_NO2-A-10-d,13,CH5N3O4,"1,6,7,8",1,96,5,101,NO2-A-10-d,Addition
1374,1375,ts_48_1_NO2-B-11-b,22,C8H9N3O2,"1,6,7,8",1,98,5,103,NO2-B-11-b,Addition
1375,1376,ts_48_1_NO2-C-2-e,36,C15H14N2O5,"1,6,7,8",1,96,2,98,NO2-C-2-e,Addition
1376,1377,ts_48_1_R-A-4,33,C9H20ClNO2,"1,6,7,8,17",0,98,5,103,R-A-4,Cyclization
1377,1378,ts_48_1_R-A-5,22,C6H12O4,"1,6,8",1,98,5,103,R-A-5,Cyclization
1378,1379,ts_48_1_RR-B-5-a,14,C3H5ClN2O3,"1,6,7,8,17",0,98,5,103,RR-B-5-a,Rearrangement
1379,1380,ts_48_1_S-A-4,16,C4H6ClNO4,"1,6,7,8,17",0,93,5,98,S-A-4,Substitution
1380,1381,ts_48_1_S-A-5,26,C7H14ClNO3,"1,6,7,8,17",0,97,5,102,S-A-5,Substitution
1381,1382,ts_48_1_S-B-2,28,C8H14BrN3O2,"1,6,7,8,35",0,97,5,102,S-B-2,Substitution
1382,1383,ts_48_1_S-B-4-a,21,C9H9BrO2,"1,6,8,35",0,100,5,105,S-B-4-a,Rearrangement
1383,1384,ts_48_1_S-B-8,18,C4H9NO4,"1,6,7,8",1,94,5,99,S-B-8,Substitution
1384,1385,ts_48_1_S-D-2,16,C2H6N2O6,"1,6,7,8",1,95,5,100,S-D-2,Substitution
1385,1386,ts_48_1_S-D-9,19,C3H8N2O5S,"1,6,7,8,16",0,99,5,104,S-D-9,Substitution
1386,1387,ts_48_2_A-I-2,30,C14H13NO2,"1,6,7,8",1,98,5,103,A-I-2,Addition
1387,1388,ts_48_2_R-A-5,22,C6H12O4,"1,6,8",1,96,5,101,R-A-5,Cyclization
1388,1389,ts_48_2_R-B-10,21,C6H12ClNO,"1,6,7,8,17",0,100,5,105,R-B-10,Cyclization
1389,1390,ts_49_1_A-A-2,20,C7H8BrNO3,"1,6,7,8,35",0,100,5,105,A-A-2,Addition
1390,1391,ts_49_1_A-E-8,18,C5H10BrNO,"1,6,7,8,35",0,100,5,105,A-E-8,Addition
1391,1392,ts_49_1_A-E-14,19,C4H9BrClNO2S,"1,6,7,8,16,17,35",0,99,5,104,A-E-14,Addition
1392,1393,ts_49_1_A-I-3,12,C3H3N3O3,"1,6,7,8",1,83,5,88,A-I-3,Addition
1393,1394,ts_49_1_E-1,19,C5H10N2O2,"1,6,7,8",1,97,5,102,E-1,Addition
1394,1395,ts_49_1_NO2-A-1-e,20,C4H8N2O6,"1,6,7,8",1,97,5,102,NO2-A-1-e,Addition
1395,1396,ts_49_1_NO2-A-2-d,27,C9H10N2O6,"1,6,7,8",1,90,5,95,NO2-A-2-d,Addition
1396,1397,ts_49_1_NO2-A-8-a,20,C3H8N2O6S,"1,6,7,8,16",0,97,5,102,NO2-A-8-a,Substitution
1397,1398,ts_49_1_NO2-B-7-d,28,C9H12N2O4S,"1,6,7,8,16",0,98,5,103,NO2-B-7-d,Addition
1398,1399,ts_49_1_NO2-B-8-d,22,C4H10N2O5S,"1,6,7,8,16",0,98,5,103,NO2-B-8-d,Addition
1399,1400,ts_49_1_NO2-B-11-b,22,C8H9N3O2,"1,6,7,8",1,98,5,103,NO2-B-11-b,Addition
1400,1401,ts_49_1_R-B-10,20,C6H11ClO2,"1,6,8,17",0,100,5,105,R-B-10,Cyclization
1401,1402,ts_49_1_RR-A-13-b,28,C11H13NO3,"1,6,7,8",1,99,5,104,RR-A-13-b,Rearrangement
1402,1403,ts_49_1_RR-A-13-c,28,C11H13NO3,"1,6,7,8",1,95,5,100,RR-A-13-c,Rearrangement
1403,1404,ts_49_1_RR-B-1-b,16,C4H7NO4,"1,6,7,8",1,92,5,97,RR-B-1-b,Rearrangement
1404,1405,ts_49_1_RR-B-7-b,17,C3H8N2O4,"1,6,7,8",1,96,5,101,RR-B-7-b,Rearrangement
1405,1406,ts_49_1_S-A-13,35,C12H18N2O3,"1,6,7,8",1,99,2,101,S-A-13,Substitution
1406,1407,ts_49_1_S-A-15,35,C11H19N3O2,"1,6,7,8",1,99,5,104,S-A-15,Substitution
1407,1408,ts_49_1_S-B-3-a,13,C3H7NO2,"1,6,7,8",1,100,5,105,S-B-3-a,Rearrangement
1408,1409,ts_49_1_S-C-7,23,C7H10ClNO3S,"1,6,7,8,16,17",0,100,5,105,S-C-7,Substitution
1409,1410,ts_49_1_S-C-10,33,C13H15NO3S,"1,6,7,8,16",0,100,2,102,S-C-10,Substitution
1410,1411,ts_49_1_S-D-12,24,C5H9N3O6S,"1,6,7,8,16",0,92,5,97,S-D-12,Substitution
1411,1412,ts_49_1_S-G-6,21,C3H9NO7S,"1,6,7,8,16",0,98,5,103,S-G-6,Substitution
1412,1413,ts_49_2_A-E-10,19,C5H9NO4,"1,6,7,8",1,99,5,104,A-E-10,Addition
1413,1414,ts_49_2_A-E-12,14,C4H6N2O2,"1,6,7,8",1,97,5,102,A-E-12,Addition
1414,1415,ts_49_2_A-E-19,26,C10H11NO4,"1,6,7,8",1,94,5,99,A-E-19,Addition
1415,1416,ts_49_2_NO2-A-6-a,19,C3H8N2O5S,"1,6,7,8,16",0,97,5,102,NO2-A-6-a,Substitution
1416,1417,ts_49_2_R-A-6,26,C7H15NO3,"1,6,7,8",1,98,5,103,R-A-6,Cyclization
1417,1418,ts_49_2_R-B-2,16,C6H8O2,"1,6,8",1,100,5,105,R-B-2,Cyclization
1418,1419,ts_49_2_R-B-10,20,C6H11ClO2,"1,6,8,17",0,99,5,104,R-B-10,Cyclization
1419,1420,ts_49_2_S-F-1,26,C9H11BrN2O3,"1,6,7,8,35",0,97,5,102,S-F-1,Substitution
1420,1421,ts_50_1_A-E-1,12,C4H4ClNO2,"1,6,7,8,17",0,95,5,100,A-E-1,Addition
1421,1422,ts_50_1_A-E-4,13,C4H5NO2S,"1,6,7,8,16",0,91,5,96,A-E-4,Addition
1422,1423,ts_50_1_A-E-9,24,C11H9NO3,"1,6,7,8",1,94,5,99,A-E-9,Addition
1423,1424,ts_50_1_A-E-19,25,C11H9NO4,"1,6,7,8",1,91,5,96,A-E-19,Addition
1424,1425,ts_50_1_A-I-4,12,C3H3N3O2S,"1,6,7,8,16",0,93,5,98,A-I-4,Addition
1425,1426,ts_50_1_A-I-5,41,C20H17BrN2O,"1,6,7,8,35",0,96,2,98,A-I-5,Addition
1426,1427,ts_50_1_NO2-A-5-a,23,C6H9N3O5,"1,6,7,8",1,90,5,95,NO2-A-5-a,Substitution
1427,1428,ts_50_1_NO2-A-7-b,22,C9H6N2O4S,"1,6,7,8,16",0,93,5,98,NO2-A-7-b,Rearrangement
1428,1429,ts_50_1_NO2-A-8-c,19,C4H6N2O6S,"1,6,7,8,16",0,97,5,102,NO2-A-8-c,Addition
1429,1430,ts_50_1_NO2-A-10-e,12,C2H3N3O4,"1,6,7,8",1,90,5,95,NO2-A-10-e,Addition
1430,1431,ts_50_1_NO2-A-11-e,22,C8H7N3O4,"1,6,7,8",1,92,5,97,NO2-A-11-e,Addition
1431,1432,ts_50_1_R-A-5,20,C5H11BrO3,"1,6,8,35",0,100,5,105,R-A-5,Cyclization
1432,1433,ts_50_1_R-A-8,30,C8H18BrNO2,"1,6,7,8,35",0,100,5,105,R-A-8,Cyclization
1433,1434,ts_50_1_R-B-2,15,C6H7ClO,"1,6,8,17",0,100,5,105,R-B-2,Cyclization
1434,1435,ts_50_1_RR-A-13-a,27,C12H11NO3,"1,6,7,8",1,86,5,91,RR-A-13-a,Rearrangement
1435,1436,ts_50_1_S-A-1,27,C6H16N2O3,"1,6,7,8",1,100,5,105,S-A-1,Substitution
1436,1437,ts_50_1_S-A-6,23,C5H12N2O4,"1,6,7,8",1,97,5,102,S-A-6,Substitution
1437,1438,ts_50_1_S-A-8,30,C7H17ClN2O3,"1,6,7,8,17",0,99,5,104,S-A-8,Substitution
1438,1439,ts_50_1_S-A-14,23,C5H13ClN2OS,"1,6,7,8,16,17",0,98,5,103,S-A-14,Substitution
1439,1440,ts_50_1_S-A-25,47,C24H18ClNO3,"1,6,7,8,17",0,95,2,97,S-A-25,Substitution
1440,1441,ts_50_1_S-B-7,19,C5H6N2O6,"1,6,7,8",1,87,5,92,S-B-7,Substitution
1441,1442,ts_50_1_S-D-11,20,C4H6N2O7S,"1,6,7,8,16",0,90,5,95,S-D-11,Substitution
1442,1443,ts_50_1_S-D-16,38,C15H13N3O6S,"1,6,7,8,16",0,93,2,95,S-D-16,Substitution
1443,1444,ts_50_2_E-2-a,10,C3H2N2O3,"1,6,7,8",1,88,5,93,E-2-a,Addition
1444,1445,ts_50_2_R-A-7,23,C5H14N2O2,"1,6,7,8",1,100,5,105,R-A-7,Cyclization
1445,1446,ts_50_2_R-B-4,16,C5H8ClNO,"1,6,7,8,17",0,100,5,105,R-B-4,Cyclization
1446,1447,ts_50_2_R-B-10,20,C6H11ClO2,"1,6,8,17",0,98,5,103,R-B-10,Cyclization
1447,1448,ts_50_2_S-C-11,17,C7H7Cl2F,"1,6,9,17",0,100,5,105,S-C-11,Substitution
1448,1449,ts_51_1_A-E-4,13,C4H5NO2S,"1,6,7,8,16",0,91,5,96,A-E-4,Addition
1449,1450,ts_51_1_A-I-6,43,C21H18N2OS,"1,6,7,8,16",0,99,2,101,A-I-6,Addition
1450,1451,ts_51_1_E-2-a,10,C3H2N2O3,"1,6,7,8",1,96,5,101,E-2-a,Addition
1451,1452,ts_51_1_E-2-b,19,C5H10N2O2,"1,6,7,8",1,99,5,104,E-2-b,Addition
1452,1453,ts_51_1_NO2-A-4-d,25,C10H8N2O5,"1,6,7,8",1,92,5,97,NO2-A-4-d,Addition
1453,1454,ts_51_1_NO2-A-6-c,18,C4H6N2O5S,"1,6,7,8,16",0,92,5,97,NO2-A-6-c,Addition
1454,1455,ts_51_1_NO2-A-6-e,18,C4H6N2O5S,"1,6,7,8,16",0,92,5,97,NO2-A-6-e,Addition
1455,1456,ts_51_1_NO2-A-7-a,25,C8H10ClNO4S,"1,6,7,8,16,17",0,97,5,102,NO2-A-7-a,Substitution
1456,1457,ts_51_1_NO2-A-7-b,22,C9H6N2O4S,"1,6,7,8,16",0,90,5,95,NO2-A-7-b,Rearrangement
1457,1458,ts_51_1_NO2-A-11-c,22,C8H7N3O4,"1,6,7,8",1,91,5,96,NO2-A-11-c,Addition
1458,1459,ts_51_1_NO2-A-12-a,14,C4H3N3O4,"1,6,7,8",1,80,5,85,NO2-A-12-a,Substitution
1459,1460,ts_51_1_NO2-A-12-e,14,C4H3N3O4,"1,6,7,8",1,84,5,89,NO2-A-12-e,Addition
1460,1461,ts_51_1_NO2-B-8-c,21,C5H8N2O5S,"1,6,7,8,16",0,92,5,97,NO2-B-8-c,Addition
1461,1462,ts_51_1_NO2-B-12-e,15,C4H5BrN2O3,"1,6,7,8,35",0,93,5,98,NO2-B-12-e,Addition
1462,1463,ts_51_1_NO2-C-8-e,27,C9H10BrNO5S,"1,6,7,8,16,35",0,99,5,104,NO2-C-8-e,Addition
1463,1464,ts_51_1_R-A-9,32,C8H19N3O2,"1,6,7,8",1,98,5,103,R-A-9,Cyclization
1464,1465,ts_51_1_S-A-19,15,C3H7Br2NO2,"1,6,7,8,35",0,98,5,103,S-A-19,Substitution
1465,1466,ts_51_1_S-C-2-ab,26,C9H10ClNO5,"1,6,7,8,17",0,98,5,103,S-C-2-ab,Substitution
1466,1467,ts_51_2_A-E-1,12,C4H4ClNO2,"1,6,7,8,17",0,92,5,97,A-E-1,Addition
1467,1468,ts_51_2_A-E-8,18,C5H11NO,"1,6,7,8",1,100,5,105,A-E-8,Addition
1468,1469,ts_51_2_R-A-10,13,C4H4FNO3,"1,6,7,8,9",0,88,5,93,R-A-10,Cyclization
1469,1470,ts_51_2_S-C-9,22,C8H11Br2N,"1,6,7,35",0,100,5,105,S-C-9,Substitution
1470,1471,ts_51_4_R-A-6,24,C6H13NO4,"1,6,7,8",1,99,5,104,R-A-6,Cyclization
1471,1472,ts_52_1_A-F-2,15,C4H4Br2O4S,"1,6,8,16,35",0,92,5,97,A-F-2,Addition
1472,1473,ts_52_1_A-I-3,11,C2H3BrN2O3,"1,6,7,8,35",0,97,5,102,A-I-3,Addition
1473,1474,ts_52_1_NO2-A-2-a,25,C9H8BrNO6,"1,6,7,8,35",0,96,5,101,NO2-A-2-a,Substitution
1474,1475,ts_52_1_NO2-A-3-a,19,C4H8N2O5,"1,6,7,8",1,95,5,100,NO2-A-3-a,Substitution
1475,1476,ts_52_1_NO2-A-6-e,17,C3H6BrNO5S,"1,6,7,8,16,35",0,95,5,100,NO2-A-6-e,Addition
1476,1477,ts_52_1_NO2-A-7-c,24,C8H8BrNO5S,"1,6,7,8,16,35",0,96,5,101,NO2-A-7-c,Addition
1477,1478,ts_52_1_NO2-A-7-e,24,C8H8BrNO5S,"1,6,7,8,16,35",0,95,5,100,NO2-A-7-e,Addition
1478,1479,ts_52_1_NO2-A-10-a,11,CH3BrN2O4,"1,6,7,8,35",0,91,5,96,NO2-A-10-a,Substitution
1479,1480,ts_52_1_NO2-A-11-a,26,C9H12N2O3,"1,6,7,8",1,97,5,102,NO2-A-11-a,Substitution
1480,1481,ts_52_1_NO2-A-11-d,26,C9H12N2O3,"1,6,7,8",1,99,5,104,NO2-A-11-d,Addition
1481,1482,ts_52_1_NO2-B-2-e,27,C10H10BrNO5,"1,6,7,8,35",0,94,5,99,NO2-B-2-e,Addition
1482,1483,ts_52_1_NO2-B-3-e,16,C4H6BrNO4,"1,6,7,8,35",0,97,5,102,NO2-B-3-e,Addition
1483,1484,ts_52_1_NO2-B-12-e,15,C4H5BrN2O3,"1,6,7,8,35",0,97,5,102,NO2-B-12-e,Addition
1484,1485,ts_52_1_R-A-5,20,C5H11FO3,"1,6,8,9",0,100,5,105,R-A-5,Cyclization
1485,1486,ts_52_1_RR-A-13-a,26,C11H11BrO3,"1,6,8,35",0,95,5,100,RR-A-13-a,Rearrangement
1486,1487,ts_52_1_S-A-11,22,C5H11NO5,"1,6,7,8",1,98,5,103,S-A-11,Substitution
1487,1488,ts_52_1_S-B-5-b,13,C3H3Br3O4,"1,6,8,35",0,98,5,103,S-B-5-b,Addition
1488,1489,ts_52_1_S-B-8,19,C5H9NO4,"1,6,7,8",1,96,5,101,S-B-8,Substitution
1489,1490,ts_52_1_S-C-4,27,C9H13FN2O2,"1,6,7,8,9",0,99,5,104,S-C-4,Substitution
1490,1491,ts_52_1_S-C-7,23,C8H9ClO4S,"1,6,8,16,17",0,95,5,100,S-C-7,Substitution
1491,1492,ts_52_1_S-D-8,13,C3H3BrN2O4,"1,6,7,8,35",0,91,5,96,S-D-8,Substitution
1492,1493,ts_52_1_S-D-9,17,C3H6BrNO5S,"1,6,7,8,16,35",0,96,5,101,S-D-9,Substitution
1493,1494,ts_52_1_S-F-2,12,CH2Cl2FNO4S,"1,6,7,8,9,16,17",0,93,5,98,S-F-2,Substitution
1494,1495,ts_52_1_S-G-4,26,C5H13NO6S,"1,6,7,8,16",0,98,5,103,S-G-4,Substitution
1495,1496,ts_52_2_A-E-24,17,C4H9BrFNS,"1,6,7,9,16,35",0,100,5,105,A-E-24,Addition
1496,1497,ts_52_2_A-F-1,15,C4H4BrClO4S,"1,6,8,16,17,35",0,93,5,98,A-F-1,Addition
1497,1498,ts_52_2_A-F-3,22,C9H6BrClO4S,"1,6,8,16,17,35",0,97,5,102,A-F-3,Addition
1498,1499,ts_52_2_R-B-7,15,C5H7BrO2,"1,6,8,35",0,100,5,105,R-B-7,Cyclization
1499,1500,ts_52_2_S-C-7,23,C8H9ClO4S,"1,6,8,16,17",0,100,5,105,S-C-7,Substitution
1500,1501,ts_53_1_A-E-8,19,C5H9NO4,"1,6,7,8",1,78,4,82,A-E-8,Addition
1501,1502,ts_53_1_A-E-18,24,C10H9BrO4,"1,6,8,35",0,94,5,99,A-E-18,Addition
1502,1503,ts_53_1_A-E-21,11,C3H3Br3O2,"1,6,8,35",0,97,5,102,A-E-21,Addition
1503,1504,ts_53_1_A-F-1,15,C4H4BrClO4S,"1,6,8,16,17,35",0,96,5,101,A-F-1,Addition
1504,1505,ts_53_1_NO2-A-5-d,24,C6H11N3O4,"1,6,7,8",1,94,5,99,NO2-A-5-d,Addition
1505,1506,ts_53_1_NO2-A-6-c,17,C3H6BrNO5S,"1,6,7,8,16,35",0,99,5,104,NO2-A-6-c,Addition
1506,1507,ts_53_1_NO2-A-9-b,12,C2H3BrN2O4,"1,6,7,8,35",0,96,5,101,NO2-A-9-b,Rearrangement
1507,1508,ts_53_1_NO2-A-9-d,15,C2H5BrN2O5,"1,6,7,8,35",0,97,5,102,NO2-A-9-d,Addition
1508,1509,ts_53_1_NO2-A-11-c,21,C7H7BrN2O4,"1,6,7,8,35",0,98,5,103,NO2-A-11-c,Addition
1509,1510,ts_53_1_NO2-A-11-e,21,C7H7BrN2O4,"1,6,7,8,35",0,97,5,102,NO2-A-11-e,Addition
1510,1511,ts_53_1_NO2-A-12-e,13,C3H3BrN2O4,"1,6,7,8,35",0,91,5,96,NO2-A-12-e,Addition
1511,1512,ts_53_1_NO2-B-8-e,20,C4H8BrNO5S,"1,6,7,8,16,35",0,98,5,103,NO2-B-8-e,Addition
1512,1513,ts_53_1_R-A-4,34,C9H21ClN2O,"1,6,7,8,17",0,100,5,105,R-A-4,Cyclization
1513,1514,ts_53_1_R-B-15-a,17,C5H6BrClO4,"1,6,8,17,35",0,97,5,102,R-B-15-a,Rearrangement
1514,1515,ts_53_1_RR-A-2-a,21,C9H7BrO4,"1,6,8,35",0,94,5,99,RR-A-2-a,Rearrangement
1515,1516,ts_53_1_RR-A-6,20,C9H7BrO3,"1,6,8,35",0,95,5,100,RR-A-6,Rearrangement
1516,1517,ts_53_1_RR-A-13-a,26,C11H11BrO3,"1,6,8,35",0,99,5,104,RR-A-13-a,Rearrangement
1517,1518,ts_53_1_RR-A-13-b,26,C11H11BrO3,"1,6,8,35",0,99,5,104,RR-A-13-b,Rearrangement
1518,1519,ts_53_1_RR-B-4-b,17,C5H6FN3O2,"1,6,7,8,9",0,90,5,95,RR-B-4-b,Rearrangement
1519,1520,ts_53_1_RR-B-6-b,14,C4H6ClNO2,"1,6,7,8,17",0,96,5,101,RR-B-6-b,Rearrangement
1520,1521,ts_53_1_RR-B-8-a,33,C11H18N2O2,"1,6,7,8",1,100,5,105,RR-B-8-a,Rearrangement
1521,1522,ts_53_1_S-A-5,23,C5H13ClN2O2,"1,6,7,8,17",0,99,5,104,S-A-5,Substitution
1522,1523,ts_53_1_S-A-10,31,C7H19N3O2,"1,6,7,8",1,99,5,104,S-A-10,Substitution
1523,1524,ts_53_1_S-A-13,32,C10H17N3O2,"1,6,7,8",1,96,5,101,S-A-13,Substitution
1524,1525,ts_53_1_S-A-18,24,C6H13ClN2O2,"1,6,7,8,17",0,100,5,105,S-A-18,Substitution
1525,1526,ts_53_1_S-B-3-a,15,C4H8O3,"1,6,8",1,99,5,104,S-B-3-a,Rearrangement
1526,1527,ts_53_1_S-B-11,25,C9H8BrNO6,"1,6,7,8,35",0,97,5,102,S-B-11,Substitution
1527,1528,ts_53_1_S-D-2,14,C2H4BrNO6,"1,6,7,8,35",0,96,5,101,S-D-2,Substitution
1528,1529,ts_53_2_A-E-9,23,C10H9BrO3,"1,6,8,35",0,95,5,100,A-E-9,Addition
1529,1530,ts_53_2_A-E-11,15,C4H6BrNO3,"1,6,7,8,35",0,98,5,103,A-E-11,Addition
1530,1531,ts_53_2_A-E-24,18,C4H8BrNO3S,"1,6,7,8,16,35",0,99,5,104,A-E-24,Addition
1531,1532,ts_53_2_A-I-1,24,C10H11NO2,"1,6,7,8",1,94,5,99,A-I-1,Addition
1532,1533,ts_53_2_R-A-7,24,C5H15N3O,"1,6,7,8",1,100,5,105,R-A-7,Cyclization
1533,1534,ts_53_2_R-A-10,12,C3H4BrFO3,"1,6,8,9,35",0,97,5,102,R-A-10,Cyclization
1534,1535,ts_53_2_R-B-3,19,C7H9NO2,"1,6,7,8",1,98,5,103,R-B-3,Cyclization
1535,1536,ts_53_2_S-C-10,31,C13H13BrO3S,"1,6,8,16,35",0,100,2,102,S-C-10,Substitution
1536,1537,ts_53_3_R-A-7,24,C5H15N3O,"1,6,7,8",1,100,5,105,R-A-7,Cyclization
1537,1538,ts_53_4_R-A-7,24,C5H15N3O,"1,6,7,8",1,100,5,105,R-A-7,Cyclization
1538,1539,ts_54_1_A-E-19,24,C10H9FO4,"1,6,8,9",0,94,5,99,A-E-19,Addition
1539,1540,ts_54_1_A-E-20,11,C3H4BrFO2,"1,6,8,9,35",0,95,5,100,A-E-20,Addition
1540,1541,ts_54_1_A-I-4,11,C2H3FN2O2S,"1,6,7,8,9,16",0,97,5,102,A-I-4,Addition
1541,1542,ts_54_1_A-I-6,42,C20H18N2OS,"1,6,7,8,16",0,100,2,102,A-I-6,Addition
1542,1543,ts_54_1_E-1,14,C4H6ClNO2,"1,6,7,8,17",0,95,5,100,E-1,Addition
1543,1544,ts_54_1_NO2-A-8-b,15,C3H4FNO5S,"1,6,7,8,9,16",0,98,5,103,NO2-A-8-b,Rearrangement
1544,1545,ts_54_1_NO2-A-10-a,11,CH3FN2O4,"1,6,7,8,9",0,95,5,100,NO2-A-10-a,Substitution
1545,1546,ts_54_1_NO2-A-10-e,11,CH3FN2O4,"1,6,7,8,9",0,99,5,104,NO2-A-10-e,Addition
1546,1547,ts_54_1_NO2-B-2-c,27,C10H10FNO5,"1,6,7,8,9",0,98,5,103,NO2-B-2-c,Addition
1547,1548,ts_54_1_NO2-B-8-e,20,C4H8FNO5S,"1,6,7,8,9,16",0,98,5,103,NO2-B-8-e,Addition
1548,1549,ts_54_1_NO2-C-3-e,23,C9H8FNO4,"1,6,7,8,9",0,95,5,100,NO2-C-3-e,Addition
1549,1550,ts_54_1_NO2-C-12-e,22,C9H7FN2O3,"1,6,7,8,9",0,94,5,99,NO2-C-12-e,Addition
1550,1551,ts_54_1_R-B-4,21,C6H12N2O,"1,6,7,8",1,100,5,105,R-B-4,Cyclization
1551,1552,ts_54_1_R-B-5,21,C7H11N3,"1,6,7",1,91,5,96,R-B-5,Cyclization
1552,1553,ts_54_1_RR-A-6,20,C9H7FO3,"1,6,8,9",0,99,5,104,RR-A-6,Rearrangement
1553,1554,ts_54_1_RR-A-13-c,26,C11H11FO3,"1,6,8,9",0,99,5,104,RR-A-13-c,Rearrangement
1554,1555,ts_54_1_RR-B-8-a,30,C10H15ClN2O2,"1,6,7,8,17",0,100,5,105,RR-B-8-a,Rearrangement
1555,1556,ts_54_1_S-A-8,25,C6H13ClFNO3,"1,6,7,8,9,17",0,94,5,99,S-A-8,Substitution
1556,1557,ts_54_1_S-A-11,21,C5H10ClNO4,"1,6,7,8,17",0,97,5,102,S-A-11,Substitution
1557,1558,ts_54_1_S-A-12,28,C8H14FNO4,"1,6,7,8,9",0,92,5,97,S-A-12,Substitution
1558,1559,ts_54_1_S-A-24,34,C10H20ClNO2,"1,6,7,8,17",0,99,5,104,S-A-24,Substitution
1559,1560,ts_54_1_S-B-5-a,11,C3H3FO4,"1,6,8,9",0,93,5,98,S-B-5-a,Rearrangement
1560,1561,ts_54_1_S-B-8,16,C4H7NO4,"1,6,7,8",1,98,5,103,S-B-8,Substitution
1561,1562,ts_54_1_S-C-5,22,C8H9NO4,"1,6,7,8",1,98,5,103,S-C-5,Substitution
1562,1563,ts_54_1_S-D-2,14,C2H4FNO6,"1,6,7,8,9",0,96,5,101,S-D-2,Substitution
1563,1564,ts_54_1_S-D-9,17,C3H6FNO5S,"1,6,7,8,9,16",0,97,5,102,S-D-9,Substitution
1564,1565,ts_54_1_S-D-14,25,C8H8FNO6S,"1,6,7,8,9,16",0,93,5,98,S-D-14,Substitution
1565,1566,ts_54_2_A-E-4,12,C3H5FO2S,"1,6,8,9,16",0,95,5,100,A-E-4,Addition
1566,1567,ts_54_2_A-E-18,24,C10H9FO4,"1,6,8,9",0,96,5,101,A-E-18,Addition
1567,1568,ts_54_2_A-E-19,24,C10H9FO4,"1,6,8,9",0,96,5,101,A-E-19,Addition
1568,1569,ts_54_2_S-D-10,18,C3H6FNO6S,"1,6,7,8,9,16",0,97,5,102,S-D-10,Substitution
1569,1570,ts_55_1_A-D-2,23,C7H9FO6,"1,6,8,9",0,87,5,92,A-D-2,Addition
1570,1571,ts_55_1_A-E-10,17,C5H7FO4,"1,6,8,9",0,97,5,102,A-E-10,Addition
1571,1572,ts_55_1_A-E-25,24,C9H8ClFO4S,"1,6,8,9,16,17",0,100,5,105,A-E-25,Addition
1572,1573,ts_55_1_A-I-4,15,C3H6N2O3S,"1,6,7,8,16",0,100,5,105,A-I-4,Addition
1573,1574,ts_55_1_E-2-a,9,C2H2FNO3,"1,6,7,8,9",0,98,5,103,E-2-a,Addition
1574,1575,ts_55_1_NO2-A-1-d,18,C4H6FNO6,"1,6,7,8,9",0,92,5,97,NO2-A-1-d,Addition
1575,1576,ts_55_1_NO2-A-5-e,25,C5H11N3O6,"1,6,7,8",1,96,5,101,NO2-A-5-e,Addition
1576,1577,ts_55_1_NO2-A-6-a,17,C3H6FNO5S,"1,6,7,8,9,16",0,95,5,100,NO2-A-6-a,Substitution
1577,1578,ts_55_1_NO2-A-7-b,21,C8H6FNO4S,"1,6,7,8,9,16",0,96,5,101,NO2-A-7-b,Rearrangement
1578,1579,ts_55_1_NO2-A-10-c,15,C2H6N2O5,"1,6,7,8",1,98,5,103,NO2-A-10-c,Addition
1579,1580,ts_55_1_NO2-A-11-e,21,C7H7FN2O4,"1,6,7,8,9",0,95,5,100,NO2-A-11-e,Addition
1580,1581,ts_55_1_NO2-B-2-d,29,C10H12N2O5,"1,6,7,8",1,97,5,102,NO2-B-2-d,Addition
1581,1582,ts_55_1_NO2-B-2-e,31,C11H13NO6,"1,6,7,8",1,94,2,96,NO2-B-2-e,Addition
1582,1583,ts_55_1_R-A-2,15,C4H6ClFO3,"1,6,8,9,17",0,97,5,102,R-A-2,Cyclization
1583,1584,ts_55_1_R-B-2,19,C7H10O2,"1,6,8",1,100,5,105,R-B-2,Cyclization
1584,1585,ts_55_1_R-B-11,33,C11H18N2O2,"1,6,7,8",1,97,5,102,R-B-11,Cyclization
1585,1586,ts_55_1_RR-A-3-b,28,C14H11FO2,"1,6,8,9",0,99,5,104,RR-A-3-b,Rearrangement
1586,1587,ts_55_1_RR-B-2-b,25,C10H10O5,"1,6,8",1,92,5,97,RR-B-2-b,Rearrangement
1587,1588,ts_55_1_S-A-17,21,C4H10N2O5,"1,6,7,8",1,96,5,101,S-A-17,Substitution
1588,1589,ts_55_1_S-B-3-a,12,C3H6FNO,"1,6,7,8,9",0,100,5,105,S-B-3-a,Rearrangement
1589,1590,ts_55_1_S-B-3-b,16,C4H6Br2O4,"1,6,8,35",0,96,5,101,S-B-3-b,Rearrangement
1590,1591,ts_55_1_S-B-12,24,C9H8FNO5,"1,6,7,8,9",0,96,5,101,S-B-12,Substitution
1591,1592,ts_55_1_S-C-10,34,C14H14O5S,"1,6,8,16",0,98,2,100,S-C-10,Substitution
1592,1593,ts_55_1_S-G-2,22,C5H9ClO6S,"1,6,8,16,17",0,98,5,103,S-G-2,Substitution
1593,1594,ts_55_2_A-E-9,23,C10H9FO3,"1,6,8,9",0,90,5,95,A-E-9,Addition
1594,1595,ts_55_2_A-E-19,24,C10H9FO4,"1,6,8,9",0,96,5,101,A-E-19,Addition
1595,1596,ts_55_2_A-I-1,27,C11H13NO2,"1,6,7,8",1,94,5,99,A-I-1,Addition
1596,1597,ts_55_2_R-A-1,12,C3H4BrClO3,"1,6,8,17,35",0,99,5,104,R-A-1,Cyclization
1597,1598,ts_55_2_R-B-10,21,C6H12ClNO,"1,6,7,8,17",0,100,5,105,R-B-10,Cyclization
1598,1599,ts_56_1_A-E-1,15,C4H7ClO3,"1,6,8,17",0,98,5,103,A-E-1,Addition
1599,1600,ts_56_1_A-E-24,19,C4H9BrN2O2S,"1,6,7,8,16,35",0,100,5,105,A-E-24,Addition
1600,1601,ts_56_1_A-I-2,32,C15H13NO3,"1,6,7,8",1,92,2,94,A-I-2,Addition
1601,1602,ts_56_1_E-2-a,13,C3H5NO4,"1,6,7,8",1,95,5,100,E-2-a,Addition
1602,1603,ts_56_1_E-2-b,14,C4H6BrNO2,"1,6,7,8,35",0,98,5,103,E-2-b,Addition
1603,1604,ts_56_1_NO2-A-2-d,29,C10H11NO7,"1,6,7,8",1,94,2,96,NO2-A-2-d,Addition
1604,1605,ts_56_1_NO2-A-5-a,26,C6H12N2O6,"1,6,7,8",1,95,5,100,NO2-A-5-a,Substitution
1605,1606,ts_56_1_NO2-A-5-b,23,C6H10N2O5,"1,6,7,8",1,92,5,97,NO2-A-5-b,Rearrangement
1606,1607,ts_56_1_NO2-A-6-b,18,C4H7NO5S,"1,6,7,8,16",0,98,5,103,NO2-A-6-b,Rearrangement
1607,1608,ts_56_1_NO2-A-8-e,22,C4H9NO7S,"1,6,7,8,16",0,98,5,103,NO2-A-8-e,Addition
1608,1609,ts_56_1_NO2-A-9-e,19,C3H8N2O6,"1,6,7,8",1,98,5,103,NO2-A-9-e,Addition
1609,1610,ts_56_1_NO2-B-8-d,24,C5H11NO6S,"1,6,7,8,16",0,99,5,104,NO2-B-8-d,Addition
1610,1611,ts_56_1_NO2-B-11-b,24,C9H10N2O3,"1,6,7,8",1,100,5,105,NO2-B-11-b,Addition
1611,1612,ts_56_1_NO2-B-11-c,27,C9H12N2O4,"1,6,7,8",1,99,5,104,NO2-B-11-c,Addition
1612,1613,ts_56_1_RR-A-9-a,30,C12H14O4,"1,6,8",1,98,5,103,RR-A-9-a,Rearrangement
1613,1614,ts_56_1_RR-A-13-b,30,C12H14O4,"1,6,8",1,93,5,98,RR-A-13-b,Rearrangement
1614,1615,ts_56_1_RR-B-7-a,19,C4H9NO5,"1,6,7,8",1,99,5,104,RR-B-7-a,Rearrangement
1615,1616,ts_56_1_S-A-7,16,C4H7Cl2FO2,"1,6,8,9,17",0,95,5,100,S-A-7,Substitution
1616,1617,ts_56_1_S-A-9,27,C7H15BrClNO2,"1,6,7,8,17,35",0,98,5,103,S-A-9,Substitution
1617,1618,ts_56_1_S-A-14,18,C4H9BrClNOS,"1,6,7,8,16,17,35",0,99,5,104,S-A-14,Substitution
1618,1619,ts_56_1_S-D-10,22,C4H9NO7S,"1,6,7,8,16",0,95,5,100,S-D-10,Substitution
1619,1620,ts_56_2_A-E-14,21,C4H9ClN2O4S,"1,6,7,8,16,17",0,98,5,103,A-E-14,Addition
1620,1621,ts_56_2_R-B-2,17,C7H8O2,"1,6,8",1,99,5,104,R-B-2,Cyclization
1621,1622,ts_56_2_R-B-10,19,C6H11ClO,"1,6,8,17",0,99,5,104,R-B-10,Cyclization
1622,1623,ts_57_1_A-A-2,20,C7H8ClNO3,"1,6,7,8,17",0,99,5,104,A-A-2,Addition
1623,1624,ts_57_1_A-E-2,19,C4H10N2O3,"1,6,7,8",1,99,5,104,A-E-2,Addition
1624,1625,ts_57_1_A-E-5,26,C10H12O3S,"1,6,8,16",0,100,5,105,A-E-5,Addition
1625,1626,ts_57_1_A-E-19,28,C11H12O5,"1,6,8",1,98,5,103,A-E-19,Addition
1626,1627,ts_57_1_E-2-a,13,C3H5NO4,"1,6,7,8",1,97,5,102,E-2-a,Addition
1627,1628,ts_57_1_NO2-A-1-a,22,C5H9NO7,"1,6,7,8",1,96,5,101,NO2-A-1-a,Substitution
1628,1629,ts_57_1_NO2-A-5-c,26,C6H12N2O6,"1,6,7,8",1,96,5,101,NO2-A-5-c,Addition
1629,1630,ts_57_1_NO2-A-10-b,12,C2H4N2O4,"1,6,7,8",1,97,5,102,NO2-A-10-b,Rearrangement
1630,1631,ts_57_1_NO2-A-11-d,26,C9H11BrN2O3,"1,6,7,8,35",0,100,5,105,NO2-A-11-d,Addition
1631,1632,ts_57_1_NO2-B-8-e,24,C5H11NO6S,"1,6,7,8,16",0,97,5,102,NO2-B-8-e,Addition
1632,1633,ts_57_1_R-A-7,24,C6H14N2O2,"1,6,7,8",1,98,5,103,R-A-7,Cyclization
1633,1634,ts_57_1_R-B-2,20,C8H10O2,"1,6,8",1,98,5,103,R-B-2,Cyclization
1634,1635,ts_57_1_R-B-10,16,C5H8Cl2O,"1,6,8,17",0,100,5,105,R-B-10,Cyclization
1635,1636,ts_57_1_RR-A-2-a,22,C10H7NO4,"1,6,7,8",1,85,5,90,RR-A-2-a,Rearrangement
1636,1637,ts_57_1_S-A-8,28,C7H14ClNO5,"1,6,7,8,17",0,99,5,104,S-A-8,Substitution
1637,1638,ts_57_1_S-B-5-b,19,C4H9Br2NO3,"1,6,7,8,35",0,100,5,105,S-B-5-b,Addition
1638,1639,ts_57_1_S-D-2,18,C3H7NO7,"1,6,7,8",1,97,5,102,S-D-2,Substitution
1639,1640,ts_57_1_S-D-14,31,C9H14N2O5S,"1,6,7,8,16",0,98,5,103,S-D-14,Substitution
1640,1641,ts_57_2_A-E-6,24,C7H11N3O3,"1,6,7,8",1,95,5,100,A-E-6,Addition
1641,1642,ts_57_2_A-E-16,18,C5H7ClN2O2S,"1,6,7,8,16,17",0,90,5,95,A-E-16,Addition
1642,1643,ts_57_2_R-A-5,22,C5H13NO3,"1,6,7,8",1,100,5,105,R-A-5,Cyclization
1643,1644,ts_57_2_S-A-4,14,C3H5ClFNO3,"1,6,7,8,9,17",0,97,5,102,S-A-4,Substitution
1644,1645,ts_58_1_A-D-2,29,C8H15NO5,"1,6,7,8",1,96,5,101,A-D-2,Addition
1645,1646,ts_58_1_A-E-17,18,C4H9ClN2O2,"1,6,7,8,17",0,98,5,103,A-E-17,Addition
1646,1647,ts_58_1_A-H-1,18,C4H10N2O2,"1,6,7,8",1,100,5,105,A-H-1,Addition
1647,1648,ts_58_1_NO2-A-2-e,31,C10H14N2O5,"1,6,7,8",1,98,5,103,NO2-A-2-e,Addition
1648,1649,ts_58_1_NO2-A-8-d,24,C4H12N2O5S,"1,6,7,8,16",0,100,5,105,NO2-A-8-d,Addition
1649,1650,ts_58_1_NO2-B-11-b,26,C9H13N3O,"1,6,7,8",1,100,5,105,NO2-B-11-b,Addition
1650,1651,ts_58_1_NO2-B-12-d,17,C4H8BrN3O,"1,6,7,8,35",0,97,5,102,NO2-B-12-d,Addition
1651,1652,ts_58_1_R-B-7,14,C5H6Cl2O,"1,6,8,17",0,99,5,104,R-B-7,Cyclization
1652,1653,ts_58_1_RR-A-9-a,32,C12H17NO2,"1,6,7,8",1,100,5,105,RR-A-9-a,Rearrangement
1653,1654,ts_58_1_RR-A-18,32,C12H17NO2,"1,6,7,8",1,100,5,105,RR-A-18,Rearrangement
1654,1655,ts_58_1_RR-B-4-b,19,C5H6N4O4,"1,6,7,8",1,84,5,89,RR-B-4-b,Rearrangement
1655,1656,ts_58_1_RR-B-5-a,18,C4H9ClN2O2,"1,6,7,8,17",0,100,5,105,RR-B-5-a,Rearrangement
1656,1657,ts_58_1_S-A-21,18,C4H9ClFNO2,"1,6,7,8,9,17",0,99,5,104,S-A-21,Substitution
1657,1658,ts_58_1_S-C-4,28,C10H13N3O2,"1,6,7,8",1,96,5,101,S-C-4,Substitution
1658,1659,ts_58_1_S-C-7,24,C8H11ClO3S,"1,6,8,16,17",0,100,5,105,S-C-7,Substitution
1659,1660,ts_58_1_S-C-10,34,C14H16O3S,"1,6,8,16",0,99,2,101,S-C-10,Substitution
1660,1661,ts_58_1_S-C-16,32,C12H16N2O2,"1,6,7,8",1,100,5,105,S-C-16,Substitution
1661,1662,ts_58_1_S-D-11,25,C4H12N2O6S,"1,6,7,8,16",0,99,5,104,S-D-11,Substitution
1662,1663,ts_58_2_A-E-16,22,C5H11ClN2O2S,"1,6,7,8,16,17",0,99,5,104,A-E-16,Addition
1663,1664,ts_58_2_A-E-23,19,C4H9Br2NO2S,"1,6,7,8,16,35",0,100,5,105,A-E-23,Addition
1664,1665,ts_58_2_A-E-24,22,C5H11BrN2O2S,"1,6,7,8,16,35",0,100,5,105,A-E-24,Addition
1665,1666,ts_58_2_R-B-3,13,C5H6ClN,"1,6,7,17",0,100,5,105,R-B-3,Cyclization
1666,1667,ts_58_2_R-B-4,16,C5H8BrNO,"1,6,7,8,35",0,98,5,103,R-B-4,Cyclization
1667,1668,ts_58_2_S-A-4,19,C4H9ClN2O3,"1,6,7,8,17",0,97,5,102,S-A-4,Substitution
1668,1669,ts_58_2_S-B-8,17,C4H7NO5,"1,6,7,8",1,99,5,104,S-B-8,Substitution
1669,1670,ts_58_2_S-C-16,32,C12H16N2O2,"1,6,7,8",1,100,5,105,S-C-16,Substitution
1670,1671,ts_59_1_A-A-1,19,C3H10N2O4,"1,6,7,8",1,100,5,105,A-A-1,Addition
1671,1672,ts_59_1_A-I-3,17,C3H9N3O2,"1,6,7,8",1,100,5,105,A-I-3,Addition
1672,1673,ts_59_1_A-I-4,17,C3H9N3OS,"1,6,7,8,16",0,98,5,103,A-I-4,Addition
1673,1674,ts_59_1_NO2-A-2-c,31,C10H14N2O5,"1,6,7,8",1,97,5,102,NO2-A-2-c,Addition
1674,1675,ts_59_1_NO2-A-3-d,20,C4H10N2O4,"1,6,7,8",1,98,5,103,NO2-A-3-d,Addition
1675,1676,ts_59_1_NO2-A-5-b,25,C6H13N3O3,"1,6,7,8",1,100,5,105,NO2-A-5-b,Rearrangement
1676,1677,ts_59_1_NO2-A-5-d,26,C5H12N4O5,"1,6,7,8",1,98,5,103,NO2-A-5-d,Addition
1677,1678,ts_59_1_NO2-A-6-a,23,C4H12N2O4S,"1,6,7,8,16",0,97,5,102,NO2-A-6-a,Substitution
1678,1679,ts_59_1_NO2-A-8-a,24,C4H12N2O5S,"1,6,7,8,16",0,99,5,104,NO2-A-8-a,Substitution
1679,1680,ts_59_1_NO2-A-10-a,17,C2H9N3O3,"1,6,7,8",1,99,5,104,NO2-A-10-a,Substitution
1680,1681,ts_59_1_NO2-B-11-d,29,C9H15N3O2,"1,6,7,8",1,99,5,104,NO2-B-11-d,Addition
1681,1682,ts_59_1_NO2-C-3-e,29,C10H14N2O3,"1,6,7,8",1,99,5,104,NO2-C-3-e,Addition
1682,1683,ts_59_1_NO2-C-12-e,28,C10H13N3O2,"1,6,7,8",1,91,5,96,NO2-C-12-e,Addition
1683,1684,ts_59_1_RR-B-1-b,20,C5H11NO3,"1,6,7,8",1,98,5,103,RR-B-1-b,Rearrangement
1684,1685,ts_59_1_S-B-13,42,C16H19N3O4,"1,6,7,8",1,96,2,98,S-B-13,Substitution
1685,1686,ts_59_1_S-F-3,19,C2H9ClN2O4S,"1,6,7,8,16,17",0,99,5,104,S-F-3,Substitution
1686,1687,ts_59_1_S-G-2,19,C3H8ClNO5S,"1,6,7,8,16,17",0,97,5,102,S-G-2,Substitution
1687,1688,ts_59_2_A-E-16,21,C5H10ClNO3S,"1,6,7,8,16,17",0,99,5,104,A-E-16,Addition
1688,1689,ts_60_1_A-I-4,16,C3H8N2O2S,"1,6,7,8,16",0,100,5,105,A-I-4,Addition
1689,1690,ts_60_1_NO2-A-3-d,20,C4H10N2O4,"1,6,7,8",1,95,5,100,NO2-A-3-d,Addition
1690,1691,ts_60_1_NO2-A-4-c,30,C10H14N2O4,"1,6,7,8",1,99,5,104,NO2-A-4-c,Addition
1691,1692,ts_60_1_NO2-B-2-d,29,C11H11NO6,"1,6,7,8",1,93,2,95,NO2-B-2-d,Addition
1692,1693,ts_60_1_R-A-10,18,C4H10FNO2,"1,6,7,8,9",0,100,5,105,R-A-10,Cyclization
1693,1694,ts_60_1_R-B-4,16,C5H8FNO,"1,6,7,8,9",0,100,5,105,R-B-4,Cyclization
1694,1695,ts_60_1_R-B-12,21,C7H12FN,"1,6,7,9",0,100,5,105,R-B-12,Cyclization
1695,1696,ts_60_1_RR-A-2-b,27,C12H11NO3,"1,6,7,8",1,94,5,99,RR-A-2-b,Rearrangement
1696,1697,ts_60_1_RR-B-8-a,31,C11H15N3O2,"1,6,7,8",1,94,5,99,RR-B-8-a,Rearrangement
1697,1698,ts_60_1_S-A-10,31,C7H17N3O4,"1,6,7,8",1,98,5,103,S-A-10,Substitution
1698,1699,ts_60_1_S-A-13,32,C10H15N3O4,"1,6,7,8",1,97,5,102,S-A-13,Substitution
1699,1700,ts_60_1_S-A-17,24,C5H14N2O3,"1,6,7,8",1,98,5,103,S-A-17,Substitution
1700,1701,ts_60_1_S-A-19,20,C4H11BrN2O2,"1,6,7,8,35",0,100,5,105,S-A-19,Substitution
1701,1702,ts_60_1_S-B-3-b,17,C4H8Br2O3,"1,6,8,35",0,100,5,105,S-B-3-b,Rearrangement
1702,1703,ts_60_1_S-B-5-b,18,C4H8Br2O4,"1,6,8,35",0,100,5,105,S-B-5-b,Addition
1703,1704,ts_60_1_S-B-12,30,C10H14N2O4,"1,6,7,8",1,97,5,102,S-B-12,Substitution
1704,1705,ts_60_1_S-C-4,32,C11H16N2O3,"1,6,7,8",1,98,5,103,S-C-4,Substitution
1705,1706,ts_60_1_S-C-12,28,C9H14N2O3,"1,6,7,8",1,98,5,103,S-C-12,Substitution
1706,1707,ts_60_1_S-C-16,31,C12H15NO3,"1,6,7,8",1,100,5,105,S-C-16,Substitution
1707,1708,ts_60_1_S-D-2,20,C3H10N2O5,"1,6,7,8",1,95,5,100,S-D-2,Substitution
1708,1709,ts_60_1_S-D-12,28,C5H14N2O6S,"1,6,7,8,16",0,97,5,102,S-D-12,Substitution
1709,1710,ts_60_1_S-G-2,19,C3H8ClNO5S,"1,6,7,8,16,17",0,99,5,104,S-G-2,Substitution
1710,1711,ts_60_2_A-E-23,19,C4H9Br2NO2S,"1,6,7,8,16,35",0,99,5,104,A-E-23,Addition
1711,1712,ts_60_2_R-A-5,24,C6H14O4,"1,6,8",1,100,5,105,R-A-5,Cyclization
1712,1713,ts_60_2_R-B-3,13,C5H5Cl2N,"1,6,7,17",0,95,5,100,R-B-3,Cyclization
1713,1714,ts_60_2_RR-B-6-a,15,C5H6N2O2,"1,6,7,8",1,86,5,91,RR-B-6-a,Rearrangement
1714,1715,ts_61_1_A-D-2,28,C8H14O6,"1,6,8",1,96,5,101,A-D-2,Addition
1715,1716,ts_61_1_A-E-1,16,C4H9ClO2,"1,6,8,17",0,100,5,105,A-E-1,Addition
1716,1717,ts_61_1_A-E-5,27,C10H14O2S,"1,6,8,16",0,100,5,105,A-E-5,Addition
1717,1718,ts_61_1_E-2-b,15,C5H6N2O2,"1,6,7,8",1,91,5,96,E-2-b,Addition
1718,1719,ts_61_1_NO2-A-4-a,29,C10H13NO5,"1,6,7,8",1,96,5,101,NO2-A-4-a,Substitution
1719,1720,ts_61_1_NO2-A-6-e,22,C4H11NO5S,"1,6,7,8,16",0,100,5,105,NO2-A-6-e,Addition
1720,1721,ts_61_1_NO2-A-7-c,29,C9H13NO5S,"1,6,7,8,16",0,100,5,105,NO2-A-7-c,Addition
1721,1722,ts_61_1_NO2-A-8-b,20,C4H9NO5S,"1,6,7,8,16",0,98,5,103,NO2-A-8-b,Rearrangement
1722,1723,ts_61_1_NO2-A-9-a,16,C3H5N3O5,"1,6,7,8",1,91,5,96,NO2-A-9-a,Substitution
1723,1724,ts_61_1_NO2-A-9-b,17,C3H8N2O4,"1,6,7,8",1,100,5,105,NO2-A-9-b,Rearrangement
1724,1725,ts_61_1_NO2-A-10-e,16,C2H8N2O4,"1,6,7,8",1,100,5,105,NO2-A-10-e,Addition
1725,1726,ts_61_1_NO2-B-11-b,25,C9H12N2O2,"1,6,7,8",1,100,5,105,NO2-B-11-b,Addition
1726,1727,ts_61_1_NO2-B-12-c,20,C5H10N2O3,"1,6,7,8",1,95,5,100,NO2-B-12-c,Addition
1727,1728,ts_61_1_NO2-B-12-d,22,C5H12N4O,"1,6,7,8",1,93,5,98,NO2-B-12-d,Addition
1728,1729,ts_61_1_R-A-6,23,C6H13NO3,"1,6,7,8",1,98,5,103,R-A-6,Cyclization
1729,1730,ts_61_1_S-C-2-ab,27,C10H10N2O5,"1,6,7,8",1,88,5,93,S-C-2-ab,Substitution
1730,1731,ts_61_1_S-C-3,21,C8H8N2O3,"1,6,7,8",1,94,5,99,S-C-3,Substitution
1731,1732,ts_61_1_S-C-10,39,C15H19NO3S,"1,6,7,8,16",0,100,2,102,S-C-10,Substitution
1732,1733,ts_61_1_S-D-15,31,C9H13NO7S,"1,6,7,8,16",0,98,2,100,S-D-15,Substitution
1733,1734,ts_61_1_S-F-3,20,C3H9ClN2O4S,"1,6,7,8,16,17",0,96,5,101,S-F-3,Substitution
1734,1735,ts_61_1_S-G-1,18,C3H7Cl2NO4S,"1,6,7,8,16,17",0,98,5,103,S-G-1,Substitution
1735,1736,ts_61_2_A-E-10,22,C6H12O4,"1,6,8",1,99,5,104,A-E-10,Addition
1736,1737,ts_61_2_A-F-1,20,C5H9ClO4S,"1,6,8,16,17",0,100,5,105,A-F-1,Addition
1737,1738,ts_62_1_A-E-16,17,C4H7BrClNO2S,"1,6,7,8,16,17,35",0,98,5,103,A-E-16,Addition
1738,1739,ts_62_1_A-E-20,16,C4H9BrO2,"1,6,8,35",0,99,5,104,A-E-20,Addition
1739,1740,ts_62_1_A-E-21,16,C4H8Br2O2,"1,6,8,35",0,100,5,105,A-E-21,Addition
1740,1741,ts_62_1_A-I-2,37,C16H18N2O,"1,6,7,8",1,98,2,100,A-I-2,Addition
1741,1742,ts_62_1_A-I-3,17,C4H8N2O3,"1,6,7,8",1,99,5,104,A-I-3,Addition
1742,1743,ts_62_1_NO2-A-2-d,30,C10H13NO6,"1,6,7,8",1,99,5,104,NO2-A-2-d,Addition
1743,1744,ts_62_1_NO2-A-3-b,16,C4H7NO4,"1,6,7,8",1,99,5,104,NO2-A-3-b,Rearrangement
1744,1745,ts_62_1_NO2-A-5-b,24,C6H12N2O4,"1,6,7,8",1,94,5,99,NO2-A-5-b,Rearrangement
1745,1746,ts_62_1_NO2-A-6-a,22,C4H11NO5S,"1,6,7,8,16",0,100,5,105,NO2-A-6-a,Substitution
1746,1747,ts_62_1_NO2-A-8-c,23,C4H11NO6S,"1,6,7,8,16",0,100,5,105,NO2-A-8-c,Addition
1747,1748,ts_62_1_NO2-A-11-d,31,C10H15N3O3,"1,6,7,8",1,97,5,102,NO2-A-11-d,Addition
1748,1749,ts_62_1_RR-A-13-a,31,C12H16O3,"1,6,8",1,100,5,105,RR-A-13-a,Rearrangement
1749,1750,ts_62_1_RR-B-5-a,17,C4H8ClNO3,"1,6,7,8,17",0,100,5,105,RR-B-5-a,Rearrangement
1750,1751,ts_62_1_RR-B-7-a,20,C4H11NO4,"1,6,7,8",1,98,5,103,RR-B-7-a,Rearrangement
1751,1752,ts_62_1_RR-B-8-a,30,C10H16N2O2,"1,6,7,8",1,99,5,104,RR-B-8-a,Rearrangement
1752,1753,ts_62_1_S-A-2,33,C11H17ClN2O2,"1,6,7,8,17",0,99,5,104,S-A-2,Substitution
1753,1754,ts_62_1_S-A-12,32,C9H17NO5,"1,6,7,8",1,96,5,101,S-A-12,Substitution
1754,1755,ts_62_1_S-A-26,15,C4H6ClFN2O,"1,6,7,8,9,17",0,96,5,101,S-A-26,Substitution
1755,1756,ts_62_1_S-B-3-a,11,C2H4N2O3,"1,6,7,8",1,98,5,103,S-B-3-a,Rearrangement
1756,1757,ts_62_1_S-B-3-b,18,C5H8Br2O3,"1,6,8,35",0,99,5,104,S-B-3-b,Rearrangement
1757,1758,ts_62_1_S-D-9,23,C5H11NO5S,"1,6,7,8,16",0,98,5,103,S-D-9,Substitution
1758,1759,ts_62_1_S-D-11,25,C5H11NO7S,"1,6,7,8,16",0,97,5,102,S-D-11,Substitution
1759,1760,ts_62_1_S-G-4,23,C4H11NO6S,"1,6,7,8,16",0,98,5,103,S-G-4,Substitution
1760,1761,ts_62_2_A-E-9,28,C11H14O3,"1,6,8",1,99,5,104,A-E-9,Addition
1761,1762,ts_62_2_A-E-20,16,C4H9BrO2,"1,6,8,35",0,100,5,105,A-E-20,Addition
1762,1763,ts_62_2_A-F-3,27,C10H11ClO4S,"1,6,8,16,17",0,100,5,105,A-F-3,Addition
1763,1764,ts_62_2_R-A-10,17,C4H9FO3,"1,6,8,9",0,100,5,105,R-A-10,Cyclization
1764,1765,ts_62_2_R-B-7,19,C6H10ClNO,"1,6,7,8,17",0,100,5,105,R-B-7,Cyclization
1765,1766,ts_63_1_A-E-6,26,C7H12N2O5,"1,6,7,8",1,94,5,99,A-E-6,Addition
1766,1767,ts_63_1_A-E-10,23,C7H12O4,"1,6,8",1,100,5,105,A-E-10,Addition
1767,1768,ts_63_1_A-E-17,18,C5H8ClNO3,"1,6,7,8,17",0,98,5,103,A-E-17,Addition
1768,1769,ts_63_1_A-I-5,41,C20H17FN2O,"1,6,7,8,9",0,59,2,61,A-I-5,Addition
1769,1770,ts_63_1_E-2-a,15,C4H7NO3,"1,6,7,8",1,97,5,102,E-2-a,Addition
1770,1771,ts_63_1_NO2-A-1-c,24,C6H11NO6,"1,6,7,8",1,97,5,102,NO2-A-1-c,Addition
1771,1772,ts_63_1_NO2-A-3-e,20,C5H9NO5,"1,6,7,8",1,96,5,101,NO2-A-3-e,Addition
1772,1773,ts_63_1_NO2-A-6-e,23,C5H11NO5S,"1,6,7,8,16",0,100,5,105,NO2-A-6-e,Addition
1773,1774,ts_63_1_NO2-A-8-a,24,C5H11NO6S,"1,6,7,8,16",0,96,5,101,NO2-A-8-a,Substitution
1774,1775,ts_63_1_NO2-A-9-c,21,C4H10N2O5,"1,6,7,8",1,96,5,101,NO2-A-9-c,Addition
1775,1776,ts_63_1_NO2-A-10-c,17,C3H8N2O4,"1,6,7,8",1,98,5,103,NO2-A-10-c,Addition
1776,1777,ts_63_1_NO2-A-11-b,24,C9H10N2O3,"1,6,7,8",1,97,5,102,NO2-A-11-b,Rearrangement
1777,1778,ts_63_1_R-A-6,21,C5H12BrNO2,"1,6,7,8,35",0,100,5,105,R-A-6,Cyclization
1778,1779,ts_63_1_R-A-7,19,C4H12N2O,"1,6,7,8",1,100,5,105,R-A-7,Cyclization
1779,1780,ts_63_1_RR-A-1,19,C6H10O3,"1,6,8",1,99,5,104,RR-A-1,Rearrangement
1780,1781,ts_63_1_RR-A-3-b,33,C15H15NO2,"1,6,7,8",1,98,2,100,RR-A-3-b,Rearrangement
1781,1782,ts_63_1_RR-A-9-a,32,C13H16O3,"1,6,8",1,100,5,105,RR-A-9-a,Rearrangement
1782,1783,ts_63_1_RR-A-12,42,C21H17NO3,"1,6,7,8",1,97,2,99,RR-A-12,Rearrangement
1783,1784,ts_63_1_RR-A-18,32,C13H16O3,"1,6,8",1,100,5,105,RR-A-18,Rearrangement
1784,1785,ts_63_1_S-A-8,29,C7H16ClNO4,"1,6,7,8,17",0,99,5,104,S-A-8,Substitution
1785,1786,ts_63_1_S-A-13,34,C11H18N2O3,"1,6,7,8",1,100,5,105,S-A-13,Substitution
1786,1787,ts_63_1_S-A-17,24,C6H13NO4,"1,6,7,8",1,94,5,99,S-A-17,Substitution
1787,1788,ts_63_1_S-B-7,24,C6H11NO6,"1,6,7,8",1,97,5,102,S-B-7,Substitution
1788,1789,ts_63_1_S-B-13,42,C17H18N2O5,"1,6,7,8",1,98,2,100,S-B-13,Substitution
1789,1790,ts_63_1_S-C-2-ab,27,C10H10N2O5,"1,6,7,8",1,91,5,96,S-C-2-ab,Substitution
1790,1791,ts_63_1_S-D-12,29,C6H14N2O6S,"1,6,7,8,16",0,95,5,100,S-D-12,Substitution
1791,1792,ts_63_1_S-D-13,30,C10H13NO5S,"1,6,7,8,16",0,97,5,102,S-D-13,Substitution
1792,1793,ts_63_1_S-D-16,43,C16H18N2O6S,"1,6,7,8,16",0,97,2,99,S-D-16,Substitution
1793,1794,ts_63_2_A-E-20,17,C5H9BrO2,"1,6,8,35",0,100,5,105,A-E-20,Addition
1794,1795,ts_63_2_A-E-24,20,C5H8BrNO4S,"1,6,7,8,16,35",0,95,5,100,A-E-24,Addition
1795,1796,ts_63_2_R-A-11,18,C5H9BrO3,"1,6,8,35",0,99,5,104,R-A-11,Cyclization
1796,1797,ts_63_2_R-B-10,17,C6H8ClNO,"1,6,7,8,17",0,93,5,98,R-B-10,Cyclization
1797,1798,ts_63_2_S-A-4,15,C4H5ClN2O3,"1,6,7,8,17",0,93,5,98,S-A-4,Substitution
1798,1799,ts_63_2_S-C-7,24,C8H10Cl2O3S,"1,6,8,16,17",0,98,5,103,S-C-7,Substitution
1799,1800,ts_64_1_A-A-1,19,C4H9NO5,"1,6,7,8",1,97,5,102,A-A-1,Addition
1800,1801,ts_64_1_A-D-2,29,C9H14O6,"1,6,8",1,97,5,102,A-D-2,Addition
1801,1802,ts_64_1_A-E-5,28,C11H14O2S,"1,6,8,16",0,98,5,103,A-E-5,Addition
1802,1803,ts_64_1_A-E-8,18,C5H9NO3,"1,6,7,8",1,97,5,102,A-E-8,Addition
1803,1804,ts_64_1_A-E-19,30,C12H14O4,"1,6,8",1,98,5,103,A-E-19,Addition
1804,1805,ts_64_1_NO2-A-1-e,24,C6H11NO6,"1,6,7,8",1,96,5,101,NO2-A-1-e,Addition
1805,1806,ts_64_1_NO2-A-2-a,31,C11H13NO6,"1,6,7,8",1,97,2,99,NO2-A-2-a,Substitution
1806,1807,ts_64_1_NO2-A-2-e,31,C11H13NO6,"1,6,7,8",1,97,2,99,NO2-A-2-e,Addition
1807,1808,ts_64_1_NO2-A-4-b,27,C11H11NO4,"1,6,7,8",1,97,5,102,NO2-A-4-b,Rearrangement
1808,1809,ts_64_1_NO2-A-8-a,24,C5H11NO6S,"1,6,7,8,16",0,97,5,102,NO2-A-8-a,Substitution
1809,1810,ts_64_1_NO2-A-10-b,14,C3H6N2O3,"1,6,7,8",1,97,5,102,NO2-A-10-b,Rearrangement
1810,1811,ts_64_1_NO2-B-3-e,17,C4H9NO3,"1,6,7,8",1,99,5,104,NO2-B-3-e,Addition
1811,1812,ts_64_1_R-A-2,21,C6H11ClO3,"1,6,8,17",0,100,5,105,R-A-2,Cyclization
1812,1813,ts_64_1_R-B-3,18,C6H9ClN2,"1,6,7,17",0,100,5,105,R-B-3,Cyclization
1813,1814,ts_64_1_R-B-12,23,C7H14N2,"1,6,7",1,100,5,105,R-B-12,Cyclization
1814,1815,ts_64_1_RR-A-1,19,C6H10O3,"1,6,8",1,97,5,102,RR-A-1,Rearrangement
1815,1816,ts_64_1_RR-A-9-a,32,C13H16O3,"1,6,8",1,98,5,103,RR-A-9-a,Rearrangement
1816,1817,ts_64_1_RR-A-13-a,32,C13H16O3,"1,6,8",1,97,5,102,RR-A-13-a,Rearrangement
1817,1818,ts_64_1_RR-A-13-c,32,C13H16O3,"1,6,8",1,99,5,104,RR-A-13-c,Rearrangement
1818,1819,ts_64_1_RR-B-4-b,17,C5H6BrN3O2,"1,6,7,8,35",0,89,5,94,RR-B-4-b,Rearrangement
1819,1820,ts_64_1_S-A-3,32,C11H16BrNO3,"1,6,7,8,35",0,100,5,105,S-A-3,Substitution
1820,1821,ts_64_1_S-A-8,28,C7H15ClO5,"1,6,8,17",0,99,5,104,S-A-8,Substitution
1821,1822,ts_64_1_S-A-16,28,C11H11ClO4S,"1,6,8,16,17",0,94,5,99,S-A-16,Substitution
1822,1823,ts_64_1_S-C-5,22,C7H8N2O5,"1,6,7,8",1,99,5,104,S-C-5,Substitution
1823,1824,ts_64_1_S-D-14,26,C8H11NO5S,"1,6,7,8,16",0,97,5,102,S-D-14,Substitution
1824,1825,ts_64_1_S-G-6,19,C2H10N2O4S,"1,6,7,8,16",0,100,5,105,S-G-6,Substitution
1825,1826,ts_64_2_A-E-11,21,C6H11NO3,"1,6,7,8",1,97,5,102,A-E-11,Addition
1826,1827,ts_64_2_A-E-20,17,C5H9BrO2,"1,6,8,35",0,100,5,105,A-E-20,Addition
1827,1828,ts_64_2_RR-B-7-a,21,C5H11NO4,"1,6,7,8",1,96,5,101,RR-B-7-a,Rearrangement
1828,1829,ts_64_2_S-A-9,30,C8H17ClO4,"1,6,8,17",0,97,5,102,S-A-9,Substitution
1829,1830,ts_64_2_S-A-13,33,C11H17NO4,"1,6,7,8",1,97,5,102,S-A-13,Substitution
1830,1831,ts_64_3_S-C-10,36,C14H17NO3S,"1,6,7,8,16",0,100,2,102,S-C-10,Substitution
1831,1832,ts_65_1_A-E-8,18,C5H8FNO3,"1,6,7,8,9",0,99,5,104,A-E-8,Addition
1832,1833,ts_65_1_NO2-A-1-e,19,C4H9NO5,"1,6,7,8",1,99,5,104,NO2-A-1-e,Addition
1833,1834,ts_65_1_NO2-A-2-e,26,C9H11NO5,"1,6,7,8",1,99,5,104,NO2-A-2-e,Addition
1834,1835,ts_65_1_NO2-A-4-a,25,C9H11NO4,"1,6,7,8",1,97,5,102,NO2-A-4-a,Substitution
1835,1836,ts_65_1_NO2-A-10-e,12,CH6N2O3,"1,6,7,8",1,100,5,105,NO2-A-10-e,Addition
1836,1837,ts_65_1_NO2-B-3-d,17,C4H9NO3,"1,6,7,8",1,99,5,104,NO2-B-3-d,Addition
1837,1838,ts_65_1_NO2-B-8-d,21,C4H11NO4S,"1,6,7,8,16",0,100,5,105,NO2-B-8-d,Addition
1838,1839,ts_65_1_NO2-B-11-b,21,C8H10N2O,"1,6,7,8",1,100,5,105,NO2-B-11-b,Addition
1839,1840,ts_65_1_NO2-B-12-d,14,C3H6BrN3O,"1,6,7,8,35",0,94,5,99,NO2-B-12-d,Addition
1840,1841,ts_65_1_R-A-3,20,C5H10ClNO3,"1,6,7,8,17",0,99,5,104,R-A-3,Cyclization
1841,1842,ts_65_1_R-A-4,30,C8H18ClNO2,"1,6,7,8,17",0,100,5,105,R-A-4,Cyclization
1842,1843,ts_65_1_R-A-6,21,C5H12FNO2,"1,6,7,8,9",0,100,5,105,R-A-6,Cyclization
1843,1844,ts_65_1_R-A-8,30,C8H18FNO2,"1,6,7,8,9",0,100,5,105,R-A-8,Cyclization
1844,1845,ts_65_1_R-B-12,22,C8H12N2,"1,6,7",1,90,5,95,R-B-12,Cyclization
1845,1846,ts_65_1_R-B-13,26,C10H14N2,"1,6,7",1,94,5,99,R-B-13,Cyclization
1846,1847,ts_65_1_R-B-14,31,C8H18N2O3,"1,6,7,8",1,99,5,104,R-B-14,Cyclization
1847,1848,ts_65_1_S-A-16,26,C10H9ClO5S,"1,6,8,16,17",0,93,5,98,S-A-16,Substitution
1848,1849,ts_65_1_S-A-26,13,C4H4ClF2NO,"1,6,7,8,9,17",0,91,5,96,S-A-26,Substitution
1849,1850,ts_65_1_S-B-8,12,C2H4BrNO4,"1,6,7,8,35",0,96,5,101,S-B-8,Substitution
1850,1851,ts_65_1_S-B-11,26,C9H11NO5,"1,6,7,8",1,97,5,102,S-B-11,Substitution
1851,1852,ts_65_1_S-D-9,18,C3H8FNO4S,"1,6,7,8,9,16",0,100,5,105,S-D-9,Substitution
1852,1853,ts_65_1_S-F-1,28,C10H14BrN3,"1,6,7,35",0,93,5,98,S-F-1,Substitution
1853,1854,ts_65_2_R-B-4,15,C5H7Cl2N,"1,6,7,17",0,97,5,102,R-B-4,Cyclization
1854,1855,ts_65_2_R-B-7,19,C7H9ClO2,"1,6,8,17",0,95,5,100,R-B-7,Cyclization
1855,1856,ts_65_2_S-C-12,25,C9H11NO4,"1,6,7,8",1,98,5,103,S-C-12,Substitution
1856,1857,ts_65_4_R-B-7,19,C7H9ClO2,"1,6,8,17",0,97,5,102,R-B-7,Cyclization
1857,1858,ts_66_1_A-A-1,14,C2H6FNO4,"1,6,7,8,9",0,100,5,105,A-A-1,Addition
1858,1859,ts_66_1_A-A-2,22,C8H9NO4,"1,6,7,8",1,98,5,103,A-A-2,Addition
1859,1860,ts_66_1_A-D-2,24,C7H11FO5,"1,6,8,9",0,96,5,101,A-D-2,Addition
1860,1861,ts_66_1_A-E-1,12,C3H6ClFO,"1,6,8,9,17",0,100,5,105,A-E-1,Addition
1861,1862,ts_66_1_A-E-7,36,C16H16FNO2,"1,6,7,8,9",0,100,2,102,A-E-7,Addition
1862,1863,ts_66_1_A-E-17,13,C3H5ClFNO2,"1,6,7,8,9,17",0,99,5,104,A-E-17,Addition
1863,1864,ts_66_1_A-E-23,14,C3H5Br2FO2S,"1,6,8,9,16,35",0,99,5,104,A-E-23,Addition
1864,1865,ts_66_1_A-E-24,17,C5H8BrNOS,"1,6,7,8,16,35",0,96,5,101,A-E-24,Addition
1865,1866,ts_66_1_NO2-A-1-e,19,C4H8FNO5,"1,6,7,8,9",0,96,5,101,NO2-A-1-e,Addition
1866,1867,ts_66_1_NO2-A-2-a,26,C9H10FNO5,"1,6,7,8,9",0,93,5,98,NO2-A-2-a,Substitution
1867,1868,ts_66_1_NO2-A-3-d,15,C3H6FNO4,"1,6,7,8,9",0,100,5,105,NO2-A-3-d,Addition
1868,1869,ts_66_1_NO2-A-3-e,15,C3H6FNO4,"1,6,7,8,9",0,99,5,104,NO2-A-3-e,Addition
1869,1870,ts_66_1_NO2-A-5-d,20,C5H8ClN3O3,"1,6,7,8,17",0,88,5,93,NO2-A-5-d,Addition
1870,1871,ts_66_1_NO2-A-6-b,15,C3H6FNO3S,"1,6,7,8,9,16",0,98,5,103,NO2-A-6-b,Rearrangement
1871,1872,ts_66_1_R-A-6,22,C5H14N2O,"1,6,7,8",1,100,5,105,R-A-6,Cyclization
1872,1873,ts_66_1_R-A-8,31,C8H20N2O,"1,6,7,8",1,100,5,105,R-A-8,Cyclization
1873,1874,ts_66_1_R-B-3,15,C6H6ClNO,"1,6,7,8,17",0,95,5,100,R-B-3,Cyclization
1874,1875,ts_66_1_R-B-10,18,C5H8ClNO3,"1,6,7,8,17",0,98,5,103,R-B-10,Cyclization
1875,1876,ts_66_1_RR-A-2-b,28,C11H13NO3,"1,6,7,8",1,98,5,103,RR-A-2-b,Rearrangement
1876,1877,ts_66_1_RR-B-5-a,13,C3H5ClFNO2,"1,6,7,8,9,17",0,99,5,104,RR-B-5-a,Rearrangement
1877,1878,ts_66_1_RR-B-8-b,23,C8H10FNO3,"1,6,7,8,9",0,100,5,105,RR-B-8-b,Rearrangement
1878,1879,ts_66_1_S-A-7,14,C4H3BrCl2O4,"1,6,8,17,35",0,95,5,100,S-A-7,Substitution
1879,1880,ts_66_1_S-A-11,24,C6H11NO6,"1,6,7,8",1,95,5,100,S-A-11,Substitution
1880,1881,ts_66_1_S-A-13,32,C11H15NO5,"1,6,7,8",1,98,5,103,S-A-13,Substitution
1881,1882,ts_66_1_S-A-17,23,C5H13NO4,"1,6,7,8",1,99,5,104,S-A-17,Substitution
1882,1883,ts_66_1_S-A-18,25,C6H13ClN2O3,"1,6,7,8,17",0,95,5,100,S-A-18,Substitution
1883,1884,ts_66_1_S-D-16,38,C14H15FN2O5S,"1,6,7,8,9,16",0,96,2,98,S-D-16,Substitution
1884,1885,ts_66_1_S-F-3,15,CH6Cl2N2O3S,"1,6,7,8,16,17",0,100,5,105,S-F-3,Substitution
1885,1886,ts_66_1_S-F-4,18,C3H9FN2O3,"1,6,7,8,9",0,98,5,103,S-F-4,Substitution
1886,1887,ts_66_1_S-H-2,16,CH2Cl6FO4PS,"1,6,8,9,15,16,17",0,100,5,105,S-H-2,Substitution
1887,1888,ts_66_2_A-E-1,12,C3H6ClFO,"1,6,8,9,17",0,100,5,105,A-E-1,Addition
1888,1889,ts_66_2_A-E-23,14,C3H5Br2FO2S,"1,6,8,9,16,35",0,100,5,105,A-E-23,Addition
1889,1890,ts_66_2_NO2-A-6-a,18,C3H8FNO4S,"1,6,7,8,9,16",0,100,5,105,NO2-A-6-a,Substitution
1890,1891,ts_66_2_R-A-10,13,C3H6F2O2,"1,6,8,9",0,100,5,105,R-A-10,Cyclization
1891,1892,ts_67_1_A-D-2,24,C7H11FO5,"1,6,8,9",0,92,5,97,A-D-2,Addition
1892,1893,ts_67_1_A-E-10,18,C5H9FO3,"1,6,8,9",0,99,5,104,A-E-10,Addition
1893,1894,ts_67_1_A-E-22,18,C4H8BrFO3S,"1,6,8,9,16,35",0,100,5,105,A-E-22,Addition
1894,1895,ts_67_1_A-E-24,16,C5H7BrClNS,"1,6,7,16,17,35",0,93,5,98,A-E-24,Addition
1895,1896,ts_67_1_A-H-1,13,C3H6FNO2,"1,6,7,8,9",0,96,5,101,A-H-1,Addition
1896,1897,ts_67_1_A-I-1,27,C10H12N2O3,"1,6,7,8",1,98,5,103,A-I-1,Addition
1897,1898,ts_67_1_NO2-A-6-d,18,C3H8FNO4S,"1,6,7,8,9,16",0,100,5,105,NO2-A-6-d,Addition
1898,1899,ts_67_1_NO2-A-8-d,19,C3H8FNO5S,"1,6,7,8,9,16",0,100,5,105,NO2-A-8-d,Addition
1899,1900,ts_67_1_NO2-A-9-e,16,C2H7FN2O4,"1,6,7,8,9",0,100,5,105,NO2-A-9-e,Addition
1900,1901,ts_67_1_NO2-A-11-e,22,C7H9FN2O3,"1,6,7,8,9",0,100,5,105,NO2-A-11-e,Addition
1901,1902,ts_67_1_NO2-B-2-e,28,C10H12ClNO4,"1,6,7,8,17",0,98,5,103,NO2-B-2-e,Addition
1902,1903,ts_67_1_NO2-B-7-d,27,C9H12FNO3S,"1,6,7,8,9,16",0,99,5,104,NO2-B-7-d,Addition
1903,1904,ts_67_1_NO2-B-12-e,16,C4H7ClN2O2,"1,6,7,8,17",0,98,5,103,NO2-B-12-e,Addition
1904,1905,ts_67_1_R-A-1,14,C3H4ClNO5,"1,6,7,8,17",0,96,5,101,R-A-1,Cyclization
1905,1906,ts_67_1_RR-B-4-b,19,C5H8N4O2,"1,6,7,8",1,92,5,97,RR-B-4-b,Rearrangement
1906,1907,ts_67_1_RR-B-6-b,16,C4H6N2O4,"1,6,7,8",1,93,5,98,RR-B-6-b,Rearrangement
1907,1908,ts_67_1_S-A-7,12,C3H2Cl2F2O3,"1,6,8,9,17",0,94,5,99,S-A-7,Substitution
1908,1909,ts_67_1_S-A-25,47,C23H20Cl2O2,"1,6,8,17",0,98,2,100,S-A-25,Substitution
1909,1910,ts_67_1_S-C-4,28,C9H14N2O3,"1,6,7,8",1,100,5,105,S-C-4,Substitution
1910,1911,ts_67_1_S-D-2,15,C2H6FNO5,"1,6,7,8,9",0,98,5,103,S-D-2,Substitution
1911,1912,ts_67_2_A-E-8,17,C6H8ClNO,"1,6,7,8,17",0,91,5,96,A-E-8,Addition
1912,1913,ts_67_2_A-E-17,13,C3H5ClFNO2,"1,6,7,8,9,17",0,100,5,105,A-E-17,Addition
1913,1914,ts_67_2_A-E-20,12,C3H6BrFO,"1,6,8,9,35",0,100,5,105,A-E-20,Addition
1914,1915,ts_67_2_A-I-1,27,C10H12N2O3,"1,6,7,8",1,93,5,98,A-I-1,Addition
1915,1916,ts_67_2_A-I-2,34,C15H14N2O3,"1,6,7,8",1,98,2,100,A-I-2,Addition
1916,1917,ts_67_2_NO2-A-6-a,18,C3H8FNO4S,"1,6,7,8,9,16",0,98,5,103,NO2-A-6-a,Substitution
1917,1918,ts_67_2_S-C-11,22,C8H9Cl2NO2,"1,6,7,8,17",0,95,5,100,S-C-11,Substitution
1918,1919,ts_67_2_S-C-13,39,C16H18N2O3,"1,6,7,8",1,98,2,100,S-C-13,Substitution
1919,1920,ts_67_3_A-I-2,34,C15H14N2O3,"1,6,7,8",1,97,2,99,A-I-2,Addition
1920,1921,ts_68_1_A-E-11,16,C4H8ClNO2,"1,6,7,8,17",0,100,5,105,A-E-11,Addition
1921,1922,ts_68_1_A-E-23,14,C3H5Br2ClO2S,"1,6,8,16,17,35",0,99,5,104,A-E-23,Addition
1922,1923,ts_68_1_A-E-25,25,C9H10Cl2O3S,"1,6,8,16,17",0,100,5,105,A-E-25,Addition
1923,1924,ts_68_1_A-F-3,23,C9H8Cl2O3S,"1,6,8,16,17",0,100,5,105,A-F-3,Addition
1924,1925,ts_68_1_NO2-A-1-c,19,C4H8ClNO5,"1,6,7,8,17",0,98,5,103,NO2-A-1-c,Addition
1925,1926,ts_68_1_NO2-A-5-b,20,C5H9ClN2O3,"1,6,7,8,17",0,96,5,101,NO2-A-5-b,Rearrangement
1926,1927,ts_68_1_NO2-A-7-a,25,C7H9N3O5S,"1,6,7,8,16",0,95,5,100,NO2-A-7-a,Substitution
1927,1928,ts_68_1_NO2-A-10-b,9,CH3ClN2O2,"1,6,7,8,17",0,100,5,105,NO2-A-10-b,Rearrangement
1928,1929,ts_68_1_NO2-A-10-d,12,CH5ClN2O3,"1,6,7,8,17",0,100,5,105,NO2-A-10-d,Addition
1929,1930,ts_68_1_NO2-A-11-d,28,C9H13N3O3,"1,6,7,8",1,100,5,105,NO2-A-11-d,Addition
1930,1931,ts_68_1_NO2-B-2-e,28,C10H12ClNO4,"1,6,7,8,17",0,99,5,104,NO2-B-2-e,Addition
1931,1932,ts_68_1_NO2-B-8-e,21,C4H10ClNO4S,"1,6,7,8,16,17",0,100,5,105,NO2-B-8-e,Addition
1932,1933,ts_68_1_NO2-B-12-d,13,C4H4FN3O,"1,6,7,8,9",0,87,5,92,NO2-B-12-d,Addition
1933,1934,ts_68_1_RR-A-3-b,31,C15H12O4,"1,6,8",1,94,2,96,RR-A-3-b,Rearrangement
1934,1935,ts_68_1_RR-A-13-a,27,C11H13ClO2,"1,6,8,17",0,100,5,105,RR-A-13-a,Rearrangement
1935,1936,ts_68_1_RR-A-13-b,27,C11H13ClO2,"1,6,8,17",0,100,5,105,RR-A-13-b,Rearrangement
1936,1937,ts_68_1_RR-A-18,27,C11H13ClO2,"1,6,8,17",0,100,5,105,RR-A-18,Rearrangement
1937,1938,ts_68_1_RR-B-1-b,15,C4H7ClO3,"1,6,8,17",0,97,5,102,RR-B-1-b,Rearrangement
1938,1939,ts_68_1_RR-B-7-a,16,C3H8ClNO3,"1,6,7,8,17",0,100,5,105,RR-B-7-a,Rearrangement
1939,1940,ts_68_1_S-A-2,33,C12H16ClNO3,"1,6,7,8,17",0,95,2,97,S-A-2,Substitution
1940,1941,ts_68_1_S-A-9,31,C9H17ClO4,"1,6,8,17",0,98,5,103,S-A-9,Substitution
1941,1942,ts_68_1_S-A-16,28,C11H11ClO4S,"1,6,8,16,17",0,95,5,100,S-A-16,Substitution
1942,1943,ts_68_1_S-B-11,26,C9H10ClNO5,"1,6,7,8,17",0,99,5,104,S-B-11,Substitution
1943,1944,ts_68_1_S-B-12,25,C9H10ClNO4,"1,6,7,8,17",0,97,5,102,S-B-12,Substitution
1944,1945,ts_68_1_S-B-13,37,C15H15ClN2O4,"1,6,7,8,17",0,95,2,97,S-B-13,Substitution
1945,1946,ts_68_1_S-C-1,38,C12H22ClN3,"1,6,7,17",0,99,2,101,S-C-1,Substitution
1946,1947,ts_68_1_S-C-16,27,C11H12ClNO2,"1,6,7,8,17",0,100,5,105,S-C-16,Substitution
1947,1948,ts_68_1_S-D-2,15,C2H6ClNO5,"1,6,7,8,17",0,94,5,99,S-D-2,Substitution
1948,1949,ts_68_1_S-D-14,26,C8H10ClNO5S,"1,6,7,8,16,17",0,100,5,105,S-D-14,Substitution
1949,1950,ts_68_1_S-G-4,21,C4H8O8S,"1,6,8,16",0,97,5,102,S-G-4,Substitution
1950,1951,ts_68_1_S-G-6,26,C4H14N2O5S,"1,6,7,8,16",0,100,5,105,S-G-6,Substitution
1951,1952,ts_68_2_A-E-11,16,C4H8ClNO2,"1,6,7,8,17",0,97,5,102,A-E-11,Addition
1952,1953,ts_68_2_A-F-3,23,C9H8Cl2O3S,"1,6,8,16,17",0,99,5,104,A-F-3,Addition
1953,1954,ts_68_2_R-B-7,14,C5H7ClO,"1,6,8,17",0,99,5,104,R-B-7,Cyclization
1954,1955,ts_68_2_S-C-12,26,C9H11NO5,"1,6,7,8",1,95,5,100,S-C-12,Substitution
1955,1956,ts_68_3_S-A-4,21,C4H9N3O5,"1,6,7,8",1,96,5,101,S-A-4,Substitution
1956,1957,ts_69_1_A-E-16,18,C5H9ClN2S,"1,6,7,16,17",0,92,5,97,A-E-16,Addition
1957,1958,ts_69_1_A-E-22,18,C4H8BrClO3S,"1,6,8,16,17,35",0,99,5,104,A-E-22,Addition
1958,1959,ts_69_1_A-E-25,25,C9H10Cl2O3S,"1,6,8,16,17",0,100,5,105,A-E-25,Addition
1959,1960,ts_69_1_A-I-3,12,C2H5BrN2O2,"1,6,7,8,35",0,98,5,103,A-I-3,Addition
1960,1961,ts_69_1_A-I-4,12,C2H5BrN2OS,"1,6,7,8,16,35",0,98,5,103,A-I-4,Addition
1961,1962,ts_69_1_E-1,16,C4H8N2O2,"1,6,7,8",1,99,5,104,E-1,Addition
1962,1963,ts_69_1_NO2-A-2-e,26,C9H10ClNO5,"1,6,7,8,17",0,96,5,101,NO2-A-2-e,Addition
1963,1964,ts_69_1_NO2-A-7-e,25,C8H10ClNO4S,"1,6,7,8,16,17",0,100,5,105,NO2-A-7-e,Addition
1964,1965,ts_69_1_NO2-A-8-b,16,C3H6ClNO4S,"1,6,7,8,16,17",0,100,5,105,NO2-A-8-b,Rearrangement
1965,1966,ts_69_1_NO2-A-8-d,19,C3H8ClNO5S,"1,6,7,8,16,17",0,100,5,105,NO2-A-8-d,Addition
1966,1967,ts_69_1_NO2-A-9-e,16,C2H7ClN2O4,"1,6,7,8,17",0,100,5,105,NO2-A-9-e,Addition
1967,1968,ts_69_1_NO2-A-11-b,19,C7H7ClN2O2,"1,6,7,8,17",0,100,5,105,NO2-A-11-b,Rearrangement
1968,1969,ts_69_1_R-A-9,31,C8H19FN2O,"1,6,7,8,9",0,100,5,105,R-A-9,Cyclization
1969,1970,ts_69_1_R-B-10,23,C6H14N2O,"1,6,7,8",1,99,5,104,R-B-10,Cyclization
1970,1971,ts_69_1_RR-A-1,14,C4H7ClO2,"1,6,8,17",0,100,5,105,RR-A-1,Rearrangement
1971,1972,ts_69_1_RR-A-10,27,C9H15ClO2,"1,6,8,17",0,100,5,105,RR-A-10,Rearrangement
1972,1973,ts_69_1_RR-B-6-b,16,C4H8N2O2,"1,6,7,8",1,96,5,101,RR-B-6-b,Rearrangement
1973,1974,ts_69_1_S-A-7,11,C2H2Cl2F2O3,"1,6,8,9,17",0,98,5,103,S-A-7,Substitution
1974,1975,ts_69_1_S-A-25,47,C23H20BrClO2,"1,6,8,17,35",0,96,2,98,S-A-25,Substitution
1975,1976,ts_69_1_S-B-2,27,C8H13BrN2O3,"1,6,7,8,35",0,96,5,101,S-B-2,Substitution
1976,1977,ts_69_1_S-B-3-a,9,C2H2ClNO3,"1,6,7,8,17",0,98,5,103,S-B-3-a,Rearrangement
1977,1978,ts_69_1_S-B-4-b,23,C9H9Br3O2,"1,6,8,35",0,100,5,105,S-B-4-b,Rearrangement
1978,1979,ts_69_1_S-C-13,38,C17H18N2O,"1,6,7,8",1,87,2,89,S-C-13,Substitution
1979,1980,ts_69_1_S-D-12,24,C4H11BrN2O5S,"1,6,7,8,16,35",0,98,5,103,S-D-12,Substitution
1980,1981,ts_69_1_S-F-2,13,CH4BrCl2NO3S,"1,6,7,8,16,17,35",0,100,5,105,S-F-2,Substitution
1981,1982,ts_69_2_A-E-4,13,C3H7ClOS,"1,6,8,16,17",0,100,5,105,A-E-4,Addition
1982,1983,ts_69_2_A-E-20,12,C3H6BrClO,"1,6,8,17,35",0,100,5,105,A-E-20,Addition
1983,1984,ts_69_2_A-E-25,25,C9H10Cl2O3S,"1,6,8,16,17",0,100,5,105,A-E-25,Addition
1984,1985,ts_69_2_R-A-5,23,C5H12N2O4,"1,6,7,8",1,97,5,102,R-A-5,Cyclization
1985,1986,ts_69_2_R-A-7,26,C6H16N2O2,"1,6,7,8",1,100,5,105,R-A-7,Cyclization
1986,1987,ts_69_2_R-A-8,33,C8H19N3O3,"1,6,7,8",1,99,5,104,R-A-8,Cyclization
1987,1988,ts_69_2_R-B-3,16,C6H6ClNO2,"1,6,7,8,17",0,97,5,102,R-B-3,Cyclization
1988,1989,ts_69_2_S-C-12,23,C8H10BrNO3,"1,6,7,8,35",0,97,5,102,S-C-12,Substitution
1989,1990,ts_69_3_S-A-4,21,C4H9N3O5,"1,6,7,8",1,91,5,96,S-A-4,Substitution
1990,1991,ts_69_3_S-C-10,35,C15H15NO3S,"1,6,7,8,16",0,91,2,93,S-C-10,Substitution
1991,1992,ts_70_1_A-A-1,14,C2H6BrNO4,"1,6,7,8,35",0,100,5,105,A-A-1,Addition
1992,1993,ts_70_1_A-A-2,21,C8H8N2O3,"1,6,7,8",1,94,5,99,A-A-2,Addition
1993,1994,ts_70_1_A-E-25,25,C9H10BrClO3S,"1,6,8,16,17,35",0,100,5,105,A-E-25,Addition
1994,1995,ts_70_1_E-1,14,C4H6FNO2,"1,6,7,8,9",0,90,5,95,E-1,Addition
1995,1996,ts_70_1_NO2-A-2-a,26,C9H10BrNO5,"1,6,7,8,35",0,94,5,99,NO2-A-2-a,Substitution
1996,1997,ts_70_1_NO2-A-4-b,22,C9H8BrNO3,"1,6,7,8,35",0,92,5,97,NO2-A-4-b,Rearrangement
1997,1998,ts_70_1_NO2-A-7-e,25,C8H10BrNO4S,"1,6,7,8,16,35",0,100,5,105,NO2-A-7-e,Addition
1998,1999,ts_70_1_NO2-A-8-c,19,C3H8BrNO5S,"1,6,7,8,16,35",0,99,5,104,NO2-A-8-c,Addition
1999,2000,ts_70_1_NO2-A-12-a,14,C3H5BrN2O3,"1,6,7,8,35",0,91,5,96,NO2-A-12-a,Substitution
2000,2001,ts_70_1_NO2-A-12-d,14,C3H5BrN2O3,"1,6,7,8,35",0,85,5,90,NO2-A-12-d,Addition
2001,2002,ts_70_1_NO2-B-2-e,28,C10H12BrNO4,"1,6,7,8,35",0,96,5,101,NO2-B-2-e,Addition
2002,2003,ts_70_1_R-A-6,24,C5H15N3O,"1,6,7,8",1,100,5,105,R-A-6,Cyclization
2003,2004,ts_70_1_R-B-11,33,C11H18N2O2,"1,6,7,8",1,94,5,99,R-B-11,Cyclization
2004,2005,ts_70_1_R-B-12,18,C6H10ClN,"1,6,7,17",0,100,5,105,R-B-12,Cyclization
2005,2006,ts_70_1_RR-B-5-a,13,C3H5BrClNO2,"1,6,7,8,17,35",0,98,5,103,RR-B-5-a,Rearrangement
2006,2007,ts_70_1_RR-B-7-b,16,C3H8BrNO3,"1,6,7,8,35",0,100,5,105,RR-B-7-b,Rearrangement
2007,2008,ts_70_1_S-A-10,33,C8H20N2O3,"1,6,7,8",1,99,5,104,S-A-10,Substitution
2008,2009,ts_70_1_S-B-7,19,C4H8BrNO5,"1,6,7,8,35",0,97,5,102,S-B-7,Substitution
2009,2010,ts_70_1_S-C-2-aa,25,C8H10N2O5,"1,6,7,8",1,95,5,100,S-C-2-aa,Substitution
2010,2011,ts_70_1_S-C-10,36,C15H16O4S,"1,6,8,16",0,98,2,100,S-C-10,Substitution
2011,2012,ts_70_1_S-D-11,20,C3H8BrNO6S,"1,6,7,8,16,35",0,98,5,103,S-D-11,Substitution
2012,2013,ts_70_1_S-D-13,25,C8H10BrNO4S,"1,6,7,8,16,35",0,99,5,104,S-D-13,Substitution
2013,2014,ts_70_1_S-G-2,14,C2H5ClO5S,"1,6,8,16,17",0,98,5,103,S-G-2,Substitution
2014,2015,ts_70_2_A-E-1,12,C3H6BrClO,"1,6,8,17,35",0,100,5,105,A-E-1,Addition
2015,2016,ts_70_2_A-E-12,13,C4H6BrNO,"1,6,7,8,35",0,96,5,101,A-E-12,Addition
2016,2017,ts_70_2_A-E-14,19,C6H7ClN2O2S,"1,6,7,8,16,17",0,87,5,92,A-E-14,Addition
2017,2018,ts_70_2_A-E-19,25,C10H11BrO3,"1,6,8,35",0,98,5,103,A-E-19,Addition
2018,2019,ts_70_2_R-B-10,23,C6H14N2O,"1,6,7,8",1,100,5,105,R-B-10,Cyclization
2019,2020,ts_70_2_S-C-10,36,C15H16O4S,"1,6,8,16",0,99,2,101,S-C-10,Substitution
2020,2021,ts_70_2_S-C-12,24,C8H11NO4,"1,6,7,8",1,96,5,101,S-C-12,Substitution
2021,2022,ts_71_1_A-A-1,14,C2H6BrNO4,"1,6,7,8,35",0,100,5,105,A-A-1,Addition
2022,2023,ts_71_1_A-D-2,24,C7H11BrO5,"1,6,8,35",0,94,5,99,A-D-2,Addition
2023,2024,ts_71_1_A-E-1,12,C3H6BrClO,"1,6,8,17,35",0,100,5,105,A-E-1,Addition
2024,2025,ts_71_1_A-E-2,17,C6H8N2O,"1,6,7,8",1,91,5,96,A-E-2,Addition
2025,2026,ts_71_1_A-E-4,13,C3H7BrOS,"1,6,8,16,35",0,100,5,105,A-E-4,Addition
2026,2027,ts_71_1_A-E-20,12,C3H6Br2O,"1,6,8,35",0,100,5,105,A-E-20,Addition
2027,2028,ts_71_1_A-E-21,12,C3H5Br3O,"1,6,8,35",0,100,5,105,A-E-21,Addition
2028,2029,ts_71_1_NO2-A-2-a,26,C9H10BrNO5,"1,6,7,8,35",0,98,5,103,NO2-A-2-a,Substitution
2029,2030,ts_71_1_NO2-A-6-b,15,C3H6BrNO3S,"1,6,7,8,16,35",0,100,5,105,NO2-A-6-b,Rearrangement
2030,2031,ts_71_1_NO2-A-6-e,18,C3H8BrNO4S,"1,6,7,8,16,35",0,100,5,105,NO2-A-6-e,Addition
2031,2032,ts_71_1_NO2-A-7-e,25,C8H10BrNO4S,"1,6,7,8,16,35",0,99,5,104,NO2-A-7-e,Addition
2032,2033,ts_71_1_NO2-A-12-d,14,C3H5BrN2O3,"1,6,7,8,35",0,93,5,98,NO2-A-12-d,Addition
2033,2034,ts_71_1_NO2-B-2-d,34,C12H16N2O4,"1,6,7,8",1,96,2,98,NO2-B-2-d,Addition
2034,2035,ts_71_1_NO2-B-8-c,21,C4H10BrNO4S,"1,6,7,8,16,35",0,100,5,105,NO2-B-8-c,Addition
2035,2036,ts_71_1_RR-B-8-b,23,C8H10BrNO3,"1,6,7,8,35",0,100,5,105,RR-B-8-b,Rearrangement
2036,2037,ts_71_1_S-A-4,20,C4H8N2O6,"1,6,7,8",1,94,5,99,S-A-4,Substitution
2037,2038,ts_71_1_S-B-1,25,C7H13ClN2O2,"1,6,7,8,17",0,96,5,101,S-B-1,Substitution
2038,2039,ts_71_1_S-B-7,21,C4H8N2O7,"1,6,7,8",1,95,5,100,S-B-7,Substitution
2039,2040,ts_71_1_S-C-7,26,C9H11ClO4S,"1,6,8,16,17",0,97,5,102,S-C-7,Substitution
2040,2041,ts_71_1_S-D-2,15,C2H6BrNO5,"1,6,7,8,35",0,97,5,102,S-D-2,Substitution
2041,2042,ts_71_1_S-D-14,28,C8H10N2O7S,"1,6,7,8,16",0,100,5,105,S-D-14,Substitution
2042,2043,ts_71_1_S-G-5,26,C4H13N3O5S,"1,6,7,8,16",0,96,5,101,S-G-5,Substitution
2043,2044,ts_71_2_A-E-5,23,C9H11BrOS,"1,6,8,16,35",0,100,5,105,A-E-5,Addition
2044,2045,ts_71_2_R-A-10,13,C3H6BrFO2,"1,6,8,9,35",0,100,5,105,R-A-10,Cyclization
2045,2046,ts_72_1_A-E-4,15,C3H7NO3S,"1,6,7,8,16",0,96,5,101,A-E-4,Addition
2046,2047,ts_72_1_A-E-10,20,C5H9NO5,"1,6,7,8",1,97,5,102,A-E-10,Addition
2047,2048,ts_72_1_A-I-2,34,C16H15NO2,"1,6,7,8",1,97,2,99,A-I-2,Addition
2048,2049,ts_72_1_E-1,14,C4H6FNO2,"1,6,7,8,9",0,96,5,101,E-1,Addition
2049,2050,ts_72_1_E-2-a,12,C2H4N2O4,"1,6,7,8",1,97,5,102,E-2-a,Addition
2050,2051,ts_72_1_NO2-A-2-b,25,C9H8N2O6,"1,6,7,8",1,96,5,101,NO2-A-2-b,Rearrangement
2051,2052,ts_72_1_NO2-A-3-d,17,C3H6N2O6,"1,6,7,8",1,99,5,104,NO2-A-3-d,Addition
2052,2053,ts_72_1_NO2-A-6-b,17,C3H6N2O5S,"1,6,7,8,16",0,98,5,103,NO2-A-6-b,Rearrangement
2053,2054,ts_72_1_NO2-A-10-a,14,CH5N3O5,"1,6,7,8",1,96,5,101,NO2-A-10-a,Substitution
2054,2055,ts_72_1_NO2-A-10-e,14,CH5N3O5,"1,6,7,8",1,98,5,103,NO2-A-10-e,Addition
2055,2056,ts_72_1_NO2-A-12-e,16,C3H5N3O5,"1,6,7,8",1,99,5,104,NO2-A-12-e,Addition
2056,2057,ts_72_1_NO2-B-7-d,29,C9H12N2O5S,"1,6,7,8,16",0,94,5,99,NO2-B-7-d,Addition
2057,2058,ts_72_1_NO2-B-7-e,29,C9H12N2O5S,"1,6,7,8,16",0,99,5,104,NO2-B-7-e,Addition
2058,2059,ts_72_1_NO2-B-8-e,23,C4H10N2O6S,"1,6,7,8,16",0,98,5,103,NO2-B-8-e,Addition
2059,2060,ts_72_1_R-A-2,18,C4H8ClNO4,"1,6,7,8,17",0,98,5,103,R-A-2,Cyclization
2060,2061,ts_72_1_R-B-3,15,C5H6N2O2,"1,6,7,8",1,99,5,104,R-B-3,Cyclization
2061,2062,ts_72_1_R-B-12,17,C7H8ClN,"1,6,7,17",0,88,5,93,R-B-12,Cyclization
2062,2063,ts_72_1_R-B-13,21,C9H10ClN,"1,6,7,17",0,96,5,101,R-B-13,Cyclization
2063,2064,ts_72_1_R-B-14,31,C9H17NO4,"1,6,7,8",1,98,5,103,R-B-14,Cyclization
2064,2065,ts_72_1_RR-A-2-b,28,C12H12O4,"1,6,8",1,91,5,96,RR-A-2-b,Rearrangement
2065,2066,ts_72_1_RR-A-3-a,35,C16H15NO3,"1,6,7,8",1,98,2,100,RR-A-3-a,Rearrangement
2066,2067,ts_72_1_S-A-3,28,C10H13BrClNO2,"1,6,7,8,17,35",0,99,5,104,S-A-3,Substitution
2067,2068,ts_72_1_S-A-6,23,C5H12N2O4,"1,6,7,8",1,97,5,102,S-A-6,Substitution
2068,2069,ts_72_1_S-A-18,25,C7H12ClNO4,"1,6,7,8,17",0,96,5,101,S-A-18,Substitution
2069,2070,ts_72_1_S-A-19,24,C5H14BrN3O,"1,6,7,8,35",0,98,5,103,S-A-19,Substitution
2070,2071,ts_72_1_S-B-3-b,15,C3H5Br2NO4,"1,6,7,8,35",0,96,5,101,S-B-3-b,Rearrangement
2071,2072,ts_72_1_S-B-12,27,C9H10N2O6,"1,6,7,8",1,97,5,102,S-B-12,Substitution
2072,2073,ts_72_1_S-B-13,39,C15H15N3O6,"1,6,7,8",1,96,2,98,S-B-13,Substitution
2073,2074,ts_72_1_S-C-2-ab,25,C8H10N2O5,"1,6,7,8",1,98,5,103,S-C-2-ab,Substitution
2074,2075,ts_72_1_S-C-7,29,C10H13ClO4S,"1,6,8,16,17",0,96,5,101,S-C-7,Substitution
2075,2076,ts_72_1_S-C-10,39,C16H18O4S,"1,6,8,16",0,97,2,99,S-C-10,Substitution
2076,2077,ts_72_1_S-G-4,25,C4H13NO6S,"1,6,7,8,16",0,99,5,104,S-G-4,Substitution
2077,2078,ts_72_2_A-E-2,21,C6H12N2O,"1,6,7,8",1,92,5,97,A-E-2,Addition
2078,2079,ts_72_2_A-E-16,20,C6H10ClNOS,"1,6,7,8,16,17",0,96,5,101,A-E-16,Addition
2079,2080,ts_72_2_A-E-18,27,C10H11NO5,"1,6,7,8",1,97,5,102,A-E-18,Addition
2080,2081,ts_72_2_A-E-25,27,C9H10ClNO5S,"1,6,7,8,16,17",0,95,5,100,A-E-25,Addition
2081,2082,ts_72_2_R-A-7,26,C6H16N2O2,"1,6,7,8",1,100,5,105,R-A-7,Cyclization
2082,2083,ts_72_2_R-B-3,15,C5H6N2O2,"1,6,7,8",1,99,5,104,R-B-3,Cyclization
2083,2084,ts_72_2_S-A-4,19,C4H6N2O7,"1,6,7,8",1,97,5,102,S-A-4,Substitution
2084,2085,ts_72_2_S-A-19,24,C5H14BrN3O,"1,6,7,8,35",0,98,5,103,S-A-19,Substitution
2085,2086,ts_72_2_S-H-1,14,CCl6NO4PS,"6,7,8,15,16,17",0,90,5,95,S-H-1,Substitution
2086,2087,ts_72_3_S-C-13,42,C18H21NO2,"1,6,7,8",1,98,2,100,S-C-13,Substitution
2087,2088,ts_73_1_A-A-2,24,C8H11NO4,"1,6,7,8",1,100,5,105,A-A-2,Addition
2088,2089,ts_73_1_A-E-4,15,C3H7NO3S,"1,6,7,8,16",0,98,5,103,A-E-4,Addition
2089,2090,ts_73_1_A-E-8,19,C7H9NO2,"1,6,7,8",1,88,5,93,A-E-8,Addition
2090,2091,ts_73_1_A-E-15,16,C3H5Cl2NO4S,"1,6,7,8,16,17",0,100,5,105,A-E-15,Addition
2091,2092,ts_73_1_A-E-18,27,C10H11NO5,"1,6,7,8",1,97,5,102,A-E-18,Addition
2092,2093,ts_73_1_NO2-A-6-d,20,C3H8N2O6S,"1,6,7,8,16",0,100,5,105,NO2-A-6-d,Addition
2093,2094,ts_73_1_NO2-A-6-e,20,C3H8N2O6S,"1,6,7,8,16",0,100,5,105,NO2-A-6-e,Addition
2094,2095,ts_73_1_NO2-A-10-c,17,C2H9N3O3,"1,6,7,8",1,100,5,105,NO2-A-10-c,Addition
2095,2096,ts_73_1_NO2-A-11-b,21,C7H7N3O4,"1,6,7,8",1,96,5,101,NO2-A-11-b,Rearrangement
2096,2097,ts_73_1_R-A-5,25,C6H15NO3,"1,6,7,8",1,100,5,105,R-A-5,Cyclization
2097,2098,ts_73_1_R-B-9,36,C11H21NO3,"1,6,7,8",1,78,4,82,R-B-9,Cyclization
2098,2099,ts_73_1_R-B-12,17,C7H8BrN,"1,6,7,35",0,92,5,97,R-B-12,Cyclization
2099,2100,ts_73_1_S-A-6,23,C5H12N2O4,"1,6,7,8",1,95,5,100,S-A-6,Substitution
2100,2101,ts_73_1_S-A-13,31,C10H16N2O3,"1,6,7,8",1,100,5,105,S-A-13,Substitution
2101,2102,ts_73_1_S-A-14,19,C4H10ClNO2S,"1,6,7,8,16,17",0,98,5,103,S-A-14,Substitution
2102,2103,ts_73_1_S-A-15,30,C10H15BrN2O2,"1,6,7,8,35",0,100,5,105,S-A-15,Substitution
2103,2104,ts_73_1_S-A-26,14,C5H4ClFN2O,"1,6,7,8,9,17",0,80,5,85,S-A-26,Substitution
2104,2105,ts_73_1_S-B-8,12,C2H4FNO4,"1,6,7,8,9",0,99,5,104,S-B-8,Substitution
2105,2106,ts_73_1_S-C-2-ab,25,C8H8N2O7,"1,6,7,8",1,91,5,96,S-C-2-ab,Substitution
2106,2107,ts_73_1_S-C-4,32,C10H17N3O2,"1,6,7,8",1,100,5,105,S-C-4,Substitution
2107,2108,ts_73_1_S-C-10,39,C16H18O4S,"1,6,8,16",0,97,2,99,S-C-10,Substitution
2108,2109,ts_73_1_S-C-15,32,C12H16N2O2,"1,6,7,8",1,100,5,105,S-C-15,Substitution
2109,2110,ts_73_1_S-D-12,29,C5H15N3O5S,"1,6,7,8,16",0,99,5,104,S-D-12,Substitution
2110,2111,ts_73_1_S-D-16,43,C15H19N3O5S,"1,6,7,8,16",0,97,2,99,S-D-16,Substitution
2111,2112,ts_73_1_S-G-1,20,C3H9Cl2NO4S,"1,6,7,8,16,17",0,98,5,103,S-G-1,Substitution
2112,2113,ts_73_1_S-G-2,21,C3H10ClNO5S,"1,6,7,8,16,17",0,99,5,104,S-G-2,Substitution
2113,2114,ts_73_2_A-E-8,19,C7H9NO2,"1,6,7,8",1,86,5,91,A-E-8,Addition
2114,2115,ts_73_2_A-E-20,14,C3H6BrNO3,"1,6,7,8,35",0,100,5,105,A-E-20,Addition
2115,2116,ts_73_2_A-E-23,16,C3H5Br2NO4S,"1,6,7,8,16,35",0,97,5,102,A-E-23,Addition
2116,2117,ts_73_2_NO2-A-8-a,21,C3H8N2O7S,"1,6,7,8,16",0,92,5,97,NO2-A-8-a,Substitution
2117,2118,ts_73_2_R-A-7,23,C6H13N3O,"1,6,7,8",1,93,5,98,R-A-7,Cyclization
2118,2119,ts_73_2_S-A-4,19,C4H6N2O7,"1,6,7,8",1,93,5,98,S-A-4,Substitution
2119,2120,ts_73_2_S-C-7,29,C10H13ClO4S,"1,6,8,16,17",0,97,5,102,S-C-7,Substitution
2120,2121,ts_73_2_S-C-10,39,C16H18O4S,"1,6,8,16",0,97,2,99,S-C-10,Substitution
2121,2122,ts_74_1_A-D-1,16,C4H8O4,"1,6,8",1,97,5,102,A-D-1,Addition
2122,2123,ts_74_1_A-E-2,18,C6H9NO2,"1,6,7,8",1,92,5,97,A-E-2,Addition
2123,2124,ts_74_1_A-E-4,18,C4H11NOS,"1,6,7,8,16",0,100,5,105,A-E-4,Addition
2124,2125,ts_74_1_A-E-9,29,C11H15NO2,"1,6,7,8",1,98,5,103,A-E-9,Addition
2125,2126,ts_74_1_NO2-A-4-d,30,C10H14N2O4,"1,6,7,8",1,97,5,102,NO2-A-4-d,Addition
2126,2127,ts_74_1_NO2-A-10-b,14,C2H7N3O2,"1,6,7,8",1,100,5,105,NO2-A-10-b,Rearrangement
2127,2128,ts_74_1_NO2-A-11-b,24,C8H11N3O2,"1,6,7,8",1,100,5,105,NO2-A-11-b,Rearrangement
2128,2129,ts_74_1_NO2-B-3-d,22,C5H12N2O3,"1,6,7,8",1,98,5,103,NO2-B-3-d,Addition
2129,2130,ts_74_1_R-A-3,24,C6H14ClNO2,"1,6,7,8,17",0,100,5,105,R-A-3,Cyclization
2130,2131,ts_74_1_R-A-5,23,C6H13NO3,"1,6,7,8",1,100,5,105,R-A-5,Cyclization
2131,2132,ts_74_1_R-B-7,18,C5H8N2O3,"1,6,7,8",1,99,5,104,R-B-7,Cyclization
2132,2133,ts_74_1_R-B-9,35,C11H21NO2,"1,6,7,8",1,98,5,103,R-B-9,Cyclization
2133,2134,ts_74_1_R-B-10,21,C6H11NO3,"1,6,7,8",1,96,5,101,R-B-10,Cyclization
2134,2135,ts_74_1_R-B-12,19,C7H8N2O2,"1,6,7,8",1,92,5,97,R-B-12,Cyclization
2135,2136,ts_74_1_RR-A-8-c,21,C5H12N2O2,"1,6,7,8",1,100,5,105,RR-A-8-c,Rearrangement
2136,2137,ts_74_1_RR-A-9-a,32,C12H17NO2,"1,6,7,8",1,100,5,105,RR-A-9-a,Rearrangement
2137,2138,ts_74_1_RR-A-13-a,32,C12H17NO2,"1,6,7,8",1,99,5,104,RR-A-13-a,Rearrangement
2138,2139,ts_74_1_RR-B-1-b,20,C5H11NO3,"1,6,7,8",1,99,5,104,RR-B-1-b,Rearrangement
2139,2140,ts_74_1_RR-B-4-b,21,C6H9N3O3,"1,6,7,8",1,93,5,98,RR-B-4-b,Rearrangement
2140,2141,ts_74_1_S-A-19,23,C5H13BrN2O2,"1,6,7,8,35",0,100,5,105,S-A-19,Substitution
2141,2142,ts_74_1_S-B-12,30,C10H14N2O4,"1,6,7,8",1,95,5,100,S-B-12,Substitution
2142,2143,ts_74_1_S-C-15,32,C12H16N2O2,"1,6,7,8",1,100,5,105,S-C-15,Substitution
2143,2144,ts_74_1_S-D-8,19,C4H9N3O3,"1,6,7,8",1,91,5,96,S-D-8,Substitution
2144,2145,ts_74_1_S-D-14,31,C9H14N2O5S,"1,6,7,8,16",0,99,5,104,S-D-14,Substitution
2145,2146,ts_74_2_A-E-20,17,C4H10BrNO,"1,6,7,8,35",0,100,5,105,A-E-20,Addition
2146,2147,ts_74_2_A-E-23,19,C4H9Br2NO2S,"1,6,7,8,16,35",0,99,5,104,A-E-23,Addition
2147,2148,ts_74_2_R-B-7,18,C5H8N2O3,"1,6,7,8",1,100,5,105,R-B-7,Cyclization
2148,2149,ts_74_2_R-B-10,21,C6H11NO3,"1,6,7,8",1,100,5,105,R-B-10,Cyclization
2149,2150,ts_74_2_S-A-4,21,C5H8N2O6,"1,6,7,8",1,90,5,95,S-A-4,Substitution
2150,2151,ts_74_2_S-C-7,28,C9H13ClO4S,"1,6,8,16,17",0,100,5,105,S-C-7,Substitution
2151,2152,ts_75_1_A-D-2,29,C8H15NO5,"1,6,7,8",1,97,5,102,A-D-2,Addition
2152,2153,ts_75_1_A-E-2,21,C7H11NO2,"1,6,7,8",1,92,5,97,A-E-2,Addition
2153,2154,ts_75_1_A-E-11,21,C5H12N2O2,"1,6,7,8",1,100,5,105,A-E-11,Addition
2154,2155,ts_75_1_A-I-2,36,C16H17NO2,"1,6,7,8",1,99,2,101,A-I-2,Addition
2155,2156,ts_75_1_NO2-A-2-d,31,C10H14N2O5,"1,6,7,8",1,96,5,101,NO2-A-2-d,Addition
2156,2157,ts_75_1_NO2-A-3-c,20,C4H10N2O4,"1,6,7,8",1,97,5,102,NO2-A-3-c,Addition
2157,2158,ts_75_1_NO2-A-5-d,21,C4H8FN3O5,"1,6,7,8,9",0,96,5,101,NO2-A-5-d,Addition
2158,2159,ts_75_1_NO2-A-7-a,23,C9H7N3O3S,"1,6,7,8,16",0,91,5,96,NO2-A-7-a,Substitution
2159,2160,ts_75_1_NO2-A-7-b,27,C9H12N2O3S,"1,6,7,8,16",0,99,5,104,NO2-A-7-b,Rearrangement
2160,2161,ts_75_1_NO2-A-11-c,27,C8H13N3O3,"1,6,7,8",1,100,5,105,NO2-A-11-c,Addition
2161,2162,ts_75_1_NO2-B-8-d,26,C5H14N2O4S,"1,6,7,8,16",0,100,5,105,NO2-B-8-d,Addition
2162,2163,ts_75_1_NO2-B-8-e,26,C5H14N2O4S,"1,6,7,8,16",0,100,5,105,NO2-B-8-e,Addition
2163,2164,ts_75_1_NO2-B-11-b,26,C9H13N3O,"1,6,7,8",1,99,5,104,NO2-B-11-b,Addition
2164,2165,ts_75_1_R-B-12,18,C8H8N2,"1,6,7",1,83,5,88,R-B-12,Cyclization
2165,2166,ts_75_1_R-B-13,22,C10H10N2,"1,6,7",1,94,5,99,R-B-13,Cyclization
2166,2167,ts_75_1_RR-A-3-a,31,C16H11NO3,"1,6,7,8",1,93,2,95,RR-A-3-a,Rearrangement
2167,2168,ts_75_1_RR-A-3-b,28,C14H11FO2,"1,6,8,9",0,96,5,101,RR-A-3-b,Rearrangement
2168,2169,ts_75_1_RR-A-8-c,21,C5H12N2O2,"1,6,7,8",1,100,5,105,RR-A-8-c,Rearrangement
2169,2170,ts_75_1_RR-A-13-c,32,C12H17NO2,"1,6,7,8",1,100,5,105,RR-A-13-c,Rearrangement
2170,2171,ts_75_1_RR-B-6-a,16,C5H7NO3,"1,6,7,8",1,93,5,98,RR-B-6-a,Rearrangement
2171,2172,ts_75_1_RR-B-6-b,16,C5H7NO3,"1,6,7,8",1,94,5,99,RR-B-6-b,Rearrangement
2172,2173,ts_75_1_S-A-2,30,C11H14ClNO3,"1,6,7,8,17",0,99,5,104,S-A-2,Substitution
2173,2174,ts_75_1_S-A-6,25,C6H14N2O3,"1,6,7,8",1,98,5,103,S-A-6,Substitution
2174,2175,ts_75_1_S-A-8,26,C7H13ClO5,"1,6,8,17",0,97,5,102,S-A-8,Substitution
2175,2176,ts_75_1_S-B-2,24,C7H11BrN2O3,"1,6,7,8,35",0,92,5,97,S-B-2,Substitution
2176,2177,ts_75_1_S-C-4,27,C9H13BrN2O2,"1,6,7,8,35",0,99,5,104,S-C-4,Substitution
2177,2178,ts_75_1_S-D-13,26,C9H10N2O4S,"1,6,7,8,16",0,93,5,98,S-D-13,Substitution
2178,2179,ts_75_1_S-F-2,14,C2H4Cl2N2O3S,"1,6,7,8,16,17",0,91,5,96,S-F-2,Substitution
2179,2180,ts_75_2_A-E-18,30,C11H15NO3,"1,6,7,8",1,99,5,104,A-E-18,Addition
2180,2181,ts_75_2_A-I-2,36,C16H17NO2,"1,6,7,8",1,98,2,100,A-I-2,Addition
2181,2182,ts_75_2_NO2-A-6-a,23,C4H12N2O4S,"1,6,7,8,16",0,99,5,104,NO2-A-6-a,Substitution
2182,2183,ts_75_2_R-B-5,19,C5H10N2O2,"1,6,7,8",1,99,5,104,R-B-5,Cyclization
2183,2184,ts_75_3_S-C-7,28,C9H13ClO4S,"1,6,8,16,17",0,98,5,103,S-C-7,Substitution
2184,2185,ts_75_3_S-C-13,41,C17H21NO2,"1,6,7,8",1,99,2,101,S-C-13,Substitution
2185,2186,ts_75_4_R-B-10,23,C7H13NO2,"1,6,7,8",1,97,5,102,R-B-10,Cyclization
2186,2187,ts_76_1_A-D-1,12,C2H6ClNO2,"1,6,7,8,17",0,100,5,105,A-D-1,Addition
2187,2188,ts_76_1_A-E-2,16,C5H8BrNO,"1,6,7,8,35",0,92,5,97,A-E-2,Addition
2188,2189,ts_76_1_A-E-4,14,C4H7NOS,"1,6,7,8,16",0,94,5,99,A-E-4,Addition
2189,2190,ts_76_1_A-E-19,26,C11H11NO3,"1,6,7,8",1,95,5,100,A-E-19,Addition
2190,2191,ts_76_1_A-E-20,13,C4H6BrNO,"1,6,7,8,35",0,97,5,102,A-E-20,Addition
2191,2192,ts_76_1_A-F-2,17,C5H6BrNO3S,"1,6,7,8,16,35",0,94,5,99,A-F-2,Addition
2192,2193,ts_76_1_A-I-2,36,C16H17NO2,"1,6,7,8",1,96,2,98,A-I-2,Addition
2193,2194,ts_76_1_NO2-A-6-a,19,C4H8N2O4S,"1,6,7,8,16",0,95,5,100,NO2-A-6-a,Substitution
2194,2195,ts_76_1_NO2-A-6-b,16,C4H6N2O3S,"1,6,7,8,16",0,87,5,92,NO2-A-6-b,Rearrangement
2195,2196,ts_76_1_NO2-A-11-c,23,C8H9N3O3,"1,6,7,8",1,94,5,99,NO2-A-11-c,Addition
2196,2197,ts_76_1_NO2-B-2-d,30,C12H12N2O4,"1,6,7,8",1,79,2,81,NO2-B-2-d,Addition
2197,2198,ts_76_1_NO2-B-3-d,18,C5H8N2O3,"1,6,7,8",1,95,5,100,NO2-B-3-d,Addition
2198,2199,ts_76_1_NO2-B-7-d,28,C10H12N2O3S,"1,6,7,8,16",0,94,5,99,NO2-B-7-d,Addition
2199,2200,ts_76_1_NO2-B-12-d,16,C3H4N4O5,"1,6,7,8",1,90,5,95,NO2-B-12-d,Addition
2200,2201,ts_76_1_R-A-4,29,C8H17Cl2NO,"1,6,7,8,17",0,100,5,105,R-A-4,Cyclization
2201,2202,ts_76_1_RR-A-3-b,30,C15H12O3,"1,6,8",1,97,2,99,RR-A-3-b,Rearrangement
2202,2203,ts_76_1_RR-A-12,47,C22H20N2O3,"1,6,7,8",1,99,2,101,RR-A-12,Rearrangement
2203,2204,ts_76_1_S-A-1,21,C5H11BrO4,"1,6,8,35",0,98,5,103,S-A-1,Substitution
2204,2205,ts_76_1_S-A-6,25,C5H15N3O2,"1,6,7,8",1,98,5,103,S-A-6,Substitution
2205,2206,ts_76_1_S-A-8,24,C6H12BrClO4,"1,6,8,17,35",0,99,5,104,S-A-8,Substitution
2206,2207,ts_76_1_S-A-12,27,C8H13BrO5,"1,6,8,35",0,97,5,102,S-A-12,Substitution
2207,2208,ts_76_1_S-A-16,25,C9H10ClNO3S,"1,6,7,8,16,17",0,95,5,100,S-A-16,Substitution
2208,2209,ts_76_1_S-C-10,37,C15H16O5S,"1,6,8,16",0,97,2,99,S-C-10,Substitution
2209,2210,ts_76_1_S-D-9,19,C4H8N2O4S,"1,6,7,8,16",0,92,5,97,S-D-9,Substitution
2210,2211,ts_76_1_S-F-1,23,C9H10BrFN2,"1,6,7,9,35",0,95,5,100,S-F-1,Substitution
2211,2212,ts_76_2_A-E-6,25,C8H12N2O3,"1,6,7,8",1,91,5,96,A-E-6,Addition
2212,2213,ts_76_2_A-E-23,15,C4H5Br2NO2S,"1,6,7,8,16,35",0,95,5,100,A-E-23,Addition
2213,2214,ts_76_2_NO2-A-6-a,19,C4H8N2O4S,"1,6,7,8,16",0,97,5,102,NO2-A-6-a,Substitution
2214,2215,ts_76_2_R-B-7,21,C6H10N2O3,"1,6,7,8",1,99,5,104,R-B-7,Cyclization
2215,2216,ts_77_1_A-A-2,22,C7H8N2O5,"1,6,7,8",1,98,5,103,A-A-2,Addition
2216,2217,ts_77_1_A-E-6,22,C7H12N2O,"1,6,7,8",1,95,5,100,A-E-6,Addition
2217,2218,ts_77_1_A-E-9,25,C11H11NO2,"1,6,7,8",1,94,5,99,A-E-9,Addition
2218,2219,ts_77_1_A-E-19,26,C11H11NO3,"1,6,7,8",1,69,4,73,A-E-19,Addition
2219,2220,ts_77_1_A-I-2,35,C16H15NO3,"1,6,7,8",1,97,2,99,A-I-2,Addition
2220,2221,ts_77_1_A-I-5,42,C20H18N2O2,"1,6,7,8",1,96,2,98,A-I-5,Addition
2221,2222,ts_77_1_E-2-b,18,C5H9NO3,"1,6,7,8",1,93,5,98,E-2-b,Addition
2222,2223,ts_77_1_NO2-A-2-a,27,C10H10N2O5,"1,6,7,8",1,94,5,99,NO2-A-2-a,Substitution
2223,2224,ts_77_1_NO2-A-2-c,27,C10H10N2O5,"1,6,7,8",1,85,5,90,NO2-A-2-c,Addition
2224,2225,ts_77_1_NO2-A-2-e,27,C10H10N2O5,"1,6,7,8",1,94,5,99,NO2-A-2-e,Addition
2225,2226,ts_77_1_NO2-A-4-a,26,C10H10N2O4,"1,6,7,8",1,90,5,95,NO2-A-4-a,Substitution
2226,2227,ts_77_1_NO2-A-7-d,26,C9H10N2O4S,"1,6,7,8,16",0,93,5,98,NO2-A-7-d,Addition
2227,2228,ts_77_1_NO2-A-11-a,26,C9H11ClN2O3,"1,6,7,8,17",0,96,5,101,NO2-A-11-a,Substitution
2228,2229,ts_77_1_NO2-A-12-d,15,C4H5N3O3,"1,6,7,8",1,86,5,91,NO2-A-12-d,Addition
2229,2230,ts_77_1_NO2-A-12-e,15,C4H5N3O3,"1,6,7,8",1,89,5,94,NO2-A-12-e,Addition
2230,2231,ts_77_1_NO2-B-12-e,21,C6H10N2O3,"1,6,7,8",1,96,5,101,NO2-B-12-e,Addition
2231,2232,ts_77_1_R-A-4,31,C8H19ClN2O,"1,6,7,8,17",0,100,5,105,R-A-4,Cyclization
2232,2233,ts_77_1_R-A-5,24,C6H13NO4,"1,6,7,8",1,99,5,104,R-A-5,Cyclization
2233,2234,ts_77_1_RR-A-12,42,C21H16FNO3,"1,6,7,8,9",0,98,2,100,RR-A-12,Rearrangement
2234,2235,ts_77_1_RR-A-13-a,28,C12H13NO2,"1,6,7,8",1,92,5,97,RR-A-13-a,Rearrangement
2235,2236,ts_77_1_RR-A-18,28,C12H13NO2,"1,6,7,8",1,93,5,98,RR-A-18,Rearrangement
2236,2237,ts_77_1_S-A-18,20,C5H9ClFNO3,"1,6,7,8,9,17",0,97,5,102,S-A-18,Substitution
2237,2238,ts_77_1_S-B-4-a,19,C10H6N2O,"1,6,7,8",1,80,5,85,S-B-4-a,Rearrangement
2238,2239,ts_77_1_S-B-10,21,C7H10ClNO2,"1,6,7,8,17",0,94,5,99,S-B-10,Substitution
2239,2240,ts_77_1_S-C-5,20,C7H8FNO3,"1,6,7,8,9",0,100,5,105,S-C-5,Substitution
2240,2241,ts_77_1_S-C-13,40,C17H19NO3,"1,6,7,8",1,96,2,98,S-C-13,Substitution
2241,2242,ts_77_1_S-D-8,19,C5H8N2O4,"1,6,7,8",1,90,5,95,S-D-8,Substitution
2242,2243,ts_77_1_S-D-15,32,C10H13NO7S,"1,6,7,8,16",0,100,2,102,S-D-15,Substitution
2243,2244,ts_77_1_S-G-6,24,C3H13N3O4S,"1,6,7,8,16",0,99,5,104,S-G-6,Substitution
2244,2245,ts_77_2_A-E-1,13,C4H6ClNO,"1,6,7,8,17",0,96,5,101,A-E-1,Addition
2245,2246,ts_77_2_A-E-22,19,C5H8BrNO3S,"1,6,7,8,16,35",0,93,5,98,A-E-22,Addition
2246,2247,ts_77_2_R-A-5,24,C6H13NO4,"1,6,7,8",1,98,5,103,R-A-5,Cyclization
2247,2248,ts_78_1_A-E-11,21,C6H11NO3,"1,6,7,8",1,95,5,100,A-E-11,Addition
2248,2249,ts_78_1_A-E-21,17,C5H8Br2O2,"1,6,8,35",0,96,5,101,A-E-21,Addition
2249,2250,ts_78_1_A-E-22,23,C6H11BrO4S,"1,6,8,16,35",0,98,5,103,A-E-22,Addition
2250,2251,ts_78_1_A-I-5,43,C20H17N3O3,"1,6,7,8",1,96,2,98,A-I-5,Addition
2251,2252,ts_78_1_NO2-A-12-d,19,C5H8N2O4,"1,6,7,8",1,94,5,99,NO2-A-12-d,Addition
2252,2253,ts_78_1_NO2-B-2-e,33,C12H15NO5,"1,6,7,8",1,97,2,99,NO2-B-2-e,Addition
2253,2254,ts_78_1_NO2-B-11-d,29,C10H14N2O3,"1,6,7,8",1,99,5,104,NO2-B-11-d,Addition
2254,2255,ts_78_1_NO2-C-12-e,28,C11H12N2O3,"1,6,7,8",1,93,5,98,NO2-C-12-e,Addition
2255,2256,ts_78_1_R-A-2,21,C6H11ClO3,"1,6,8,17",0,98,5,103,R-A-2,Cyclization
2256,2257,ts_78_1_R-A-5,21,C5H12FNO2,"1,6,7,8,9",0,99,5,104,R-A-5,Cyclization
2257,2258,ts_78_1_R-B-2,16,C6H7NO2,"1,6,7,8",1,100,5,105,R-B-2,Cyclization
2258,2259,ts_78_1_R-B-13,22,C8H10BrNO2,"1,6,7,8,35",0,98,5,103,R-B-13,Cyclization
2259,2260,ts_78_1_RR-A-1,19,C6H10O3,"1,6,8",1,97,5,102,RR-A-1,Rearrangement
2260,2261,ts_78_1_RR-A-13-a,32,C13H16O3,"1,6,8",1,96,5,101,RR-A-13-a,Rearrangement
2261,2262,ts_78_1_RR-A-13-c,32,C13H16O3,"1,6,8",1,98,5,103,RR-A-13-c,Rearrangement
2262,2263,ts_78_1_RR-A-18,32,C13H16O3,"1,6,8",1,98,5,103,RR-A-18,Rearrangement
2263,2264,ts_78_1_RR-B-6-b,18,C5H9NO3,"1,6,7,8",1,97,5,102,RR-B-6-b,Rearrangement
2264,2265,ts_78_1_RR-B-8-a,31,C11H15NO4,"1,6,7,8",1,98,5,103,RR-B-8-a,Rearrangement
2265,2266,ts_78_1_S-A-14,18,C5H8ClNO2S,"1,6,7,8,16,17",0,95,5,100,S-A-14,Substitution
2266,2267,ts_78_1_S-A-17,28,C7H16N2O3,"1,6,7,8",1,97,5,102,S-A-17,Substitution
2267,2268,ts_78_1_S-C-16,32,C13H15NO3,"1,6,7,8",1,100,5,105,S-C-16,Substitution
2268,2269,ts_78_1_S-F-2,14,CH5Cl3N2O2S,"1,6,7,8,16,17",0,99,5,104,S-F-2,Substitution
2269,2270,ts_78_2_A-F-2,21,C6H9BrO4S,"1,6,8,16,35",0,93,5,98,A-F-2,Addition
2270,2271,ts_78_2_A-I-2,35,C16H15NO3,"1,6,7,8",1,92,2,94,A-I-2,Addition
2271,2272,ts_78_2_R-A-8,31,C8H19FN2O,"1,6,7,8,9",0,100,5,105,R-A-8,Cyclization
2272,2273,ts_78_2_RR-B-7-a,21,C5H11NO4,"1,6,7,8",1,100,5,105,RR-B-7-a,Rearrangement
2273,2274,ts_78_2_S-C-10,34,C14H15BrO3S,"1,6,8,16,35",0,100,2,102,S-C-10,Substitution
2274,2275,ts_79_1_A-A-1,19,C4H9NO5,"1,6,7,8",1,98,5,103,A-A-1,Addition
2275,2276,ts_79_1_A-E-7,41,C18H19NO3,"1,6,7,8",1,100,2,102,A-E-7,Addition
2276,2277,ts_79_1_A-E-21,17,C5H8Br2O2,"1,6,8,35",0,99,5,104,A-E-21,Addition
2277,2278,ts_79_1_A-E-22,23,C6H11BrO4S,"1,6,8,16,35",0,99,5,104,A-E-22,Addition
2278,2279,ts_79_1_A-E-23,19,C5H8Br2O3S,"1,6,8,16,35",0,99,5,104,A-E-23,Addition
2279,2280,ts_79_1_A-F-1,21,C6H9ClO4S,"1,6,8,16,17",0,97,5,102,A-F-1,Addition
2280,2281,ts_79_1_A-I-4,13,C2H6ClN3S,"1,6,7,16,17",0,100,5,105,A-I-4,Addition
2281,2282,ts_79_1_E-2-a,15,C4H7NO3,"1,6,7,8",1,99,5,104,E-2-a,Addition
2282,2283,ts_79_1_NO2-A-6-e,23,C5H11NO5S,"1,6,7,8,16",0,99,5,104,NO2-A-6-e,Addition
2283,2284,ts_79_1_NO2-A-7-e,30,C10H13NO5S,"1,6,7,8,16",0,100,5,105,NO2-A-7-e,Addition
2284,2285,ts_79_1_NO2-A-9-b,18,C4H8N2O4,"1,6,7,8",1,97,5,102,NO2-A-9-b,Rearrangement
2285,2286,ts_79_1_NO2-A-11-c,27,C9H12N2O4,"1,6,7,8",1,98,5,103,NO2-A-11-c,Addition
2286,2287,ts_79_1_NO2-B-7-e,28,C9H13ClN2O2S,"1,6,7,8,16,17",0,98,5,103,NO2-B-7-e,Addition
2287,2288,ts_79_1_NO2-C-8-e,29,C9H13ClN2O3S,"1,6,7,8,16,17",0,100,5,105,NO2-C-8-e,Addition
2288,2289,ts_79_1_R-B-2,17,C6H7NO3,"1,6,7,8",1,99,5,104,R-B-2,Cyclization
2289,2290,ts_79_1_R-B-14,26,C7H14BrNO3,"1,6,7,8,35",0,97,5,102,R-B-14,Cyclization
2290,2291,ts_79_1_R-B-15-a,23,C7H11ClO4,"1,6,8,17",0,99,5,104,R-B-15-a,Rearrangement
2291,2292,ts_79_1_RR-A-3-a,27,C14H9FO3,"1,6,8,9",0,97,5,102,RR-A-3-a,Rearrangement
2292,2293,ts_79_1_RR-B-1-b,20,C6H10O4,"1,6,8",1,90,5,95,RR-B-1-b,Rearrangement
2293,2294,ts_79_1_RR-B-6-a,17,C5H9NO2,"1,6,7,8",1,93,5,98,RR-B-6-a,Rearrangement
2294,2295,ts_79_1_S-A-18,20,C5H9BrClNO3,"1,6,7,8,17,35",0,100,5,105,S-A-18,Substitution
2295,2296,ts_79_1_S-A-19,24,C5H14BrN3O,"1,6,7,8,35",0,99,5,104,S-A-19,Substitution
2296,2297,ts_79_1_S-A-21,14,C3H6Cl2FNO,"1,6,7,8,9,17",0,98,5,103,S-A-21,Substitution
2297,2298,ts_79_1_S-B-13,42,C17H18N2O5,"1,6,7,8",1,94,2,96,S-B-13,Substitution
2298,2299,ts_79_1_S-C-3,23,C8H9NO5,"1,6,7,8",1,100,5,105,S-C-3,Substitution
2299,2300,ts_79_1_S-C-13,37,C16H18BrNO,"1,6,7,8,35",0,100,2,102,S-C-13,Substitution
2300,2301,ts_79_1_S-G-5,25,C4H13N3O4S,"1,6,7,8,16",0,98,5,103,S-G-5,Substitution
2301,2302,ts_79_2_A-E-11,21,C6H11NO3,"1,6,7,8",1,99,5,104,A-E-11,Addition
2302,2303,ts_79_2_A-E-19,30,C12H14O4,"1,6,8",1,97,5,102,A-E-19,Addition
2303,2304,ts_79_2_A-E-20,17,C5H9BrO2,"1,6,8,35",0,99,5,104,A-E-20,Addition
2304,2305,ts_79_2_R-A-10,18,C5H9FO3,"1,6,8,9",0,98,5,103,R-A-10,Cyclization
2305,2306,ts_79_2_S-B-8,14,C3H5NO5,"1,6,7,8",1,95,5,100,S-B-8,Substitution
2306,2307,ts_79_2_S-C-15,28,C11H13ClN2O,"1,6,7,8,17",0,98,5,103,S-C-15,Substitution
2307,2308,ts_79_2_S-F-3,16,CH7Cl2N3O2S,"1,6,7,8,16,17",0,100,5,105,S-F-3,Substitution
2308,2309,ts_79_4_R-B-7,21,C7H9NO4,"1,6,7,8",1,97,5,102,R-B-7,Cyclization
2309,2310,ts_80_1_A-E-13,13,C3H6Cl3N,"1,6,7,17",0,100,5,105,A-E-13,Addition
2310,2311,ts_80_1_A-I-3,13,C2H6ClN3O,"1,6,7,8,17",0,98,5,103,A-I-3,Addition
2311,2312,ts_80_1_E-1,17,C5H9NO2,"1,6,7,8",1,97,5,102,E-1,Addition
2312,2313,ts_80_1_NO2-A-2-d,27,C9H11ClN2O4,"1,6,7,8,17",0,100,5,105,NO2-A-2-d,Addition
2313,2314,ts_80_1_NO2-A-3-d,16,C3H7ClN2O3,"1,6,7,8,17",0,96,5,101,NO2-A-3-d,Addition
2314,2315,ts_80_1_NO2-A-4-d,26,C9H11ClN2O3,"1,6,7,8,17",0,98,5,103,NO2-A-4-d,Addition
2315,2316,ts_80_1_NO2-A-10-b,10,CH4ClN3O,"1,6,7,8,17",0,98,5,103,NO2-A-10-b,Rearrangement
2316,2317,ts_80_1_NO2-A-10-e,13,CH6ClN3O2,"1,6,7,8,17",0,99,5,104,NO2-A-10-e,Addition
2317,2318,ts_80_1_NO2-A-11-c,23,C7H10ClN3O2,"1,6,7,8,17",0,100,5,105,NO2-A-11-c,Addition
2318,2319,ts_80_1_NO2-B-2-e,29,C10H13ClN2O3,"1,6,7,8,17",0,100,5,105,NO2-B-2-e,Addition
2319,2320,ts_80_1_NO2-B-11-e,25,C8H12ClN3O,"1,6,7,8,17",0,100,5,105,NO2-B-11-e,Addition
2320,2321,ts_80_1_NO2-B-12-d,15,C4H6N4O,"1,6,7,8",1,89,5,94,NO2-B-12-d,Addition
2321,2322,ts_80_1_NO2-C-8-e,29,C9H13ClN2O3S,"1,6,7,8,16,17",0,100,5,105,NO2-C-8-e,Addition
2322,2323,ts_80_1_R-A-1,14,C4H6ClFO2,"1,6,8,9,17",0,97,5,102,R-A-1,Cyclization
2323,2324,ts_80_1_R-A-3,19,C6H8ClNO3,"1,6,7,8,17",0,93,5,98,R-A-3,Cyclization
2324,2325,ts_80_1_R-A-5,22,C6H12O4,"1,6,8",1,100,5,105,R-A-5,Cyclization
2325,2326,ts_80_1_R-B-7,16,C5H6BrNO3,"1,6,7,8,35",0,100,5,105,R-B-7,Cyclization
2326,2327,ts_80_1_RR-A-8-c,17,C4H9ClN2O,"1,6,7,8,17",0,99,5,104,RR-A-8-c,Rearrangement
2327,2328,ts_80_1_RR-A-10,28,C9H16ClNO,"1,6,7,8,17",0,100,5,105,RR-A-10,Rearrangement
2328,2329,ts_80_1_RR-A-12,42,C21H16FNO3,"1,6,7,8,9",0,97,2,99,RR-A-12,Rearrangement
2329,2330,ts_80_1_RR-A-13-a,28,C11H14ClNO,"1,6,7,8,17",0,100,5,105,RR-A-13-a,Rearrangement
2330,2331,ts_80_1_RR-A-13-b,28,C11H14ClNO,"1,6,7,8,17",0,100,5,105,RR-A-13-b,Rearrangement
2331,2332,ts_80_1_RR-B-1-b,16,C4H8ClNO2,"1,6,7,8,17",0,93,5,98,RR-B-1-b,Rearrangement
2332,2333,ts_80_1_S-A-8,26,C6H12ClNO6,"1,6,7,8,17",0,95,5,100,S-A-8,Substitution
2333,2334,ts_80_1_S-A-17,26,C6H16N2O2,"1,6,7,8",1,100,5,105,S-A-17,Substitution
2334,2335,ts_80_1_S-C-16,28,C11H13ClN2O,"1,6,7,8,17",0,100,5,105,S-C-16,Substitution
2335,2336,ts_80_1_S-F-4,19,C3H10ClN3O2,"1,6,7,8,17",0,100,5,105,S-F-4,Substitution
2336,2337,ts_80_1_S-G-1,20,C3H9Cl2NO4S,"1,6,7,8,16,17",0,99,5,104,S-G-1,Substitution
2337,2338,ts_80_1_S-H-2,17,CH3Cl7NO3PS,"1,6,7,8,15,16,17",0,100,5,105,S-H-2,Substitution
2338,2339,ts_80_2_A-E-2,18,C5H10O3,"1,6,8",1,100,5,105,A-E-2,Addition
2339,2340,ts_80_2_A-E-26,24,C9H11Cl2NS,"1,6,7,16,17",0,100,5,105,A-E-26,Addition
2340,2341,ts_80_2_NO2-A-3-a,18,C5H7NO5,"1,6,7,8",1,95,5,100,NO2-A-3-a,Substitution
2341,2342,ts_80_2_S-C-10,35,C14H16O4S,"1,6,8,16",0,100,2,102,S-C-10,Substitution
2342,2343,ts_81_1_A-D-2,25,C7H12ClNO4,"1,6,7,8,17",0,97,5,102,A-D-2,Addition
2343,2344,ts_81_1_A-E-5,24,C9H12ClNS,"1,6,7,16,17",0,100,5,105,A-E-5,Addition
2344,2345,ts_81_1_A-E-18,26,C10H12ClNO2,"1,6,7,8,17",0,98,5,103,A-E-18,Addition
2345,2346,ts_81_1_A-E-26,24,C9H11Cl2NS,"1,6,7,16,17",0,100,5,105,A-E-26,Addition
2346,2347,ts_81_1_A-F-2,17,C4H7BrClNO2S,"1,6,7,8,16,17,35",0,97,5,102,A-F-2,Addition
2347,2348,ts_81_1_A-I-5,46,C21H21N3O,"1,6,7,8",1,96,2,98,A-I-5,Addition
2348,2349,ts_81_1_A-I-6,46,C21H21N3S,"1,6,7,16",0,100,2,102,A-I-6,Addition
2349,2350,ts_81_1_NO2-A-5-a,24,C5H12ClN3O3,"1,6,7,8,17",0,98,5,103,NO2-A-5-a,Substitution
2350,2351,ts_81_1_NO2-A-8-a,20,C3H9ClN2O4S,"1,6,7,8,16,17",0,98,5,103,NO2-A-8-a,Substitution
2351,2352,ts_81_1_NO2-A-10-e,13,CH6ClN3O2,"1,6,7,8,17",0,100,5,105,NO2-A-10-e,Addition
2352,2353,ts_81_1_NO2-A-11-e,23,C7H10ClN3O2,"1,6,7,8,17",0,100,5,105,NO2-A-11-e,Addition
2353,2354,ts_81_1_NO2-B-3-d,18,C4H9ClN2O2,"1,6,7,8,17",0,97,5,102,NO2-B-3-d,Addition
2354,2355,ts_81_1_NO2-B-8-d,22,C4H11ClN2O3S,"1,6,7,8,16,17",0,100,5,105,NO2-B-8-d,Addition
2355,2356,ts_81_1_RR-A-6,22,C9H10ClNO,"1,6,7,8,17",0,100,5,105,RR-A-6,Rearrangement
2356,2357,ts_81_1_RR-A-13-c,28,C11H14ClNO,"1,6,7,8,17",0,100,5,105,RR-A-13-c,Rearrangement
2357,2358,ts_81_1_S-A-8,25,C6H13ClO5,"1,6,8,17",0,95,5,100,S-A-8,Substitution
2358,2359,ts_81_1_S-A-16,27,C10H13ClO2S,"1,6,8,16,17",0,96,5,101,S-A-16,Substitution
2359,2360,ts_81_1_S-A-17,23,C5H13ClN2O2,"1,6,7,8,17",0,97,5,102,S-A-17,Substitution
2360,2361,ts_81_1_S-A-18,21,C6H9ClN2O3,"1,6,7,8,17",0,92,5,97,S-A-18,Substitution
2361,2362,ts_81_1_S-A-19,19,C4H10BrClN2O,"1,6,7,8,17,35",0,100,5,105,S-A-19,Substitution
2362,2363,ts_81_1_S-B-12,26,C9H11ClN2O3,"1,6,7,8,17",0,96,5,101,S-B-12,Substitution
2363,2364,ts_81_1_S-C-2-aa,28,C9H12N2O5,"1,6,7,8",1,96,5,101,S-C-2-aa,Substitution
2364,2365,ts_81_1_S-C-2-ab,28,C9H12N2O5,"1,6,7,8",1,91,5,96,S-C-2-ab,Substitution
2365,2366,ts_81_1_S-C-13,38,C16H19NO2,"1,6,7,8",1,100,2,102,S-C-13,Substitution
2366,2367,ts_81_1_S-D-10,21,C4H9N3O4S,"1,6,7,8,16",0,96,5,101,S-D-10,Substitution
2367,2368,ts_81_2_A-E-1,13,C3H7Cl2N,"1,6,7,17",0,100,5,105,A-E-1,Addition
2368,2369,ts_81_2_A-E-9,25,C10H12ClNO,"1,6,7,8,17",0,99,5,104,A-E-9,Addition
2369,2370,ts_81_2_A-I-2,33,C15H15NO2,"1,6,7,8",1,99,2,101,A-I-2,Addition
2370,2371,ts_81_2_NO2-A-8-a,20,C3H9ClN2O4S,"1,6,7,8,16,17",0,98,5,103,NO2-A-8-a,Substitution
2371,2372,ts_81_2_S-C-10,35,C14H16O4S,"1,6,8,16",0,98,2,100,S-C-10,Substitution
2372,2373,ts_81_2_S-C-16,29,C12H13N3O,"1,6,7,8",1,99,5,104,S-C-16,Substitution
2373,2374,ts_81_2_S-F-2,15,C2H5Cl2N3O2S,"1,6,7,8,16,17",0,93,5,98,S-F-2,Substitution
2374,2375,ts_81_3_A-I-1,26,C10H13NO2,"1,6,7,8",1,100,5,105,A-I-1,Addition
2375,2376,ts_82_1_A-D-1,12,C2H6BrNO2,"1,6,7,8,35",0,99,5,104,A-D-1,Addition
2376,2377,ts_82_1_A-E-2,19,C5H9NO4,"1,6,7,8",1,99,5,104,A-E-2,Addition
2377,2378,ts_82_1_A-E-9,26,C11H12N2O,"1,6,7,8",1,92,5,97,A-E-9,Addition
2378,2379,ts_82_1_A-E-18,27,C11H12N2O2,"1,6,7,8",1,90,5,95,A-E-18,Addition
2379,2380,ts_82_1_A-I-2,33,C15H15NO2,"1,6,7,8",1,94,2,96,A-I-2,Addition
2380,2381,ts_82_1_E-2-a,12,C3H5N3O,"1,6,7,8",1,95,5,100,E-2-a,Addition
2381,2382,ts_82_1_NO2-A-9-d,18,C3H8N4O3,"1,6,7,8",1,98,5,103,NO2-A-9-d,Addition
2382,2383,ts_82_1_NO2-A-10-a,14,C2H6N4O2,"1,6,7,8",1,89,5,94,NO2-A-10-a,Substitution
2383,2384,ts_82_1_NO2-A-10-c,14,C2H6N4O2,"1,6,7,8",1,96,5,101,NO2-A-10-c,Addition
2384,2385,ts_82_1_NO2-A-11-e,24,C8H10N4O2,"1,6,7,8",1,94,5,99,NO2-A-11-e,Addition
2385,2386,ts_82_1_NO2-B-8-e,23,C5H11N3O3S,"1,6,7,8,16",0,95,5,100,NO2-B-8-e,Addition
2386,2387,ts_82_1_NO2-B-11-c,26,C9H12N4O,"1,6,7,8",1,96,5,101,NO2-B-11-c,Addition
2387,2388,ts_82_1_R-A-2,18,C5H9ClN2O,"1,6,7,8,17",0,95,5,100,R-A-2,Cyclization
2388,2389,ts_82_1_R-A-6,24,C6H12N2O4,"1,6,7,8",1,97,5,102,R-A-6,Cyclization
2389,2390,ts_82_1_R-B-3,15,C5H5BrN2O2,"1,6,7,8,35",0,97,5,102,R-B-3,Cyclization
2390,2391,ts_82_1_R-B-11,31,C10H16FNO3,"1,6,7,8,9",0,97,5,102,R-B-11,Cyclization
2391,2392,ts_82_1_R-B-13,20,C8H10BrF,"1,6,9,35",0,100,5,105,R-B-13,Cyclization
2392,2393,ts_82_1_RR-A-3-a,27,C14H9BrO3,"1,6,8,35",0,96,5,101,RR-A-3-a,Rearrangement
2393,2394,ts_82_1_RR-A-13-b,29,C12H14N2O,"1,6,7,8",1,97,5,102,RR-A-13-b,Rearrangement
2394,2395,ts_82_1_RR-B-8-a,26,C9H13NO3,"1,6,7,8",1,98,5,103,RR-B-8-a,Rearrangement
2395,2396,ts_82_1_S-A-8,29,C7H16ClNO4,"1,6,7,8,17",0,98,5,103,S-A-8,Substitution
2396,2397,ts_82_1_S-A-13,34,C11H18N2O3,"1,6,7,8",1,100,5,105,S-A-13,Substitution
2397,2398,ts_82_1_S-A-21,15,C4H6ClFN2O,"1,6,7,8,9,17",0,96,5,101,S-A-21,Substitution
2398,2399,ts_82_1_S-B-3-a,10,C4H3NO2,"1,6,7,8",1,91,5,96,S-B-3-a,Rearrangement
2399,2400,ts_82_1_S-C-7,24,C8H10ClFO3S,"1,6,8,9,16,17",0,100,5,105,S-C-7,Substitution
2400,2401,ts_82_1_S-D-12,26,C5H12N4O4S,"1,6,7,8,16",0,97,5,102,S-D-12,Substitution
2401,2402,ts_82_1_S-D-14,28,C9H11N3O4S,"1,6,7,8,16",0,93,5,98,S-D-14,Substitution
2402,2403,ts_82_1_S-D-16,40,C15H16N4O4S,"1,6,7,8,16",0,96,2,98,S-D-16,Substitution
2403,2404,ts_82_1_S-F-2,16,CH7Cl2N3O2S,"1,6,7,8,16,17",0,100,5,105,S-F-2,Substitution
2404,2405,ts_82_1_S-F-4,20,C4H10N4O2,"1,6,7,8",1,93,5,98,S-F-4,Substitution
2405,2406,ts_82_2_A-E-2,19,C5H9NO4,"1,6,7,8",1,95,5,100,A-E-2,Addition
2406,2407,ts_82_2_A-E-5,25,C10H12N2S,"1,6,7,16",0,96,5,101,A-E-5,Addition
2407,2408,ts_82_2_A-E-20,14,C4H7BrN2,"1,6,7,35",0,94,5,99,A-E-20,Addition
2408,2409,ts_82_2_A-F-2,18,C5H7BrN2O2S,"1,6,7,8,16,35",0,92,5,97,A-F-2,Addition
2409,2410,ts_82_2_R-A-5,23,C6H11NO5,"1,6,7,8",1,97,5,102,R-A-5,Cyclization
2410,2411,ts_82_2_R-A-6,24,C6H12N2O4,"1,6,7,8",1,97,5,102,R-A-6,Cyclization
2411,2412,ts_82_2_R-A-10,15,C4H7FN2O,"1,6,7,8,9",0,87,5,92,R-A-10,Cyclization
2412,2413,ts_82_2_R-B-3,15,C5H5BrN2O2,"1,6,7,8,35",0,93,5,98,R-B-3,Cyclization
2413,2414,ts_82_2_R-B-7,16,C5H7NO3,"1,6,7,8",1,99,5,104,R-B-7,Cyclization
2414,2415,ts_82_2_S-C-7,24,C8H10ClFO3S,"1,6,8,9,16,17",0,99,5,104,S-C-7,Substitution
2415,2416,ts_82_2_S-C-16,29,C12H13N3O,"1,6,7,8",1,93,5,98,S-C-16,Substitution
2416,2417,ts_82_2_S-D-10,21,C4H9N3O4S,"1,6,7,8,16",0,90,5,95,S-D-10,Substitution
2417,2418,ts_82_2_S-F-2,16,CH7Cl2N3O2S,"1,6,7,8,16,17",0,99,5,104,S-F-2,Substitution
2418,2419,ts_82_2_S-F-3,18,CH9ClN4O2S,"1,6,7,8,16,17",0,99,5,104,S-F-3,Substitution
2419,2420,ts_83_1_A-A-1,16,C3H7N3O3,"1,6,7,8",1,99,5,104,A-A-1,Addition
2420,2421,ts_83_1_A-D-2,26,C8H12N2O4,"1,6,7,8",1,86,5,91,A-D-2,Addition
2421,2422,ts_83_1_A-E-5,25,C10H12N2S,"1,6,7,16",0,95,5,100,A-E-5,Addition
2422,2423,ts_83_1_A-E-9,26,C11H12N2O,"1,6,7,8",1,96,5,101,A-E-9,Addition
2423,2424,ts_83_1_A-E-10,20,C6H10N2O2,"1,6,7,8",1,95,5,100,A-E-10,Addition
2424,2425,ts_83_1_A-E-11,18,C5H9N3O,"1,6,7,8",1,94,5,99,A-E-11,Addition
2425,2426,ts_83_1_A-E-19,27,C11H12N2O2,"1,6,7,8",1,97,5,102,A-E-19,Addition
2426,2427,ts_83_1_A-E-20,14,C4H7BrN2,"1,6,7,35",0,97,5,102,A-E-20,Addition
2427,2428,ts_83_1_A-I-5,41,C20H17ClN2O,"1,6,7,8,17",0,97,2,99,A-I-5,Addition
2428,2429,ts_83_1_NO2-A-3-b,14,C4H5N3O2,"1,6,7,8",1,98,5,103,NO2-A-3-b,Rearrangement
2429,2430,ts_83_1_NO2-A-4-c,27,C10H11N3O3,"1,6,7,8",1,87,5,92,NO2-A-4-c,Addition
2430,2431,ts_83_1_NO2-A-6-b,17,C4H7N3O2S,"1,6,7,8,16",0,98,5,103,NO2-A-6-b,Rearrangement
2431,2432,ts_83_1_NO2-A-11-e,24,C8H10N4O2,"1,6,7,8",1,92,5,97,NO2-A-11-e,Addition
2432,2433,ts_83_1_NO2-B-2-d,28,C10H12N2O4,"1,6,7,8",1,97,5,102,NO2-B-2-d,Addition
2433,2434,ts_83_1_NO2-B-3-e,20,C4H11N3O2,"1,6,7,8",1,100,5,105,NO2-B-3-e,Addition
2434,2435,ts_83_1_NO2-B-11-c,26,C9H12N4O,"1,6,7,8",1,92,5,97,NO2-B-11-c,Addition
2435,2436,ts_83_1_NO2-C-2-e,38,C15H17N3O3,"1,6,7,8",1,99,2,101,NO2-C-2-e,Addition
2436,2437,ts_83_1_R-A-5,23,C6H13NO3,"1,6,7,8",1,100,5,105,R-A-5,Cyclization
2437,2438,ts_83_1_R-B-13,22,C8H10FNO2,"1,6,7,8,9",0,96,5,101,R-B-13,Cyclization
2438,2439,ts_83_1_R-B-14,26,C7H15NO3,"1,6,7,8",1,99,5,104,R-B-14,Cyclization
2439,2440,ts_83_1_RR-A-2-b,28,C11H13NO3,"1,6,7,8",1,92,5,97,RR-A-2-b,Rearrangement
2440,2441,ts_83_1_S-A-16,25,C10H10ClFO2S,"1,6,8,9,16,17",0,95,5,100,S-A-16,Substitution
2441,2442,ts_83_1_S-B-13,39,C16H16N4O3,"1,6,7,8",1,91,2,93,S-B-13,Substitution
2442,2443,ts_83_1_S-C-5,21,C8H8N2O3,"1,6,7,8",1,92,5,97,S-C-5,Substitution
2443,2444,ts_83_1_S-C-10,34,C14H15FO3S,"1,6,8,9,16",0,100,2,102,S-C-10,Substitution
2444,2445,ts_83_1_S-F-2,14,CH5BrCl2N2O2S,"1,6,7,8,16,17,35",0,100,5,105,S-F-2,Substitution
2445,2446,ts_83_1_S-F-4,21,C3H12N4O2,"1,6,7,8",1,98,5,103,S-F-4,Substitution
2446,2447,ts_83_1_S-H-2,18,C2H3Cl6N2O3PS,"1,6,7,8,15,16,17",0,91,5,96,S-H-2,Substitution
2447,2448,ts_83_2_A-E-2,19,C5H11NO2,"1,6,7,8",1,100,5,105,A-E-2,Addition
2448,2449,ts_83_2_A-E-9,26,C11H12N2O,"1,6,7,8",1,89,5,94,A-E-9,Addition
2449,2450,ts_83_2_A-E-22,20,C5H9BrN2O2S,"1,6,7,8,16,35",0,94,5,99,A-E-22,Addition
2450,2451,ts_83_2_A-E-24,18,C6H8BrNOS,"1,6,7,8,16,35",0,93,5,98,A-E-24,Addition
2451,2452,ts_83_2_A-I-1,25,C10H12FNO,"1,6,7,8,9",0,99,5,104,A-I-1,Addition
2452,2453,ts_83_2_R-A-9,32,C8H20ClN3,"1,6,7,17",0,100,5,105,R-A-9,Cyclization
2453,2454,ts_83_2_R-A-10,15,C4H7FN2O,"1,6,7,8,9",0,97,5,102,R-A-10,Cyclization
2454,2455,ts_84_1_A-D-2,27,C7H14N2O4,"1,6,7,8",1,93,5,98,A-D-2,Addition
2455,2456,ts_84_1_A-E-11,19,C4H11N3O,"1,6,7,8",1,99,5,104,A-E-11,Addition
2456,2457,ts_84_1_A-E-18,28,C10H14N2O2,"1,6,7,8",1,99,5,104,A-E-18,Addition
2457,2458,ts_84_1_A-I-6,43,C20H19N3S,"1,6,7,16",0,100,2,102,A-I-6,Addition
2458,2459,ts_84_1_NO2-A-6-d,21,C3H11N3O3S,"1,6,7,8,16",0,100,5,105,NO2-A-6-d,Addition
2459,2460,ts_84_1_NO2-A-11-d,27,C9H12N2O4,"1,6,7,8",1,96,5,101,NO2-A-11-d,Addition
2460,2461,ts_84_1_NO2-A-12-e,17,C3H8N4O2,"1,6,7,8",1,98,5,103,NO2-A-12-e,Addition
2461,2462,ts_84_1_NO2-B-8-e,24,C4H13N3O3S,"1,6,7,8,16",0,99,5,104,NO2-B-8-e,Addition
2462,2463,ts_84_1_NO2-B-12-e,19,C4H10N4O,"1,6,7,8",1,90,5,95,NO2-B-12-e,Addition
2463,2464,ts_84_1_R-A-4,31,C8H17ClN2O3,"1,6,7,8,17",0,96,5,101,R-A-4,Cyclization
2464,2465,ts_84_1_R-A-6,23,C7H12N2O2,"1,6,7,8",1,94,5,99,R-A-6,Cyclization
2465,2466,ts_84_1_R-A-7,24,C5H15N3O,"1,6,7,8",1,100,5,105,R-A-7,Cyclization
2466,2467,ts_84_1_R-B-11,34,C11H17NO5,"1,6,7,8",1,95,2,97,R-B-11,Cyclization
2467,2468,ts_84_1_RR-B-6-b,15,C4H7NO3,"1,6,7,8",1,96,5,101,RR-B-6-b,Rearrangement
2468,2469,ts_84_1_RR-B-7-b,19,C3H11N3O2,"1,6,7,8",1,100,5,105,RR-B-7-b,Rearrangement
2469,2470,ts_84_1_RR-B-8-a,31,C10H14N2O5,"1,6,7,8",1,98,5,103,RR-B-8-a,Rearrangement
2470,2471,ts_84_1_S-B-7,22,C4H11N3O4,"1,6,7,8",1,96,5,101,S-B-7,Substitution
2471,2472,ts_84_1_S-B-13,40,C15H18N4O3,"1,6,7,8",1,97,2,99,S-B-13,Substitution
2472,2473,ts_84_1_S-C-10,39,C15H19NO3S,"1,6,7,8,16",0,100,2,102,S-C-10,Substitution
2473,2474,ts_84_1_S-D-12,27,C4H14N4O4S,"1,6,7,8,16",0,99,5,104,S-D-12,Substitution
2474,2475,ts_84_1_S-D-16,41,C14H18N4O4S,"1,6,7,8,16",0,99,2,101,S-D-16,Substitution
2475,2476,ts_84_1_S-F-2,14,CH5BrCl2N2O2S,"1,6,7,8,16,17,35",0,100,5,105,S-F-2,Substitution
2476,2477,ts_84_1_S-G-6,24,C3H11N3O6S,"1,6,7,8,16",0,98,5,103,S-G-6,Substitution
2477,2478,ts_84_2_A-E-11,19,C4H11N3O,"1,6,7,8",1,98,5,103,A-E-11,Addition
2478,2479,ts_84_2_A-E-18,28,C10H14N2O2,"1,6,7,8",1,100,5,105,A-E-18,Addition
2479,2480,ts_84_2_A-E-20,15,C3H9BrN2,"1,6,7,35",0,100,5,105,A-E-20,Addition
2480,2481,ts_84_2_NO2-A-8-a,22,C3H11N3O4S,"1,6,7,8,16",0,96,5,101,NO2-A-8-a,Substitution
2481,2482,ts_84_2_R-B-2,21,C7H10N2O2,"1,6,7,8",1,99,5,104,R-B-2,Cyclization
2482,2483,ts_84_2_S-B-3-a,12,C4H5BrO2,"1,6,8,35",0,97,5,102,S-B-3-a,Rearrangement
2483,2484,ts_84_2_S-D-9,21,C3H11N3O3S,"1,6,7,8,16",0,99,5,104,S-D-9,Substitution
2484,2485,ts_84_2_S-F-2,14,CH5BrCl2N2O2S,"1,6,7,8,16,17,35",0,100,5,105,S-F-2,Substitution
2485,2486,ts_85_1_A-E-1,15,C3H9ClN2,"1,6,7,17",0,100,5,105,A-E-1,Addition
2486,2487,ts_85_1_A-E-9,27,C10H14N2O,"1,6,7,8",1,100,5,105,A-E-9,Addition
2487,2488,ts_85_1_A-E-11,19,C4H11N3O,"1,6,7,8",1,100,5,105,A-E-11,Addition
2488,2489,ts_85_1_A-H-1,16,C3H9N3O,"1,6,7,8",1,98,5,103,A-H-1,Addition
2489,2490,ts_85_1_A-I-4,13,C2H6BrN3S,"1,6,7,16,35",0,100,5,105,A-I-4,Addition
2490,2491,ts_85_1_E-1,15,C4H7NO3,"1,6,7,8",1,99,5,104,E-1,Addition
2491,2492,ts_85_1_NO2-A-3-d,18,C3H9N3O3,"1,6,7,8",1,99,5,104,NO2-A-3-d,Addition
2492,2493,ts_85_1_NO2-A-5-d,24,C6H11BrN2O4,"1,6,7,8,35",0,98,5,103,NO2-A-5-d,Addition
2493,2494,ts_85_1_NO2-A-6-d,21,C3H11N3O3S,"1,6,7,8,16",0,98,5,103,NO2-A-6-d,Addition
2494,2495,ts_85_1_NO2-A-10-c,13,CH6BrN3O2,"1,6,7,8,35",0,100,5,105,NO2-A-10-c,Addition
2495,2496,ts_85_1_NO2-C-2-e,36,C15H15BrN2O3,"1,6,7,8,35",0,97,2,99,NO2-C-2-e,Addition
2496,2497,ts_85_1_NO2-C-8-e,29,C9H13BrN2O3S,"1,6,7,8,16,35",0,99,5,104,NO2-C-8-e,Addition
2497,2498,ts_85_1_R-A-5,26,C7H15NO3,"1,6,7,8",1,98,5,103,R-A-5,Cyclization
2498,2499,ts_85_1_R-B-9,28,C10H14BrNO2,"1,6,7,8,35",0,87,5,92,R-B-9,Cyclization
2499,2500,ts_85_1_RR-A-4,19,C5H12N2,"1,6,7",1,100,5,105,RR-A-4,Rearrangement
2500,2501,ts_85_1_S-A-6,20,C4H12N2O2,"1,6,7,8",1,99,5,104,S-A-6,Substitution
2501,2502,ts_85_1_S-A-24,30,C9H17ClO3,"1,6,8,17",0,100,5,105,S-A-24,Substitution
2502,2503,ts_85_1_S-C-15,28,C11H13BrN2O,"1,6,7,8,35",0,99,5,104,S-C-15,Substitution
2503,2504,ts_85_1_S-H-2,19,CH5Cl6N2O3PS,"1,6,7,8,15,16,17",0,99,5,104,S-H-2,Substitution
2504,2505,ts_85_2_A-E-4,16,C3H10N2S,"1,6,7,16",0,100,5,105,A-E-4,Addition
2505,2506,ts_85_2_A-E-19,28,C10H14N2O2,"1,6,7,8",1,100,5,105,A-E-19,Addition
2506,2507,ts_85_2_R-A-10,16,C3H9FN2O,"1,6,7,8,9",0,100,5,105,R-A-10,Cyclization
2507,2508,ts_85_2_R-B-4,21,C6H10N2O3,"1,6,7,8",1,100,5,105,R-B-4,Cyclization
2508,2509,ts_85_2_S-C-7,29,C9H14ClNO3S,"1,6,7,8,16,17",0,100,5,105,S-C-7,Substitution
2509,2510,ts_85_2_S-C-10,39,C15H19NO3S,"1,6,7,8,16",0,100,2,102,S-C-10,Substitution
2510,2511,ts_86_1_A-A-1,15,C2H7BrN2O3,"1,6,7,8,35",0,99,5,104,A-A-1,Addition
2511,2512,ts_86_1_A-E-8,20,C7H10O3,"1,6,8",1,95,5,100,A-E-8,Addition
2512,2513,ts_86_1_A-E-18,26,C10H12BrNO2,"1,6,7,8,35",0,100,5,105,A-E-18,Addition
2513,2514,ts_86_1_A-E-21,13,C3H6Br3N,"1,6,7,35",0,100,5,105,A-E-21,Addition
2514,2515,ts_86_1_A-H-1,14,C3H7BrN2O,"1,6,7,8,35",0,95,5,100,A-H-1,Addition
2515,2516,ts_86_1_E-2-a,11,C2H5BrN2O,"1,6,7,8,35",0,100,5,105,E-2-a,Addition
2516,2517,ts_86_1_E-2-b,15,C4H7NO3,"1,6,7,8",1,94,5,99,E-2-b,Addition
2517,2518,ts_86_1_NO2-A-3-c,16,C3H7BrN2O3,"1,6,7,8,35",0,99,5,104,NO2-A-3-c,Addition
2518,2519,ts_86_1_NO2-A-5-e,25,C6H12N2O5,"1,6,7,8",1,92,5,97,NO2-A-5-e,Addition
2519,2520,ts_86_1_NO2-A-9-e,17,C2H8BrN3O3,"1,6,7,8,35",0,100,5,105,NO2-A-9-e,Addition
2520,2521,ts_86_1_NO2-A-11-a,26,C9H10N2O5,"1,6,7,8",1,96,5,101,NO2-A-11-a,Substitution
2521,2522,ts_86_1_NO2-B-12-e,17,C4H8BrN3O,"1,6,7,8,35",0,93,5,98,NO2-B-12-e,Addition
2522,2523,ts_86_1_NO2-C-8-e,29,C9H13BrN2O3S,"1,6,7,8,16,35",0,100,5,105,NO2-C-8-e,Addition
2523,2524,ts_86_1_R-B-3,15,C5H8N2,"1,6,7",1,100,5,105,R-B-3,Cyclization
2524,2525,ts_86_1_R-B-14,26,C7H14BrNO3,"1,6,7,8,35",0,99,5,104,R-B-14,Cyclization
2525,2526,ts_86_1_RR-A-1,15,C4H8BrNO,"1,6,7,8,35",0,100,5,105,RR-A-1,Rearrangement
2526,2527,ts_86_1_RR-B-7-b,17,C3H9BrN2O2,"1,6,7,8,35",0,100,5,105,RR-B-7-b,Rearrangement
2527,2528,ts_86_1_RR-B-8-b,24,C8H11BrN2O2,"1,6,7,8,35",0,100,5,105,RR-B-8-b,Rearrangement
2528,2529,ts_86_1_S-A-7,20,C5H7Cl2NO5,"1,6,7,8,17",0,93,5,98,S-A-7,Substitution
2529,2530,ts_86_1_S-A-10,31,C8H17NO5,"1,6,7,8",1,94,5,99,S-A-10,Substitution
2530,2531,ts_86_1_S-A-24,33,C10H19ClO3,"1,6,8,17",0,100,5,105,S-A-24,Substitution
2531,2532,ts_86_1_S-C-2-ab,26,C8H11FN2O4,"1,6,7,8,9",0,99,5,104,S-C-2-ab,Substitution
2532,2533,ts_86_1_S-C-10,39,C15H19NO3S,"1,6,7,8,16",0,100,2,102,S-C-10,Substitution
2533,2534,ts_86_1_S-D-11,21,C3H9BrN2O5S,"1,6,7,8,16,35",0,98,5,103,S-D-11,Substitution
2534,2535,ts_86_1_S-D-16,39,C14H16BrN3O4S,"1,6,7,8,16,35",0,99,2,101,S-D-16,Substitution
2535,2536,ts_86_1_S-F-2,16,CH5Cl2N3O4S,"1,6,7,8,16,17",0,98,5,103,S-F-2,Substitution
2536,2537,ts_86_1_S-G-6,23,C3H12N2O5S,"1,6,7,8,16",0,100,5,105,S-G-6,Substitution
2537,2538,ts_86_1_S-H-1,17,Cl5H4N2O4PS,"1,7,8,15,16,17",0,97,5,102,S-H-1,Substitution
2538,2539,ts_86_2_A-E-2,21,C6H12O3,"1,6,8",1,100,5,105,A-E-2,Addition
2539,2540,ts_86_2_A-E-8,20,C7H10O3,"1,6,8",1,99,5,104,A-E-8,Addition
2540,2541,ts_86_2_A-E-18,26,C10H12BrNO2,"1,6,7,8,35",0,100,5,105,A-E-18,Addition
2541,2542,ts_86_2_A-E-22,19,C4H9Br2NO2S,"1,6,7,8,16,35",0,100,5,105,A-E-22,Addition
2542,2543,ts_86_2_NO2-A-8-a,20,C3H9BrN2O4S,"1,6,7,8,16,35",0,98,5,103,NO2-A-8-a,Substitution
2543,2544,ts_86_2_S-C-13,42,C17H22N2O,"1,6,7,8",1,100,2,102,S-C-13,Substitution
2544,2545,ts_87_1_A-A-1,15,C2H7BrN2O3,"1,6,7,8,35",0,99,5,104,A-A-1,Addition
2545,2546,ts_87_1_A-E-20,13,C3H7Br2N,"1,6,7,35",0,100,5,105,A-E-20,Addition
2546,2547,ts_87_1_A-F-3,24,C9H9BrClNO2S,"1,6,7,8,16,17,35",0,98,5,103,A-F-3,Addition
2547,2548,ts_87_1_A-H-1,14,C3H7BrN2O,"1,6,7,8,35",0,97,5,102,A-H-1,Addition
2548,2549,ts_87_1_E-1,14,C4H5NO4,"1,6,7,8",1,92,5,97,E-1,Addition
2549,2550,ts_87_1_E-2-b,14,C4H5NO4,"1,6,7,8",1,91,5,96,E-2-b,Addition
2550,2551,ts_87_1_NO2-A-4-b,23,C9H9BrN2O2,"1,6,7,8,35",0,95,5,100,NO2-A-4-b,Rearrangement
2551,2552,ts_87_1_NO2-A-8-d,20,C3H9BrN2O4S,"1,6,7,8,16,35",0,99,5,104,NO2-A-8-d,Addition
2552,2553,ts_87_1_NO2-A-9-c,17,C2H8BrN3O3,"1,6,7,8,35",0,100,5,105,NO2-A-9-c,Addition
2553,2554,ts_87_1_NO2-A-9-d,17,C2H8BrN3O3,"1,6,7,8,35",0,100,5,105,NO2-A-9-d,Addition
2554,2555,ts_87_1_NO2-B-2-e,31,C10H13N3O5,"1,6,7,8",1,97,2,99,NO2-B-2-e,Addition
2555,2556,ts_87_1_NO2-C-2-e,38,C15H15N3O5,"1,6,7,8",1,99,2,101,NO2-C-2-e,Addition
2556,2557,ts_87_1_R-B-15-a,19,C5H9BrClNO2,"1,6,7,8,17,35",0,99,5,104,R-B-15-a,Rearrangement
2557,2558,ts_87_1_RR-A-2-b,26,C11H10O5,"1,6,8",1,98,5,103,RR-A-2-b,Rearrangement
2558,2559,ts_87_1_S-A-8,27,C7H13ClO6,"1,6,8,17",0,95,5,100,S-A-8,Substitution
2559,2560,ts_87_1_S-A-17,24,C6H13N3O2,"1,6,7,8",1,93,5,98,S-A-17,Substitution
2560,2561,ts_87_1_S-C-10,34,C14H15ClO3S,"1,6,8,16,17",0,100,2,102,S-C-10,Substitution
2561,2562,ts_87_1_S-F-4,21,C3H10N4O4,"1,6,7,8",1,99,5,104,S-F-4,Substitution
2562,2563,ts_87_2_A-E-2,19,C6H10O3,"1,6,8",1,100,5,105,A-E-2,Addition
2563,2564,ts_87_2_A-E-12,14,C4H7BrN2,"1,6,7,35",0,95,5,100,A-E-12,Addition
2564,2565,ts_87_2_A-F-3,24,C9H9BrClNO2S,"1,6,7,8,16,17,35",0,99,5,104,A-F-3,Addition
2565,2566,ts_87_2_NO2-A-8-a,20,C3H9BrN2O4S,"1,6,7,8,16,35",0,99,5,104,NO2-A-8-a,Substitution
2566,2567,ts_87_2_NO2-A-10-c,15,CH6N4O4,"1,6,7,8",1,100,5,105,NO2-A-10-c,Addition
2567,2568,ts_87_2_S-A-9,29,C8H15ClO5,"1,6,8,17",0,99,5,104,S-A-9,Substitution
2568,2569,ts_87_2_S-C-11,20,C8H9Cl3,"1,6,17",0,100,5,105,S-C-11,Substitution
2569,2570,ts_88_1_A-E-6,23,C7H12BrNO2,"1,6,7,8,35",0,98,5,103,A-E-6,Addition
2570,2571,ts_88_1_A-E-25,28,C9H11ClN2O4S,"1,6,7,8,16,17",0,97,5,102,A-E-25,Addition
2571,2572,ts_88_1_A-F-1,19,C4H7ClN2O4S,"1,6,7,8,16,17",0,97,5,102,A-F-1,Addition
2572,2573,ts_88_1_NO2-A-2-b,26,C9H9N3O5,"1,6,7,8",1,95,5,100,NO2-A-2-b,Rearrangement
2573,2574,ts_88_1_NO2-A-3-d,18,C3H7N3O5,"1,6,7,8",1,99,5,104,NO2-A-3-d,Addition
2574,2575,ts_88_1_NO2-A-7-b,25,C8H9N3O4S,"1,6,7,8,16",0,96,5,101,NO2-A-7-b,Rearrangement
2575,2576,ts_88_1_NO2-A-7-c,28,C8H11N3O5S,"1,6,7,8,16",0,99,5,104,NO2-A-7-c,Addition
2576,2577,ts_88_1_NO2-A-7-d,28,C8H11N3O5S,"1,6,7,8,16",0,96,5,101,NO2-A-7-d,Addition
2577,2578,ts_88_1_NO2-C-8-e,31,C9H13N3O5S,"1,6,7,8,16",0,99,2,101,NO2-C-8-e,Addition
2578,2579,ts_88_1_R-A-6,27,C8H15NO3,"1,6,7,8",1,99,5,104,R-A-6,Cyclization
2579,2580,ts_88_1_R-B-2,16,C6H6BrNO2,"1,6,7,8,35",0,100,5,105,R-B-2,Cyclization
2580,2581,ts_88_1_R-B-9,31,C10H17BrO3,"1,6,8,35",0,98,5,103,R-B-9,Cyclization
2581,2582,ts_88_1_R-B-14,25,C7H13BrO4,"1,6,8,35",0,100,5,105,R-B-14,Cyclization
2582,2583,ts_88_1_R-B-15-a,21,C5H9ClN2O4,"1,6,7,8,17",0,99,5,104,R-B-15-a,Rearrangement
2583,2584,ts_88_1_RR-A-1,17,C4H8N2O3,"1,6,7,8",1,100,5,105,RR-A-1,Rearrangement
2584,2585,ts_88_1_RR-A-2-a,20,C9H7ClO3,"1,6,8,17",0,92,5,97,RR-A-2-a,Rearrangement
2585,2586,ts_88_1_RR-A-8-c,19,C4H9N3O3,"1,6,7,8",1,98,5,103,RR-A-8-c,Rearrangement
2586,2587,ts_88_1_RR-B-5-a,16,C3H6ClN3O3,"1,6,7,8,17",0,97,5,102,RR-B-5-a,Rearrangement
2587,2588,ts_88_1_S-A-1,26,C7H14O5,"1,6,8",1,95,5,100,S-A-1,Substitution
2588,2589,ts_88_1_S-A-6,20,C4H11ClN2O2,"1,6,7,8,17",0,100,5,105,S-A-6,Substitution
2589,2590,ts_88_1_S-A-7,10,C2HCl5O2,"1,6,8,17",0,97,5,102,S-A-7,Substitution
2590,2591,ts_88_1_S-A-13,34,C12H17NO4,"1,6,7,8",1,98,2,100,S-A-13,Substitution
2591,2592,ts_88_1_S-B-1,27,C8H13ClN2O3,"1,6,7,8,17",0,88,5,93,S-B-1,Substitution
2592,2593,ts_88_1_S-D-2,18,C2H7N3O6,"1,6,7,8",1,99,5,104,S-D-2,Substitution
2593,2594,ts_88_1_S-D-11,23,C3H9N3O7S,"1,6,7,8,16",0,100,5,105,S-D-11,Substitution
2594,2595,ts_88_1_S-D-13,28,C8H11N3O5S,"1,6,7,8,16",0,97,5,102,S-D-13,Substitution
2595,2596,ts_88_2_A-E-15,17,C3H6Cl2N2O3S,"1,6,7,8,16,17",0,96,5,101,A-E-15,Addition
2596,2597,ts_88_2_A-F-3,26,C9H9ClN2O4S,"1,6,7,8,16,17",0,97,5,102,A-F-3,Addition
2597,2598,ts_88_2_S-C-7,24,C8H10Cl2O3S,"1,6,8,16,17",0,100,5,105,S-C-7,Substitution
2598,2599,ts_88_2_S-C-10,34,C14H15ClO3S,"1,6,8,16,17",0,99,2,101,S-C-10,Substitution
2599,2600,ts_88_3_A-I-2,32,C15H14ClNO,"1,6,7,8,17",0,98,2,100,A-I-2,Addition
2600,2601,ts_88_3_S-B-3-a,15,C5H6O4,"1,6,8",1,95,5,100,S-B-3-a,Rearrangement
2601,2602,ts_89_1_A-E-8,21,C7H10O4,"1,6,8",1,97,5,102,A-E-8,Addition
2602,2603,ts_89_1_A-E-16,20,C6H9ClO3S,"1,6,8,16,17",0,100,5,105,A-E-16,Addition
2603,2604,ts_89_1_A-H-1,16,C3H7N3O3,"1,6,7,8",1,98,5,103,A-H-1,Addition
2604,2605,ts_89_1_A-I-4,13,C2H6FN3S,"1,6,7,9,16",0,100,5,105,A-I-4,Addition
2605,2606,ts_89_1_NO2-A-2-c,29,C9H11N3O6,"1,6,7,8",1,99,2,101,NO2-A-2-c,Addition
2606,2607,ts_89_1_NO2-A-4-d,28,C9H11N3O5,"1,6,7,8",1,96,5,101,NO2-A-4-d,Addition
2607,2608,ts_89_1_NO2-A-5-a,26,C5H12N4O5,"1,6,7,8",1,99,5,104,NO2-A-5-a,Substitution
2608,2609,ts_89_1_NO2-A-7-c,28,C8H11N3O5S,"1,6,7,8,16",0,97,5,102,NO2-A-7-c,Addition
2609,2610,ts_89_1_NO2-B-2-e,29,C10H13ClN2O3,"1,6,7,8,17",0,97,5,102,NO2-B-2-e,Addition
2610,2611,ts_89_1_NO2-B-8-d,24,C4H11N3O5S,"1,6,7,8,16",0,97,5,102,NO2-B-8-d,Addition
2611,2612,ts_89_1_NO2-B-11-c,27,C8H12N4O3,"1,6,7,8",1,100,5,105,NO2-B-11-c,Addition
2612,2613,ts_89_1_R-B-12,21,C8H11BrO,"1,6,8,35",0,98,5,103,R-B-12,Cyclization
2613,2614,ts_89_1_R-B-13,25,C10H13BrO,"1,6,8,35",0,100,5,105,R-B-13,Cyclization
2614,2615,ts_89_1_RR-A-18,30,C11H14N2O3,"1,6,7,8",1,100,5,105,RR-A-18,Rearrangement
2615,2616,ts_89_1_RR-B-7-a,17,C3H9ClN2O2,"1,6,7,8,17",0,99,5,104,RR-B-7-a,Rearrangement
2616,2617,ts_89_1_S-A-2,33,C12H16ClNO3,"1,6,7,8,17",0,94,2,96,S-A-2,Substitution
2617,2618,ts_89_1_S-A-16,25,C10H10BrClO2S,"1,6,8,16,17,35",0,96,5,101,S-A-16,Substitution
2618,2619,ts_89_1_S-B-1,27,C8H13ClN2O3,"1,6,7,8,17",0,90,5,95,S-B-1,Substitution
2619,2620,ts_89_1_S-C-7,24,C8H10Cl2O3S,"1,6,8,16,17",0,100,5,105,S-C-7,Substitution
2620,2621,ts_89_1_S-D-2,18,C2H7N3O6,"1,6,7,8",1,98,5,103,S-D-2,Substitution
2621,2622,ts_89_1_S-D-16,39,C14H16ClN3O4S,"1,6,7,8,16,17",0,97,2,99,S-D-16,Substitution
2622,2623,ts_89_2_A-E-11,19,C4H9N3O3,"1,6,7,8",1,99,5,104,A-E-11,Addition
2623,2624,ts_89_2_A-E-18,28,C10H12N2O4,"1,6,7,8",1,99,5,104,A-E-18,Addition
2624,2625,ts_89_2_A-F-2,19,C4H7BrN2O4S,"1,6,7,8,16,35",0,97,5,102,A-F-2,Addition
2625,2626,ts_89_2_S-A-4,18,C3H7N3O5,"1,6,7,8",1,94,5,99,S-A-4,Substitution
2626,2627,ts_90_1_A-E-8,18,C6H10O2,"1,6,8",1,99,5,104,A-E-8,Addition
2627,2628,ts_90_1_A-I-1,25,C10H12ClNO,"1,6,7,8,17",0,99,5,104,A-I-1,Addition
2628,2629,ts_90_1_E-1,16,C4H8N2O2,"1,6,7,8",1,94,5,99,E-1,Addition
2629,2630,ts_90_1_NO2-A-2-a,27,C9H11ClN2O4,"1,6,7,8,17",0,96,5,101,NO2-A-2-a,Substitution
2630,2631,ts_90_1_NO2-A-4-d,26,C9H11ClN2O3,"1,6,7,8,17",0,100,5,105,NO2-A-4-d,Addition
2631,2632,ts_90_1_NO2-A-6-d,19,C3H9ClN2O3S,"1,6,7,8,16,17",0,99,5,104,NO2-A-6-d,Addition
2632,2633,ts_90_1_NO2-A-9-a,16,C2H7N3O4,"1,6,7,8",1,98,5,103,NO2-A-9-a,Substitution
2633,2634,ts_90_1_NO2-A-12-d,15,C3H6ClN3O2,"1,6,7,8,17",0,92,5,97,NO2-A-12-d,Addition
2634,2635,ts_90_1_NO2-B-2-d,28,C10H12ClNO4,"1,6,7,8,17",0,99,5,104,NO2-B-2-d,Addition
2635,2636,ts_90_1_NO2-B-7-d,28,C9H13ClN2O2S,"1,6,7,8,16,17",0,100,5,105,NO2-B-7-d,Addition
2636,2637,ts_90_1_NO2-B-7-e,28,C9H13FN2O2S,"1,6,7,8,9,16",0,100,5,105,NO2-B-7-e,Addition
2637,2638,ts_90_1_NO2-B-12-e,17,C4H8FN3O,"1,6,7,8,9",0,96,5,101,NO2-B-12-e,Addition
2638,2639,ts_90_1_R-A-7,27,C7H16N2O2,"1,6,7,8",1,98,5,103,R-A-7,Cyclization
2639,2640,ts_90_1_R-A-9,34,C8H20N4O2,"1,6,7,8",1,100,5,105,R-A-9,Cyclization
2640,2641,ts_90_1_R-B-13,24,C10H12O2,"1,6,8",1,93,5,98,R-B-13,Cyclization
2641,2642,ts_90_1_RR-A-13-c,28,C11H14ClNO,"1,6,7,8,17",0,100,5,105,RR-A-13-c,Rearrangement
2642,2643,ts_90_1_S-A-5,25,C6H14ClNO3,"1,6,7,8,17",0,99,5,104,S-A-5,Substitution
2643,2644,ts_90_1_S-A-6,20,C4H11FN2O2,"1,6,7,8,9",0,98,5,103,S-A-6,Substitution
2644,2645,ts_90_1_S-A-24,31,C9H16ClNO4,"1,6,7,8,17",0,100,5,105,S-A-24,Substitution
2645,2646,ts_90_1_S-B-12,26,C9H11ClN2O3,"1,6,7,8,17",0,97,5,102,S-B-12,Substitution
2646,2647,ts_90_1_S-B-13,38,C15H16ClN3O3,"1,6,7,8,17",0,60,2,62,S-B-13,Substitution
2647,2648,ts_90_1_S-D-13,26,C8H11FN2O3S,"1,6,7,8,9,16",0,97,5,102,S-D-13,Substitution
2648,2649,ts_90_1_S-D-15,28,C8H11FN2O5S,"1,6,7,8,9,16",0,98,5,103,S-D-15,Substitution
2649,2650,ts_90_1_S-G-6,26,C4H14N2O5S,"1,6,7,8,16",0,100,5,105,S-G-6,Substitution
2650,2651,ts_90_2_A-E-2,20,C6H10O4,"1,6,8",1,99,5,104,A-E-2,Addition
2651,2652,ts_90_2_A-E-18,26,C10H12ClNO2,"1,6,7,8,17",0,98,5,103,A-E-18,Addition
2652,2653,ts_90_2_A-E-19,26,C10H12ClNO2,"1,6,7,8,17",0,100,5,105,A-E-19,Addition
2653,2654,ts_90_2_A-E-20,13,C3H7BrClN,"1,6,7,17,35",0,100,5,105,A-E-20,Addition
2654,2655,ts_90_2_NO2-A-6-a,19,C3H9ClN2O3S,"1,6,7,8,16,17",0,100,5,105,NO2-A-6-a,Substitution
2655,2656,ts_90_2_NO2-A-9-c,17,C2H8ClN3O3,"1,6,7,8,17",0,99,5,104,NO2-A-9-c,Addition
2656,2657,ts_90_2_R-B-2,16,C6H6FNO2,"1,6,7,8,9",0,99,5,104,R-B-2,Cyclization
2657,2658,ts_90_2_S-A-4,16,C3H5FN2O5,"1,6,7,8,9",0,93,5,98,S-A-4,Substitution
2658,2659,ts_90_2_S-D-10,20,C3H9FN2O4S,"1,6,7,8,9,16",0,98,5,103,S-D-10,Substitution
2659,2660,ts_91_1_A-A-2,23,C8H9NO5,"1,6,7,8",1,97,5,102,A-A-2,Addition
2660,2661,ts_91_1_A-D-2,25,C7H12FNO4,"1,6,7,8,9",0,96,5,101,A-D-2,Addition
2661,2662,ts_91_1_A-E-5,24,C9H12FNS,"1,6,7,9,16",0,100,5,105,A-E-5,Addition
2662,2663,ts_91_1_A-E-19,26,C10H12FNO2,"1,6,7,8,9",0,100,5,105,A-E-19,Addition
2663,2664,ts_91_1_A-E-22,19,C4H9BrFNO2S,"1,6,7,8,9,16,35",0,100,5,105,A-E-22,Addition
2664,2665,ts_91_1_A-I-2,34,C15H16N2O,"1,6,7,8",1,60,2,62,A-I-2,Addition
2665,2666,ts_91_1_NO2-A-2-e,27,C9H11FN2O4,"1,6,7,8,9",0,98,5,103,NO2-A-2-e,Addition
2666,2667,ts_91_1_NO2-A-3-a,15,C3H4N2O6,"1,6,7,8",1,90,5,95,NO2-A-3-a,Substitution
2667,2668,ts_91_1_NO2-A-3-e,16,C3H7FN2O3,"1,6,7,8,9",0,98,5,103,NO2-A-3-e,Addition
2668,2669,ts_91_1_NO2-A-5-a,24,C5H12FN3O3,"1,6,7,8,9",0,98,5,103,NO2-A-5-a,Substitution
2669,2670,ts_91_1_NO2-A-5-d,19,C4H8Br2N2O3,"1,6,7,8,35",0,98,5,103,NO2-A-5-d,Addition
2670,2671,ts_91_1_NO2-A-7-a,21,C7H7Br2NO3S,"1,6,7,8,16,35",0,96,5,101,NO2-A-7-a,Substitution
2671,2672,ts_91_1_NO2-A-8-b,17,C3H7FN2O3S,"1,6,7,8,9,16",0,100,5,105,NO2-A-8-b,Rearrangement
2672,2673,ts_91_1_NO2-B-2-d,28,C10H12FNO4,"1,6,7,8,9",0,100,5,105,NO2-B-2-d,Addition
2673,2674,ts_91_1_NO2-B-7-d,28,C9H13FN2O2S,"1,6,7,8,9,16",0,100,5,105,NO2-B-7-d,Addition
2674,2675,ts_91_1_NO2-B-11-e,25,C8H12BrN3O,"1,6,7,8,35",0,100,5,105,NO2-B-11-e,Addition
2675,2676,ts_91_1_R-A-3,24,C6H14ClNO2,"1,6,7,8,17",0,100,5,105,R-A-3,Cyclization
2676,2677,ts_91_1_RR-A-4,17,C5H10FN,"1,6,7,9",0,100,5,105,RR-A-4,Rearrangement
2677,2678,ts_91_1_S-A-3,31,C11H16BrNO2,"1,6,7,8,35",0,98,5,103,S-A-3,Substitution
2678,2679,ts_91_1_S-A-6,25,C5H15N3O2,"1,6,7,8",1,97,5,102,S-A-6,Substitution
2679,2680,ts_91_1_S-A-7,16,C4H5Cl3O4,"1,6,8,17",0,96,5,101,S-A-7,Substitution
2680,2681,ts_91_1_S-A-14,20,C5H11ClO2S,"1,6,8,16,17",0,97,5,102,S-A-14,Substitution
2681,2682,ts_91_1_S-A-17,23,C5H13ClN2O2,"1,6,7,8,17",0,99,5,104,S-A-17,Substitution
2682,2683,ts_91_1_S-B-4-a,22,C9H9NO3,"1,6,7,8",1,97,5,102,S-B-4-a,Rearrangement
2683,2684,ts_91_1_S-B-5-a,13,C3H6BrNO2,"1,6,7,8,35",0,96,5,101,S-B-5-a,Rearrangement
2684,2685,ts_91_1_S-C-4,28,C9H14N2O3,"1,6,7,8",1,99,5,104,S-C-4,Substitution
2685,2686,ts_91_2_A-E-2,17,C5H9FO2,"1,6,8,9",0,99,5,104,A-E-2,Addition
2686,2687,ts_91_2_A-E-16,17,C5H8ClFOS,"1,6,8,9,16,17",0,100,5,105,A-E-16,Addition
2687,2688,ts_91_2_R-A-6,22,C6H12FNO2,"1,6,7,8,9",0,98,5,103,R-A-6,Cyclization
2688,2689,ts_91_2_R-B-7,20,C6H11NO2,"1,6,7,8",1,99,5,104,R-B-7,Cyclization
2689,2690,ts_91_2_S-D-9,19,C3H9BrN2O3S,"1,6,7,8,16,35",0,99,5,104,S-D-9,Substitution
2690,2691,ts_92_1_A-E-24,19,C5H9BrO3S,"1,6,8,16,35",0,99,5,104,A-E-24,Addition
2691,2692,ts_92_1_E-2-a,11,C2H5BrN2O,"1,6,7,8,35",0,99,5,104,E-2-a,Addition
2692,2693,ts_92_1_NO2-A-1-c,20,C4H9BrN2O4,"1,6,7,8,35",0,98,5,103,NO2-A-1-c,Addition
2693,2694,ts_92_1_NO2-A-1-d,20,C4H9BrN2O4,"1,6,7,8,35",0,98,5,103,NO2-A-1-d,Addition
2694,2695,ts_92_1_NO2-A-4-a,26,C9H11BrN2O3,"1,6,7,8,35",0,99,5,104,NO2-A-4-a,Substitution
2695,2696,ts_92_1_NO2-A-5-c,24,C5H12BrN3O3,"1,6,7,8,35",0,99,5,104,NO2-A-5-c,Addition
2696,2697,ts_92_1_NO2-A-7-b,23,C8H9BrN2O2S,"1,6,7,8,16,35",0,100,5,105,NO2-A-7-b,Rearrangement
2697,2698,ts_92_1_NO2-A-8-e,20,C3H9BrN2O4S,"1,6,7,8,16,35",0,99,5,104,NO2-A-8-e,Addition
2698,2699,ts_92_1_NO2-B-3-e,20,C4H9N3O4,"1,6,7,8",1,97,5,102,NO2-B-3-e,Addition
2699,2700,ts_92_1_NO2-B-11-c,25,C8H12BrN3O,"1,6,7,8,35",0,100,5,105,NO2-B-11-c,Addition
2700,2701,ts_92_1_NO2-B-11-e,27,C8H12N4O3,"1,6,7,8",1,100,5,105,NO2-B-11-e,Addition
2701,2702,ts_92_1_NO2-B-12-e,19,C4H8N4O3,"1,6,7,8",1,94,5,99,NO2-B-12-e,Addition
2702,2703,ts_92_1_R-A-4,31,C9H17ClO4,"1,6,8,17",0,95,5,100,R-A-4,Cyclization
2703,2704,ts_92_1_RR-A-3-b,30,C15H12O3,"1,6,8",1,56,2,58,RR-A-3-b,Rearrangement
2704,2705,ts_92_1_RR-A-10,28,C9H16BrNO,"1,6,7,8,35",0,99,5,104,RR-A-10,Rearrangement
2705,2706,ts_92_1_RR-A-13-b,28,C11H14BrNO,"1,6,7,8,35",0,99,5,104,RR-A-13-b,Rearrangement
2706,2707,ts_92_1_S-B-12,26,C9H11BrN2O3,"1,6,7,8,35",0,98,5,103,S-B-12,Substitution
2707,2708,ts_92_1_S-D-14,29,C8H11N3O6S,"1,6,7,8,16",0,94,2,96,S-D-14,Substitution
2708,2709,ts_92_2_A-D-1,14,C3H7NO3,"1,6,7,8",1,96,5,101,A-D-1,Addition
2709,2710,ts_92_2_A-E-2,18,C5H10O3,"1,6,8",1,99,5,104,A-E-2,Addition
2710,2711,ts_92_2_A-E-25,26,C9H11BrClNO2S,"1,6,7,8,16,17,35",0,100,5,105,A-E-25,Addition
2711,2712,ts_92_2_R-A-11,14,C3H7Br2NO,"1,6,7,8,35",0,100,5,105,R-A-11,Cyclization
2712,2713,ts_92_2_R-B-2,19,C7H11N,"1,6,7",1,100,5,105,R-B-2,Cyclization
2713,2714,ts_92_2_S-A-17,25,C5H15N3O2,"1,6,7,8",1,100,5,105,S-A-17,Substitution
2714,2715,ts_92_3_A-I-1,27,C10H14N2O,"1,6,7,8",1,99,5,104,A-I-1,Addition
2715,2716,ts_93_1_A-D-2,27,C7H12N2O6,"1,6,7,8",1,94,5,99,A-D-2,Addition
2716,2717,ts_93_1_A-I-5,44,C21H18N2O3,"1,6,7,8",1,57,2,59,A-I-5,Addition
2717,2718,ts_93_1_E-2-a,13,C2H5N3O3,"1,6,7,8",1,94,5,99,E-2-a,Addition
2718,2719,ts_93_1_E-2-b,16,C4H8N2O2,"1,6,7,8",1,91,5,96,E-2-b,Addition
2719,2720,ts_93_1_NO2-A-4-a,28,C9H11N3O5,"1,6,7,8",1,95,5,100,NO2-A-4-a,Substitution
2720,2721,ts_93_1_NO2-A-4-d,28,C9H11N3O5,"1,6,7,8",1,96,5,101,NO2-A-4-d,Addition
2721,2722,ts_93_1_NO2-A-10-b,12,CH4N4O3,"1,6,7,8",1,98,5,103,NO2-A-10-b,Rearrangement
2722,2723,ts_93_1_NO2-A-12-a,17,C3H6N4O4,"1,6,7,8",1,90,5,95,NO2-A-12-a,Substitution
2723,2724,ts_93_1_NO2-B-2-e,34,C11H17N3O3,"1,6,7,8",1,58,2,60,NO2-B-2-e,Addition
2724,2725,ts_93_1_NO2-B-3-d,20,C4H9N3O4,"1,6,7,8",1,100,5,105,NO2-B-3-d,Addition
2725,2726,ts_93_1_NO2-C-2-e,41,C16H19N3O3,"1,6,7,8",1,60,2,62,NO2-C-2-e,Addition
2726,2727,ts_93_1_R-A-3,19,C5H10BrClO2,"1,6,8,17,35",0,100,5,105,R-A-3,Cyclization
2727,2728,ts_93_1_R-A-4,33,C10H19ClO3,"1,6,8,17",0,100,5,105,R-A-4,Cyclization
2728,2729,ts_93_1_S-A-26,17,C4H9ClFNO,"1,6,7,8,9,17",0,95,5,100,S-A-26,Substitution
2729,2730,ts_93_1_S-B-9,29,C6H16N4O3,"1,6,7,8",1,97,5,102,S-B-9,Substitution
2730,2731,ts_93_1_S-D-11,26,C4H13N3O5S,"1,6,7,8,16",0,96,5,101,S-D-11,Substitution
2731,2732,ts_93_1_S-G-4,22,C3H11NO6S,"1,6,7,8,16",0,100,5,105,S-G-4,Substitution
2732,2733,ts_93_2_NO2-A-8-a,22,C3H9N3O6S,"1,6,7,8,16",0,99,5,104,NO2-A-8-a,Substitution
2733,2734,ts_93_2_R-A-5,22,C6H12O4,"1,6,8",1,98,5,103,R-A-5,Cyclization
2734,2735,ts_93_2_S-D-10,25,C4H13N3O4S,"1,6,7,8,16",0,100,5,105,S-D-10,Substitution
2735,2736,ts_93_3_A-I-1,27,C10H14N2O,"1,6,7,8",1,99,5,104,A-I-1,Addition
2736,2737,ts_93_3_S-C-7,26,C8H10ClNO5S,"1,6,7,8,16,17",0,99,5,104,S-C-7,Substitution
2737,2738,ts_93_3_S-C-10,36,C14H15NO5S,"1,6,7,8,16",0,59,2,61,S-C-10,Substitution
2738,2739,ts_94_1_A-E-4,19,C4H12N2S,"1,6,7,16",0,100,5,105,A-E-4,Addition
2739,2740,ts_94_1_A-I-4,15,C3H7N3OS,"1,6,7,8,16",0,96,5,101,A-I-4,Addition
2740,2741,ts_94_1_NO2-A-7-e,31,C9H15N3O3S,"1,6,7,8,16",0,100,5,105,NO2-A-7-e,Addition
2741,2742,ts_94_1_NO2-A-8-c,25,C4H13N3O4S,"1,6,7,8,16",0,100,5,105,NO2-A-8-c,Addition
2742,2743,ts_94_1_NO2-A-10-c,15,C2H7N3O3,"1,6,7,8",1,97,5,102,NO2-A-10-c,Addition
2743,2744,ts_94_1_NO2-A-11-c,28,C8H14N4O2,"1,6,7,8",1,100,5,105,NO2-A-11-c,Addition
2744,2745,ts_94_1_NO2-B-12-d,15,C4H7ClN2O,"1,6,7,8,17",0,91,5,96,NO2-B-12-d,Addition
2745,2746,ts_94_1_R-A-6,22,C6H12ClNO2,"1,6,7,8,17",0,98,5,103,R-A-6,Cyclization
2746,2747,ts_94_1_RR-A-3-a,29,C14H11BrO3,"1,6,8,35",0,58,2,60,RR-A-3-a,Rearrangement
2747,2748,ts_94_1_RR-A-4,22,C6H14N2,"1,6,7",1,100,5,105,RR-A-4,Rearrangement
2748,2749,ts_94_1_RR-A-8-c,22,C5H13N3O,"1,6,7,8",1,100,5,105,RR-A-8-c,Rearrangement
2749,2750,ts_94_1_RR-A-13-b,33,C12H18N2O,"1,6,7,8",1,99,5,104,RR-A-13-b,Rearrangement
2750,2751,ts_94_1_RR-B-2-b,24,C10H10N2O2,"1,6,7,8",1,93,5,98,RR-B-2-b,Rearrangement
2751,2752,ts_94_1_S-A-2,28,C10H13ClFNO2,"1,6,7,8,9,17",0,98,5,103,S-A-2,Substitution
2752,2753,ts_94_1_S-A-16,25,C10H10BrClO2S,"1,6,8,16,17,35",0,96,5,101,S-A-16,Substitution
2753,2754,ts_94_1_S-B-1,22,C6H10ClFN2O2,"1,6,7,8,9,17",0,94,5,99,S-B-1,Substitution
2754,2755,ts_94_1_S-C-13,39,C16H18N2O3,"1,6,7,8",1,59,2,61,S-C-13,Substitution
2755,2756,ts_94_2_A-E-1,18,C4H11ClN2,"1,6,7,17",0,100,5,105,A-E-1,Addition
2756,2757,ts_94_2_A-I-4,15,C3H7N3OS,"1,6,7,8,16",0,99,5,104,A-I-4,Addition
2757,2758,ts_94_2_RR-B-5-a,19,C4H10ClN3O,"1,6,7,8,17",0,100,5,105,RR-B-5-a,Rearrangement
2758,2759,ts_94_2_S-F-1,30,C10H17BrN2,"1,6,7,35",0,100,5,105,S-F-1,Substitution
2759,2760,ts_94_3_A-I-1,27,C10H12N2O3,"1,6,7,8",1,94,5,99,A-I-1,Addition
2760,2761,ts_95_1_A-D-1,14,C3H5NO5,"1,6,7,8",1,95,5,100,A-D-1,Addition
2761,2762,ts_95_1_A-E-11,18,C5H9N3O,"1,6,7,8",1,97,5,102,A-E-11,Addition
2762,2763,ts_95_1_A-E-16,20,C5H10ClNO2S,"1,6,7,8,16,17",0,99,5,104,A-E-16,Addition
2763,2764,ts_95_1_A-E-17,15,C4H6ClN3O,"1,6,7,8,17",0,95,5,100,A-E-17,Addition
2764,2765,ts_95_1_A-F-3,25,C10H9ClN2O2S,"1,6,7,8,16,17",0,94,5,99,A-F-3,Addition
2765,2766,ts_95_1_E-2-a,12,C3H5N3O,"1,6,7,8",1,94,5,99,E-2-a,Addition
2766,2767,ts_95_1_NO2-A-1-b,18,C5H7N3O3,"1,6,7,8",1,94,5,99,NO2-A-1-b,Rearrangement
2767,2768,ts_95_1_NO2-A-3-e,17,C4H7N3O3,"1,6,7,8",1,93,5,98,NO2-A-3-e,Addition
2768,2769,ts_95_1_NO2-A-4-d,27,C10H11N3O3,"1,6,7,8",1,96,5,101,NO2-A-4-d,Addition
2769,2770,ts_95_1_NO2-A-5-c,25,C6H12N4O3,"1,6,7,8",1,93,5,98,NO2-A-5-c,Addition
2770,2771,ts_95_1_NO2-A-8-c,21,C4H9N3O4S,"1,6,7,8,16",0,92,5,97,NO2-A-8-c,Addition
2771,2772,ts_95_1_NO2-A-10-b,11,C2H4N4O,"1,6,7,8",1,94,5,99,NO2-A-10-b,Rearrangement
2772,2773,ts_95_1_NO2-B-2-d,30,C10H14N2O4,"1,6,7,8",1,99,5,104,NO2-B-2-d,Addition
2773,2774,ts_95_1_NO2-B-2-e,31,C11H14N2O4,"1,6,7,8",1,98,5,103,NO2-B-2-e,Addition
2774,2775,ts_95_1_NO2-B-11-b,23,C9H10N4,"1,6,7",1,94,5,99,NO2-B-11-b,Addition
2775,2776,ts_95_1_NO2-B-12-d,15,C4H7ClN2O,"1,6,7,8,17",0,92,5,97,NO2-B-12-d,Addition
2776,2777,ts_95_1_R-B-2,16,C6H8ClN,"1,6,7,17",0,99,5,104,R-B-2,Cyclization
2777,2778,ts_95_1_R-B-14,24,C7H13BrO3,"1,6,8,35",0,100,5,105,R-B-14,Cyclization
2778,2779,ts_95_1_RR-A-1,16,C5H8N2O,"1,6,7,8",1,95,5,100,RR-A-1,Rearrangement
2779,2780,ts_95_1_RR-A-4,18,C6H10N2,"1,6,7",1,89,5,94,RR-A-4,Rearrangement
2780,2781,ts_95_1_RR-A-13-c,29,C12H14N2O,"1,6,7,8",1,98,5,103,RR-A-13-c,Rearrangement
2781,2782,ts_95_1_RR-B-1-b,17,C5H8N2O2,"1,6,7,8",1,86,5,91,RR-B-1-b,Rearrangement
2782,2783,ts_95_1_S-B-4-a,24,C10H12O2,"1,6,8",1,100,5,105,S-B-4-a,Rearrangement
2783,2784,ts_95_1_S-B-5-b,17,C4H7Br2NO3,"1,6,7,8,35",0,96,5,101,S-B-5-b,Addition
2784,2785,ts_95_1_S-B-8,15,C4H4N2O5,"1,6,7,8",1,90,5,95,S-B-8,Substitution
2785,2786,ts_95_1_S-B-12,27,C10H11N3O3,"1,6,7,8",1,96,5,101,S-B-12,Substitution
2786,2787,ts_95_1_S-D-12,27,C5H13N3O5S,"1,6,7,8,16",0,98,5,103,S-D-12,Substitution
2787,2788,ts_95_1_S-F-1,30,C10H17BrN2,"1,6,7,35",0,100,5,105,S-F-1,Substitution
2788,2789,ts_95_2_A-E-1,14,C4H7ClN2,"1,6,7,17",0,93,5,98,A-E-1,Addition
2789,2790,ts_95_2_A-E-17,15,C4H6ClN3O,"1,6,7,8,17",0,95,5,100,A-E-17,Addition
2790,2791,ts_95_2_A-E-26,25,C10H11ClN2S,"1,6,7,16,17",0,96,5,101,A-E-26,Addition
2791,2792,ts_95_2_NO2-A-6-a,20,C4H9N3O3S,"1,6,7,8,16",0,92,5,97,NO2-A-6-a,Substitution
2792,2793,ts_95_2_R-A-5,23,C6H11NO5,"1,6,7,8",1,99,5,104,R-A-5,Cyclization
2793,2794,ts_95_2_R-A-6,24,C6H12N2O4,"1,6,7,8",1,97,5,102,R-A-6,Cyclization
2794,2795,ts_95_2_R-A-7,26,C7H15NO3,"1,6,7,8",1,100,5,105,R-A-7,Cyclization
2795,2796,ts_96_1_A-E-17,16,C4H7ClN2O2,"1,6,7,8,17",0,99,5,104,A-E-17,Addition
2796,2797,ts_96_1_NO2-A-1-e,22,C5H10N2O5,"1,6,7,8",1,95,5,100,NO2-A-1-e,Addition
2797,2798,ts_96_1_NO2-A-2-d,29,C10H12N2O5,"1,6,7,8",1,98,5,103,NO2-A-2-d,Addition
2798,2799,ts_96_1_NO2-A-5-a,26,C6H13N3O4,"1,6,7,8",1,98,5,103,NO2-A-5-a,Substitution
2799,2800,ts_96_1_NO2-A-6-d,21,C4H10N2O4S,"1,6,7,8,16",0,99,5,104,NO2-A-6-d,Addition
2800,2801,ts_96_1_NO2-A-9-b,16,C3H7N3O3,"1,6,7,8",1,100,5,105,NO2-A-9-b,Rearrangement
2801,2802,ts_96_1_NO2-A-10-d,15,C2H7N3O3,"1,6,7,8",1,100,5,105,NO2-A-10-d,Addition
2802,2803,ts_96_1_NO2-B-3-d,20,C5H10N2O3,"1,6,7,8",1,98,5,103,NO2-B-3-d,Addition
2803,2804,ts_96_1_NO2-B-7-d,30,C10H14N2O3S,"1,6,7,8,16",0,98,5,103,NO2-B-7-d,Addition
2804,2805,ts_96_1_RR-A-1,17,C5H9NO2,"1,6,7,8",1,99,5,104,RR-A-1,Rearrangement
2805,2806,ts_96_1_RR-B-8-a,29,C10H14ClNO3,"1,6,7,8,17",0,100,5,105,RR-B-8-a,Rearrangement
2806,2807,ts_96_1_S-A-2,28,C10H13BrClNO2,"1,6,7,8,17,35",0,98,5,103,S-A-2,Substitution
2807,2808,ts_96_1_S-A-6,21,C5H11N3O2,"1,6,7,8",1,91,5,96,S-A-6,Substitution
2808,2809,ts_96_1_S-A-14,17,C4H8BrClO2S,"1,6,8,16,17,35",0,99,5,104,S-A-14,Substitution
2809,2810,ts_96_1_S-A-18,20,C5H9Cl2NO3,"1,6,7,8,17",0,99,5,104,S-A-18,Substitution
2810,2811,ts_96_1_S-B-4-b,26,C10H11Br2NO2,"1,6,7,8,35",0,100,5,105,S-B-4-b,Rearrangement
2811,2812,ts_96_1_S-C-5,22,C8H9NO4,"1,6,7,8",1,97,5,102,S-C-5,Substitution
2812,2813,ts_96_1_S-D-9,21,C4H10N2O4S,"1,6,7,8,16",0,95,5,100,S-D-9,Substitution
2813,2814,ts_96_1_S-D-12,27,C5H13N3O5S,"1,6,7,8,16",0,99,5,104,S-D-12,Substitution
2814,2815,ts_96_1_S-G-1,16,C3H5Cl2NO4S,"1,6,7,8,16,17",0,95,5,100,S-G-1,Substitution
2815,2816,ts_96_2_R-A-11,16,C4H8BrNO2,"1,6,7,8,35",0,95,5,100,R-A-11,Cyclization
2816,2817,ts_96_2_R-B-3,15,C5H7BrN2,"1,6,7,35",0,98,5,103,R-B-3,Cyclization
2817,2818,ts_96_2_R-B-7,16,C5H9NO,"1,6,7,8",1,100,5,105,R-B-7,Cyclization
2818,2819,ts_97_1_A-E-7,39,C17H18N2O2,"1,6,7,8",1,60,2,62,A-E-7,Addition
2819,2820,ts_97_1_A-E-11,19,C5H10N2O2,"1,6,7,8",1,97,5,102,A-E-11,Addition
2820,2821,ts_97_1_A-E-18,28,C11H13NO3,"1,6,7,8",1,95,5,100,A-E-18,Addition
2821,2822,ts_97_1_A-E-22,21,C5H10BrNO3S,"1,6,7,8,16,35",0,99,5,104,A-E-22,Addition
2822,2823,ts_97_1_A-I-4,15,C3H5N3O3S,"1,6,7,8,16",0,94,5,99,A-I-4,Addition
2823,2824,ts_97_1_A-I-5,46,C22H20N2O2,"1,6,7,8",1,60,2,62,A-I-5,Addition
2824,2825,ts_97_1_NO2-A-2-b,25,C11H8N2O4,"1,6,7,8",1,88,5,93,NO2-A-2-b,Rearrangement
2825,2826,ts_97_1_NO2-A-5-b,23,C6H11N3O3,"1,6,7,8",1,100,5,105,NO2-A-5-b,Rearrangement
2826,2827,ts_97_1_NO2-A-6-b,18,C4H8N2O3S,"1,6,7,8,16",0,99,5,104,NO2-A-6-b,Rearrangement
2827,2828,ts_97_1_NO2-A-6-e,21,C4H10N2O4S,"1,6,7,8,16",0,98,5,103,NO2-A-6-e,Addition
2828,2829,ts_97_1_NO2-A-8-b,19,C4H8N2O4S,"1,6,7,8,16",0,97,5,102,NO2-A-8-b,Rearrangement
2829,2830,ts_97_1_NO2-A-10-b,12,C2H5N3O2,"1,6,7,8",1,99,5,104,NO2-A-10-b,Rearrangement
2830,2831,ts_97_1_NO2-A-11-a,24,C8H9BrN2O4,"1,6,7,8,35",0,98,5,103,NO2-A-11-a,Substitution
2831,2832,ts_97_1_NO2-A-11-c,25,C8H11N3O3,"1,6,7,8",1,98,5,103,NO2-A-11-c,Addition
2832,2833,ts_97_1_NO2-A-12-e,17,C4H7N3O3,"1,6,7,8",1,96,5,101,NO2-A-12-e,Addition
2833,2834,ts_97_1_NO2-B-2-e,30,C12H12N2O4,"1,6,7,8",1,52,2,54,NO2-B-2-e,Addition
2834,2835,ts_97_1_NO2-B-7-e,29,C11H12N2O3S,"1,6,7,8,16",0,88,5,93,NO2-B-7-e,Addition
2835,2836,ts_97_1_NO2-B-8-d,24,C5H12N2O4S,"1,6,7,8,16",0,98,5,103,NO2-B-8-d,Addition
2836,2837,ts_97_1_R-A-6,23,C7H12N2O2,"1,6,7,8",1,91,5,96,R-A-6,Cyclization
2837,2838,ts_97_1_R-B-4,19,C5H11N3,"1,6,7",1,100,5,105,R-B-4,Cyclization
2838,2839,ts_97_1_R-B-11,31,C10H16FNO3,"1,6,7,8,9",0,96,5,101,R-B-11,Cyclization
2839,2840,ts_97_1_RR-A-6,24,C10H11NO2,"1,6,7,8",1,97,5,102,RR-A-6,Rearrangement
2840,2841,ts_97_1_RR-B-1-b,18,C5H9NO3,"1,6,7,8",1,94,5,99,RR-B-1-b,Rearrangement
2841,2842,ts_97_1_S-A-19,24,C6H13BrN2O2,"1,6,7,8,35",0,98,5,103,S-A-19,Substitution
2842,2843,ts_97_1_S-B-9,25,C7H11N3O4,"1,6,7,8",1,88,5,93,S-B-9,Substitution
2843,2844,ts_97_1_S-B-11,29,C10H12N2O5,"1,6,7,8",1,95,5,100,S-B-11,Substitution
2844,2845,ts_97_2_A-E-10,21,C6H11NO3,"1,6,7,8",1,99,5,104,A-E-10,Addition
2845,2846,ts_97_2_NO2-B-3-e,19,C6H8N2O3,"1,6,7,8",1,91,5,96,NO2-B-3-e,Addition
2846,2847,ts_97_2_S-F-1,29,C10H16BrNO,"1,6,7,8,35",0,100,5,105,S-F-1,Substitution
2847,2848,ts_98_1_A-E-15,16,C5H5Cl2NO2S,"1,6,7,8,16,17",0,90,5,95,A-E-15,Addition
2848,2849,ts_98_1_A-E-24,22,C6H11BrO3S,"1,6,8,16,35",0,98,5,103,A-E-24,Addition
2849,2850,ts_98_1_A-E-25,27,C11H10ClNO3S,"1,6,7,8,16,17",0,97,5,102,A-E-25,Addition
2850,2851,ts_98_1_A-I-2,33,C16H14N2O,"1,6,7,8",1,57,2,59,A-I-2,Addition
2851,2852,ts_98_1_NO2-A-1-b,18,C6H6N2O4,"1,6,7,8",1,86,5,91,NO2-A-1-b,Rearrangement
2852,2853,ts_98_1_NO2-A-1-c,21,C6H8N2O5,"1,6,7,8",1,88,5,93,NO2-A-1-c,Addition
2853,2854,ts_98_1_NO2-A-7-a,27,C9H11NO5S,"1,6,7,8,16",0,96,5,101,NO2-A-7-a,Substitution
2854,2855,ts_98_1_NO2-A-8-a,21,C5H8N2O5S,"1,6,7,8,16",0,87,5,92,NO2-A-8-a,Substitution
2855,2856,ts_98_1_NO2-A-9-e,18,C4H7N3O4,"1,6,7,8",1,95,5,100,NO2-A-9-e,Addition
2856,2857,ts_98_1_NO2-A-10-d,14,C3H5N3O3,"1,6,7,8",1,89,5,94,NO2-A-10-d,Addition
2857,2858,ts_98_1_NO2-A-12-a,16,C5H5N3O3,"1,6,7,8",1,88,5,93,NO2-A-12-a,Substitution
2858,2859,ts_98_1_NO2-B-3-e,19,C6H8N2O3,"1,6,7,8",1,90,5,95,NO2-B-3-e,Addition
2859,2860,ts_98_1_NO2-B-7-d,29,C11H12N2O3S,"1,6,7,8,16",0,88,5,93,NO2-B-7-d,Addition
2860,2861,ts_98_1_NO2-B-7-e,29,C11H12N2O3S,"1,6,7,8,16",0,93,5,98,NO2-B-7-e,Addition
2861,2862,ts_98_1_R-A-5,26,C7H15NO3,"1,6,7,8",1,99,5,104,R-A-5,Cyclization
2862,2863,ts_98_1_R-B-11,33,C11H17NO4,"1,6,7,8",1,97,5,102,R-B-11,Cyclization
2863,2864,ts_98_1_R-B-12,22,C8H12O2,"1,6,8",1,98,5,103,R-B-12,Cyclization
2864,2865,ts_98_1_RR-A-3-a,31,C14H11NO5,"1,6,7,8",1,58,2,60,RR-A-3-a,Rearrangement
2865,2866,ts_98_1_RR-A-3-b,31,C15H12O4,"1,6,8",1,58,2,60,RR-A-3-b,Rearrangement
2866,2867,ts_98_1_RR-A-10,29,C11H15NO2,"1,6,7,8",1,94,5,99,RR-A-10,Rearrangement
2867,2868,ts_98_1_RR-B-7-b,18,C5H8N2O3,"1,6,7,8",1,90,5,95,RR-B-7-b,Rearrangement
2868,2869,ts_98_1_S-A-8,25,C7H12ClNO4,"1,6,7,8,17",0,87,5,92,S-A-8,Substitution
2869,2870,ts_98_1_S-A-12,28,C9H13NO5,"1,6,7,8",1,92,5,97,S-A-12,Substitution
2870,2871,ts_98_1_S-A-18,20,C5H9ClFNO3,"1,6,7,8,9,17",0,96,5,101,S-A-18,Substitution
2871,2872,ts_98_1_S-A-26,17,C5H8ClFO2,"1,6,8,9,17",0,95,5,100,S-A-26,Substitution
2872,2873,ts_98_1_S-C-16,30,C12H12N2O4,"1,6,7,8",1,60,2,62,S-C-16,Substitution
2873,2874,ts_98_1_S-D-10,21,C5H8N2O5S,"1,6,7,8,16",0,88,5,93,S-D-10,Substitution
2874,2875,ts_98_1_S-F-4,20,C5H9N3O3,"1,6,7,8",1,96,5,101,S-F-4,Substitution
2875,2876,ts_98_2_A-E-22,20,C6H8BrNO3S,"1,6,7,8,16,35",0,93,5,98,A-E-22,Addition
2876,2877,ts_98_2_R-A-7,26,C6H16N2O2,"1,6,7,8",1,100,5,105,R-A-7,Cyclization
2877,2878,ts_98_2_R-A-11,15,C5H6BrNO2,"1,6,7,8,35",0,91,5,96,R-A-11,Cyclization
2878,2879,ts_98_2_S-C-10,35,C15H15NO3S,"1,6,7,8,16",0,59,2,61,S-C-10,Substitution
2879,2880,ts_98_2_S-C-11,21,C9H9Cl2N,"1,6,7,17",0,87,5,92,S-C-11,Substitution
2880,2881,ts_98_3_S-C-13,38,C17H18N2O,"1,6,7,8",1,57,2,59,S-C-13,Substitution
2881,2882,ts_98_4_R-B-10,21,C7H11FO2,"1,6,8,9",0,98,5,103,R-B-10,Cyclization
2882,2883,ts_99_1_A-E-15,16,C5H5Cl2NO2S,"1,6,7,8,16,17",0,87,5,92,A-E-15,Addition
2883,2884,ts_99_1_A-F-1,18,C6H6ClNO3S,"1,6,7,8,16,17",0,95,5,100,A-F-1,Addition
2884,2885,ts_99_1_E-2-b,14,C3H4N2O5,"1,6,7,8",1,85,5,90,E-2-b,Addition
2885,2886,ts_99_1_NO2-A-3-e,17,C5H6N2O4,"1,6,7,8",1,87,5,92,NO2-A-3-e,Addition
2886,2887,ts_99_1_NO2-A-4-b,24,C11H8N2O3,"1,6,7,8",1,88,5,93,NO2-A-4-b,Rearrangement
2887,2888,ts_99_1_NO2-A-7-b,24,C10H8N2O3S,"1,6,7,8,16",0,92,5,97,NO2-A-7-b,Rearrangement
2888,2889,ts_99_1_R-A-9,34,C9H21N3O,"1,6,7,8",1,99,5,104,R-A-9,Cyclization
2889,2890,ts_99_1_R-B-2,21,C7H12N2,"1,6,7",1,100,5,105,R-B-2,Cyclization
2890,2891,ts_99_1_R-B-4,22,C6H13N3,"1,6,7",1,100,5,105,R-B-4,Cyclization
2891,2892,ts_99_1_S-A-12,27,C8H14O5,"1,6,8",1,99,5,104,S-A-12,Substitution
2892,2893,ts_99_1_S-A-19,20,C5H10BrN3O,"1,6,7,8,35",0,96,5,101,S-A-19,Substitution
2893,2894,ts_99_1_S-B-13,39,C17H15N3O4,"1,6,7,8",1,55,2,57,S-B-13,Substitution
2894,2895,ts_99_1_S-C-3,22,C8H9NO4,"1,6,7,8",1,95,5,100,S-C-3,Substitution
2895,2896,ts_99_1_S-C-11,22,C9H10Cl2O,"1,6,8,17",0,98,5,103,S-C-11,Substitution
2896,2897,ts_99_1_S-G-6,22,C3H11FN2O4S,"1,6,7,8,9,16",0,100,5,105,S-G-6,Substitution
2897,2898,ts_99_2_A-E-2,22,C6H12O4,"1,6,8",1,97,5,102,A-E-2,Addition
2898,2899,ts_99_2_A-E-19,27,C12H11NO3,"1,6,7,8",1,90,5,95,A-E-19,Addition
2899,2900,ts_99_2_A-E-25,27,C11H10ClNO3S,"1,6,7,8,16,17",0,94,5,99,A-E-25,Addition
2900,2901,ts_99_2_R-A-7,21,C5H12BrNO2,"1,6,7,8,35",0,100,5,105,R-A-7,Cyclization
2901,2902,ts_99_2_R-A-10,15,C5H6FNO2,"1,6,7,8,9",0,93,5,98,R-A-10,Cyclization
2902,2903,ts_99_2_S-D-10,22,C4H8N2O7S,"1,6,7,8,16",0,93,5,98,S-D-10,Substitution
2903,2904,ts_99_3_A-I-1,26,C11H12N2O,"1,6,7,8",1,96,5,101,A-I-1,Addition
2904,2905,ts_100_1_A-E-8,24,C8H12O4,"1,6,8",1,98,5,103,A-E-8,Addition
2905,2906,ts_100_1_A-E-18,28,C11H11NO5,"1,6,7,8",1,96,5,101,A-E-18,Addition
2906,2907,ts_100_1_A-E-19,28,C11H11NO5,"1,6,7,8",1,93,5,98,A-E-19,Addition
2907,2908,ts_100_1_A-I-1,27,C11H13NO2,"1,6,7,8",1,90,5,95,A-I-1,Addition
2908,2909,ts_100_1_A-I-6,42,C20H18N2OS,"1,6,7,8,16",0,78,2,80,A-I-6,Addition
2909,2910,ts_100_1_NO2-A-2-a,29,C10H10N2O7,"1,6,7,8",1,75,2,77,NO2-A-2-a,Substitution
2910,2911,ts_100_1_NO2-A-5-b,23,C6H9N3O5,"1,6,7,8",1,92,5,97,NO2-A-5-b,Rearrangement
2911,2912,ts_100_1_NO2-A-5-e,27,C7H14N2O4,"1,6,7,8",1,100,5,105,NO2-A-5-e,Addition
2912,2913,ts_100_1_NO2-B-7-d,30,C10H12N2O5S,"1,6,7,8,16",0,77,2,79,NO2-B-7-d,Addition
2913,2914,ts_100_1_NO2-B-11-b,24,C9H9N3O3,"1,6,7,8",1,94,5,99,NO2-B-11-b,Addition
2914,2915,ts_100_1_NO2-B-11-c,27,C9H11N3O4,"1,6,7,8",1,97,5,102,NO2-B-11-c,Addition
2915,2916,ts_100_1_NO2-C-2-e,38,C16H14N2O6,"1,6,7,8",1,79,2,81,NO2-C-2-e,Addition
2916,2917,ts_100_1_R-A-2,19,C5H8ClNO4,"1,6,7,8,17",0,99,5,104,R-A-2,Cyclization
2917,2918,ts_100_1_R-A-8,33,C10H19NO3,"1,6,7,8",1,76,4,80,R-A-8,Cyclization
2918,2919,ts_100_1_R-B-3,14,C6H6N2,"1,6,7",1,93,5,98,R-B-3,Cyclization
2919,2920,ts_100_1_RR-A-13-c,30,C12H13NO4,"1,6,7,8",1,97,5,102,RR-A-13-c,Rearrangement
2920,2921,ts_100_1_S-A-25,50,C24H20ClNO4,"1,6,7,8,17",0,76,2,78,S-A-25,Substitution
2921,2922,ts_100_1_S-B-5-b,17,C4H5Br2NO5,"1,6,7,8,35",0,94,5,99,S-B-5-b,Addition
2922,2923,ts_100_1_S-C-15,28,C12H12ClNO2,"1,6,7,8,17",0,100,5,105,S-C-15,Substitution
2923,2924,ts_100_1_S-D-11,23,C4H8N2O8S,"1,6,7,8,16",0,92,5,97,S-D-11,Substitution
2924,2925,ts_100_1_S-G-2,18,C2H6ClNO7S,"1,6,7,8,16,17",0,96,5,101,S-G-2,Substitution
2925,2926,ts_100_2_A-E-9,27,C11H11NO4,"1,6,7,8",1,91,5,96,A-E-9,Addition
2926,2927,ts_100_2_NO2-A-8-a,22,C4H8N2O7S,"1,6,7,8,16",0,92,5,97,NO2-A-8-a,Substitution
2927,2928,ts_100_2_R-A-11,16,C4H6BrNO4,"1,6,7,8,35",0,95,5,100,R-A-11,Cyclization
2928,2929,ts_100_2_R-B-10,19,C6H11FO,"1,6,8,9",0,99,5,104,R-B-10,Cyclization
2929,2930,ts_100_3_S-C-7,26,C9H11ClO4S,"1,6,8,16,17",0,96,5,101,S-C-7,Substitution
2930,2931,ts_100_3_S-C-10,36,C15H16O4S,"1,6,8,16",0,79,2,81,S-C-10,Substitution
2931,2932,ts_100_3_S-C-11,22,C9H10Cl2O,"1,6,8,17",0,99,5,104,S-C-11,Substitution
2932,2933,ts_101_1_A-A-2,22,C7H8N2O5,"1,6,7,8",1,97,5,102,A-A-2,Addition
2933,2934,ts_101_1_A-E-6,24,C7H12BrNO3,"1,6,7,8,35",0,100,5,105,A-E-6,Addition
2934,2935,ts_101_1_A-E-9,27,C11H11NO4,"1,6,7,8",1,90,5,95,A-E-9,Addition
2935,2936,ts_101_1_A-E-18,28,C11H11NO5,"1,6,7,8",1,92,5,97,A-E-18,Addition
2936,2937,ts_101_1_A-E-24,18,C5H8Br2O2S,"1,6,8,16,35",0,99,5,104,A-E-24,Addition
2937,2938,ts_101_1_E-2-a,13,C3H4N2O4,"1,6,7,8",1,93,5,98,E-2-a,Addition
2938,2939,ts_101_1_NO2-A-5-d,23,C5H12N2O4,"1,6,7,8",1,97,5,102,NO2-A-5-d,Addition
2939,2940,ts_101_1_NO2-A-10-c,8,BrH3N2O2,"1,7,8,35",0,100,5,105,NO2-A-10-c,Addition
2940,2941,ts_101_1_NO2-A-10-e,15,C2H5N3O5,"1,6,7,8",1,97,5,102,NO2-A-10-e,Addition
2941,2942,ts_101_1_NO2-A-11-d,26,C8H9N3O6,"1,6,7,8",1,96,5,101,NO2-A-11-d,Addition
2942,2943,ts_101_1_R-B-2,18,C7H9NO,"1,6,7,8",1,96,5,101,R-B-2,Cyclization
2943,2944,ts_101_1_R-B-3,15,C6H6N2O,"1,6,7,8",1,86,5,91,R-B-3,Cyclization
2944,2945,ts_101_1_R-B-15-a,21,C6H8ClNO5,"1,6,7,8,17",0,92,5,97,R-B-15-a,Rearrangement
2945,2946,ts_101_1_S-A-15,31,C10H16N2O3,"1,6,7,8",1,99,5,104,S-A-15,Substitution
2946,2947,ts_101_1_S-B-12,28,C10H10N2O6,"1,6,7,8",1,94,5,99,S-B-12,Substitution
2947,2948,ts_101_1_S-F-1,30,C11H16BrNO,"1,6,7,8,35",0,99,5,104,S-F-1,Substitution
2948,2949,ts_101_1_S-G-4,22,C3H9NO8S,"1,6,7,8,16",0,98,5,103,S-G-4,Substitution
2949,2950,ts_101_1_S-G-6,22,C3H11BrN2O4S,"1,6,7,8,16,35",0,99,5,104,S-G-6,Substitution
2950,2951,ts_101_2_A-E-8,19,C6H9BrO3,"1,6,8,35",0,99,5,104,A-E-8,Addition
2951,2952,ts_101_2_A-E-17,16,C4H5ClN2O4,"1,6,7,8,17",0,94,5,99,A-E-17,Addition
2952,2953,ts_101_2_A-E-26,26,C10H10ClNO3S,"1,6,7,8,16,17",0,96,5,101,A-E-26,Addition
2953,2954,ts_101_2_NO2-A-6-a,21,C4H8N2O6S,"1,6,7,8,16",0,93,5,98,NO2-A-6-a,Substitution
2954,2955,ts_101_2_R-B-3,15,C6H6N2O,"1,6,7,8",1,89,5,94,R-B-3,Cyclization
2955,2956,ts_101_2_R-B-10,16,C5H8ClFO,"1,6,8,9,17",0,99,5,104,R-B-10,Cyclization
2956,2957,ts_101_2_S-D-10,20,C4H8ClNO5S,"1,6,7,8,16,17",0,99,5,104,S-D-10,Substitution
2957,2958,ts_101_3_S-C-10,36,C15H16O4S,"1,6,8,16",0,79,2,81,S-C-10,Substitution
2958,2959,ts_102_1_A-E-6,27,C8H13NO5,"1,6,7,8",1,96,5,101,A-E-6,Addition
2959,2960,ts_102_1_A-E-16,21,C6H9ClO4S,"1,6,8,16,17",0,95,5,100,A-E-16,Addition
2960,2961,ts_102_1_A-E-17,14,C4H5Cl2NO2,"1,6,7,8,17",0,94,5,99,A-E-17,Addition
2961,2962,ts_102_1_A-E-20,13,C4H6BrClO,"1,6,8,17,35",0,96,5,101,A-E-20,Addition
2962,2963,ts_102_1_A-F-1,17,C5H6Cl2O3S,"1,6,8,16,17",0,98,5,103,A-F-1,Addition
2963,2964,ts_102_1_A-F-2,17,C5H6BrClO3S,"1,6,8,16,17,35",0,99,5,104,A-F-2,Addition
2964,2965,ts_102_1_A-I-2,34,C16H15NO2,"1,6,7,8",1,76,2,78,A-I-2,Addition
2965,2966,ts_102_1_A-I-3,13,C3H5BrN2O2,"1,6,7,8,35",0,94,5,99,A-I-3,Addition
2966,2967,ts_102_1_E-2-a,11,C3H4ClNO2,"1,6,7,8,17",0,95,5,100,E-2-a,Addition
2967,2968,ts_102_1_NO2-A-1-c,20,C5H8ClNO5,"1,6,7,8,17",0,94,5,99,NO2-A-1-c,Addition
2968,2969,ts_102_1_NO2-A-1-d,20,C5H8ClNO5,"1,6,7,8,17",0,91,5,96,NO2-A-1-d,Addition
2969,2970,ts_102_1_NO2-A-6-a,19,C4H8ClNO4S,"1,6,7,8,16,17",0,100,5,105,NO2-A-6-a,Substitution
2970,2971,ts_102_1_NO2-A-7-d,26,C9H10ClNO4S,"1,6,7,8,16,17",0,96,5,101,NO2-A-7-d,Addition
2971,2972,ts_102_1_NO2-A-8-d,20,C4H8ClNO5S,"1,6,7,8,16,17",0,98,5,103,NO2-A-8-d,Addition
2972,2973,ts_102_1_NO2-A-9-b,14,C3H5ClN2O3,"1,6,7,8,17",0,97,5,102,NO2-A-9-b,Rearrangement
2973,2974,ts_102_1_NO2-A-9-e,17,C3H7ClN2O4,"1,6,7,8,17",0,100,5,105,NO2-A-9-e,Addition
2974,2975,ts_102_1_NO2-A-10-b,10,C2H3ClN2O2,"1,6,7,8,17",0,97,5,102,NO2-A-10-b,Rearrangement
2975,2976,ts_102_1_NO2-A-10-c,13,C2H5BrN2O3,"1,6,7,8,35",0,100,5,105,NO2-A-10-c,Addition
2976,2977,ts_102_1_NO2-B-8-e,22,C5H10ClNO4S,"1,6,7,8,16,17",0,98,5,103,NO2-B-8-e,Addition
2977,2978,ts_102_1_NO2-C-3-e,25,C10H10ClNO3,"1,6,7,8,17",0,98,5,103,NO2-C-3-e,Addition
2978,2979,ts_102_1_NO2-C-12-e,24,C10H9ClN2O2,"1,6,7,8,17",0,97,5,102,NO2-C-12-e,Addition
2979,2980,ts_102_1_R-B-7,17,C6H8N2O,"1,6,7,8",1,96,5,101,R-B-7,Cyclization
2980,2981,ts_102_1_RR-A-2-a,23,C10H9NO3,"1,6,7,8",1,93,5,98,RR-A-2-a,Rearrangement
2981,2982,ts_102_1_RR-A-13-a,28,C12H13ClO2,"1,6,8,17",0,100,5,105,RR-A-13-a,Rearrangement
2982,2983,ts_102_1_RR-B-1-b,16,C5H7ClO3,"1,6,8,17",0,96,5,101,RR-B-1-b,Rearrangement
2983,2984,ts_102_1_RR-B-5-a,14,C4H5Cl2NO2,"1,6,7,8,17",0,98,5,103,RR-B-5-a,Rearrangement
2984,2985,ts_102_1_RR-B-6-b,14,C3H4N2O5,"1,6,7,8",1,95,5,100,RR-B-6-b,Rearrangement
2985,2986,ts_102_1_S-A-4,21,C4H11N3O3,"1,6,7,8",1,100,5,105,S-A-4,Substitution
2986,2987,ts_102_1_S-A-11,21,C5H10O6,"1,6,8",1,97,5,102,S-A-11,Substitution
2987,2988,ts_102_1_S-C-4,30,C10H16N2O2,"1,6,7,8",1,100,5,105,S-C-4,Substitution
2988,2989,ts_102_1_S-C-5,22,C7H8N2O5,"1,6,7,8",1,98,5,103,S-C-5,Substitution
2989,2990,ts_102_2_R-A-7,26,C6H16N2O2,"1,6,7,8",1,100,5,105,R-A-7,Cyclization
2990,2991,ts_102_2_S-C-7,29,C10H13ClO4S,"1,6,8,16,17",0,99,5,104,S-C-7,Substitution
2991,2992,ts_102_3_S-C-7,29,C10H13ClO4S,"1,6,8,16,17",0,98,5,103,S-C-7,Substitution
2992,2993,ts_102_3_S-C-10,39,C16H18O4S,"1,6,8,16",0,79,2,81,S-C-10,Substitution
2993,2994,ts_103_1_A-E-9,25,C11H11ClO2,"1,6,8,17",0,99,5,104,A-E-9,Addition
2994,2995,ts_103_1_A-I-2,37,C17H17NO2,"1,6,7,8",1,78,2,80,A-I-2,Addition
2995,2996,ts_103_1_A-I-4,13,C3H5BrN2OS,"1,6,7,8,16,35",0,98,5,103,A-I-4,Addition
2996,2997,ts_103_1_A-I-6,43,C20H17N3O2S,"1,6,7,8,16",0,79,2,81,A-I-6,Addition
2997,2998,ts_103_1_NO2-A-1-c,20,C5H8ClNO5,"1,6,7,8,17",0,99,5,104,NO2-A-1-c,Addition
2998,2999,ts_103_1_NO2-A-2-a,27,C10H10ClNO5,"1,6,7,8,17",0,96,5,101,NO2-A-2-a,Substitution
2999,3000,ts_103_1_NO2-A-2-b,19,C8H6BrNO3,"1,6,7,8,35",0,98,5,103,NO2-A-2-b,Rearrangement
3000,3001,ts_103_1_NO2-A-5-e,22,C5H11ClN2O3,"1,6,7,8,17",0,96,5,101,NO2-A-5-e,Addition
3001,3002,ts_103_1_NO2-A-6-a,19,C4H8ClNO4S,"1,6,7,8,16,17",0,98,5,103,NO2-A-6-a,Substitution
3002,3003,ts_103_1_NO2-A-6-e,19,C4H8ClNO4S,"1,6,7,8,16,17",0,100,5,105,NO2-A-6-e,Addition
3003,3004,ts_103_1_NO2-A-8-e,20,C4H8ClNO5S,"1,6,7,8,16,17",0,99,5,104,NO2-A-8-e,Addition
3004,3005,ts_103_1_NO2-A-10-b,10,C2H3ClN2O2,"1,6,7,8,17",0,97,5,102,NO2-A-10-b,Rearrangement
3005,3006,ts_103_1_NO2-A-11-e,23,C8H9ClN2O3,"1,6,7,8,17",0,98,5,103,NO2-A-11-e,Addition
3006,3007,ts_103_1_NO2-A-12-d,15,C4H5ClN2O3,"1,6,7,8,17",0,89,5,94,NO2-A-12-d,Addition
3007,3008,ts_103_1_NO2-B-2-d,32,C11H15NO5,"1,6,7,8",1,100,5,105,NO2-B-2-d,Addition
3008,3009,ts_103_1_R-A-4,29,C9H16ClNO2,"1,6,7,8,17",0,94,5,99,R-A-4,Cyclization
3009,3010,ts_103_1_R-A-7,25,C6H15NO3,"1,6,7,8",1,100,5,105,R-A-7,Cyclization
3010,3011,ts_103_1_R-A-8,34,C10H19NO4,"1,6,7,8",1,98,5,103,R-A-8,Cyclization
3011,3012,ts_103_1_R-B-10,16,C5H8F2O,"1,6,8,9",0,100,5,105,R-B-10,Cyclization
3012,3013,ts_103_1_RR-A-1,15,C5H7ClO2,"1,6,8,17",0,98,5,103,RR-A-1,Rearrangement
3013,3014,ts_103_1_RR-A-18,28,C12H13ClO2,"1,6,8,17",0,99,5,104,RR-A-18,Rearrangement
3014,3015,ts_103_1_RR-B-7-b,17,C4H8ClNO3,"1,6,7,8,17",0,97,5,102,RR-B-7-b,Rearrangement
3015,3016,ts_103_1_S-A-8,28,C7H14ClNO5,"1,6,7,8,17",0,99,5,104,S-A-8,Substitution
3016,3017,ts_103_1_S-A-9,30,C8H16ClNO4,"1,6,7,8,17",0,93,5,98,S-A-9,Substitution
3017,3018,ts_103_1_S-A-13,33,C11H16N2O4,"1,6,7,8",1,79,3,82,S-A-13,Substitution
3018,3019,ts_103_1_S-A-21,9,C2H3BrClFO,"1,6,8,9,17,35",0,96,5,101,S-A-21,Substitution
3019,3020,ts_103_1_S-B-4-b,19,C8H7Br3O,"1,6,8,35",0,100,5,105,S-B-4-b,Rearrangement
3020,3021,ts_103_1_S-B-7,15,C3H6BrNO4,"1,6,7,8,35",0,96,5,101,S-B-7,Substitution
3021,3022,ts_103_1_S-C-3,21,C8H8N2O3,"1,6,7,8",1,89,5,94,S-C-3,Substitution
3022,3023,ts_103_1_S-C-5,28,C9H14N2O3,"1,6,7,8",1,100,5,105,S-C-5,Substitution
3023,3024,ts_103_1_S-C-11,25,C10H12Cl2O,"1,6,8,17",0,96,5,101,S-C-11,Substitution
3024,3025,ts_103_1_S-D-16,34,C13H13BrN2O4S,"1,6,7,8,16,35",0,76,3,79,S-D-16,Substitution
3025,3026,ts_103_1_S-G-5,23,C4H11N3O4S,"1,6,7,8,16",0,95,5,100,S-G-5,Substitution
3026,3027,ts_103_1_S-H-2,17,C2H2Cl7O4PS,"1,6,8,15,16,17",0,96,5,101,S-H-2,Substitution
3027,3028,ts_103_2_A-E-22,19,C5H8BrClO3S,"1,6,8,16,17,35",0,99,5,104,A-E-22,Addition
3028,3029,ts_103_2_A-F-1,17,C5H6Cl2O3S,"1,6,8,16,17",0,95,5,100,A-F-1,Addition
3029,3030,ts_103_2_R-A-7,25,C6H15NO3,"1,6,7,8",1,100,5,105,R-A-7,Cyclization
3030,3031,ts_103_2_S-A-13,33,C11H16N2O4,"1,6,7,8",1,79,3,82,S-A-13,Substitution
3031,3032,ts_103_2_S-C-7,29,C10H13ClO4S,"1,6,8,16,17",0,98,5,103,S-C-7,Substitution
3032,3033,ts_103_3_A-I-1,30,C12H15NO2,"1,6,7,8",1,97,5,102,A-I-1,Addition
3033,3034,ts_104_1_A-E-6,24,C7H12FNO3,"1,6,7,8,9",0,97,5,102,A-E-6,Addition
3034,3035,ts_104_1_A-E-9,20,C9H9BrO,"1,6,8,35",0,99,5,104,A-E-9,Addition
3035,3036,ts_104_1_A-E-20,8,C2H4Br2,"1,6,35",0,100,5,105,A-E-20,Addition
3036,3037,ts_104_1_A-F-2,12,C3H4Br2O2S,"1,6,8,16,35",0,95,5,100,A-F-2,Addition
3037,3038,ts_104_1_A-I-3,8,CH3ClN2O,"1,6,7,8,17",0,97,5,102,A-I-3,Addition
3038,3039,ts_104_1_A-I-5,46,C21H21N3O,"1,6,7,8",1,79,3,82,A-I-5,Addition
3039,3040,ts_104_1_E-2-a,6,CH2BrNO,"1,6,7,8,35",0,98,5,103,E-2-a,Addition
3040,3041,ts_104_1_NO2-A-1-a,15,C3H6BrNO4,"1,6,7,8,35",0,99,5,104,NO2-A-1-a,Substitution
3041,3042,ts_104_1_NO2-A-4-b,18,C8H6BrNO2,"1,6,7,8,35",0,98,5,103,NO2-A-4-b,Rearrangement
3042,3043,ts_104_1_NO2-A-5-d,27,C6H15N3O3,"1,6,7,8",1,98,5,103,NO2-A-5-d,Addition
3043,3044,ts_104_1_NO2-A-5-e,22,C5H11BrN2O3,"1,6,7,8,35",0,99,5,104,NO2-A-5-e,Addition
3044,3045,ts_104_1_NO2-A-6-c,14,C2H6BrNO3S,"1,6,7,8,16,35",0,99,5,104,NO2-A-6-c,Addition
3045,3046,ts_104_1_NO2-A-7-e,21,C7H8BrNO3S,"1,6,7,8,16,35",0,99,5,104,NO2-A-7-e,Addition
3046,3047,ts_104_1_NO2-A-9-e,12,CH5BrN2O3,"1,6,7,8,35",0,100,5,105,NO2-A-9-e,Addition
3047,3048,ts_104_1_NO2-A-10-d,8,BrH3N2O2,"1,7,8,35",0,100,5,105,NO2-A-10-d,Addition
3048,3049,ts_104_1_NO2-A-12-d,10,C2H3BrN2O2,"1,6,7,8,35",0,92,5,97,NO2-A-12-d,Addition
3049,3050,ts_104_1_R-A-5,21,C6H11FO3,"1,6,8,9",0,98,5,103,R-A-5,Cyclization
3050,3051,ts_104_1_R-B-13,23,C9H13Cl,"1,6,17",0,99,5,104,R-B-13,Cyclization
3051,3052,ts_104_1_RR-A-13-a,23,C10H11BrO,"1,6,8,35",0,100,5,105,RR-A-13-a,Rearrangement
3052,3053,ts_104_1_RR-A-18,23,C10H11BrO,"1,6,8,35",0,100,5,105,RR-A-18,Rearrangement
3053,3054,ts_104_1_RR-B-4-b,16,C5H4N4O3,"1,6,7,8",1,87,5,92,RR-B-4-b,Rearrangement
3054,3055,ts_104_1_S-A-1,24,C6H12O6,"1,6,8",1,95,5,100,S-A-1,Substitution
3055,3056,ts_104_1_S-A-14,20,C5H9ClO4S,"1,6,8,16,17",0,96,5,101,S-A-14,Substitution
3056,3057,ts_104_1_S-B-7,20,C5H8BrNO5,"1,6,7,8,35",0,95,5,100,S-B-7,Substitution
3057,3058,ts_104_1_S-B-9,24,C6H11BrN2O4,"1,6,7,8,35",0,96,5,101,S-B-9,Substitution
3058,3059,ts_104_1_S-D-15,28,C9H10BrNO6S,"1,6,7,8,16,35",0,77,3,80,S-D-15,Substitution
3059,3060,ts_105_1_A-A-2,20,C7H8FNO3,"1,6,7,8,9",0,100,5,105,A-A-2,Addition
3060,3061,ts_105_1_A-E-11,17,C5H8BrNO2,"1,6,7,8,35",0,99,5,104,A-E-11,Addition
3061,3062,ts_105_1_A-E-26,24,C10H10BrClOS,"1,6,8,16,17,35",0,99,5,104,A-E-26,Addition
3062,3063,ts_105_1_E-2-b,14,C3H6N2O3,"1,6,7,8",1,96,5,101,E-2-b,Addition
3063,3064,ts_105_1_NO2-A-4-d,26,C10H10BrNO4,"1,6,7,8,35",0,97,5,102,NO2-A-4-d,Addition
3064,3065,ts_105_1_NO2-A-5-d,20,C4H9BrN2O4,"1,6,7,8,35",0,100,5,105,NO2-A-5-d,Addition
3065,3066,ts_105_1_NO2-A-7-b,23,C9H8BrNO3S,"1,6,7,8,16,35",0,99,5,104,NO2-A-7-b,Rearrangement
3066,3067,ts_105_1_NO2-A-7-d,26,C9H10BrNO4S,"1,6,7,8,16,35",0,99,5,104,NO2-A-7-d,Addition
3067,3068,ts_105_1_NO2-A-9-b,14,C3H5BrN2O3,"1,6,7,8,35",0,98,5,103,NO2-A-9-b,Rearrangement
3068,3069,ts_105_1_NO2-A-10-c,9,CH3N3O2,"1,6,7,8",1,93,5,98,NO2-A-10-c,Addition
3069,3070,ts_105_1_NO2-A-11-b,20,C8H7BrN2O2,"1,6,7,8,35",0,96,5,101,NO2-A-11-b,Rearrangement
3070,3071,ts_105_1_NO2-A-12-d,15,C4H5BrN2O3,"1,6,7,8,35",0,90,5,95,NO2-A-12-d,Addition
3071,3072,ts_105_1_NO2-B-3-e,18,C5H8BrNO3,"1,6,7,8,35",0,98,5,103,NO2-B-3-e,Addition
3072,3073,ts_105_1_NO2-B-8-d,22,C5H10BrNO4S,"1,6,7,8,16,35",0,99,5,104,NO2-B-8-d,Addition
3073,3074,ts_105_1_NO2-B-8-e,22,C5H10BrNO4S,"1,6,7,8,16,35",0,96,5,101,NO2-B-8-e,Addition
3074,3075,ts_105_1_NO2-C-12-e,24,C10H9BrN2O2,"1,6,7,8,35",0,90,5,95,NO2-C-12-e,Addition
3075,3076,ts_105_1_R-A-2,17,C5H8BrClO2,"1,6,8,17,35",0,96,5,101,R-A-2,Cyclization
3076,3077,ts_105_1_R-A-10,14,C4H6BrFO2,"1,6,8,9,35",0,99,5,104,R-A-10,Cyclization
3077,3078,ts_105_1_R-B-13,23,C9H13Br,"1,6,35",0,100,5,105,R-B-13,Cyclization
3078,3079,ts_105_1_R-B-15-a,19,C6H8BrClO3,"1,6,8,17,35",0,96,5,101,R-B-15-a,Rearrangement
3079,3080,ts_105_1_RR-A-6,22,C10H9BrO2,"1,6,8,35",0,96,5,101,RR-A-6,Rearrangement
3080,3081,ts_105_1_RR-A-9-a,28,C12H13BrO2,"1,6,8,35",0,98,5,103,RR-A-9-a,Rearrangement
3081,3082,ts_105_1_RR-A-12,44,C22H17NO4,"1,6,7,8",1,78,3,81,RR-A-12,Rearrangement
3082,3083,ts_105_1_RR-A-13-c,28,C12H13BrO2,"1,6,8,35",0,100,5,105,RR-A-13-c,Rearrangement
3083,3084,ts_105_1_RR-B-7-a,17,C4H8BrNO3,"1,6,7,8,35",0,97,5,102,RR-B-7-a,Rearrangement
3084,3085,ts_105_1_S-A-4,19,C4H8N2O5,"1,6,7,8",1,96,5,101,S-A-4,Substitution
3085,3086,ts_105_1_S-A-8,27,C7H13ClO6,"1,6,8,17",0,98,5,103,S-A-8,Substitution
3086,3087,ts_105_1_S-A-15,32,C11H15NO5,"1,6,7,8",1,97,5,102,S-A-15,Substitution
3087,3088,ts_105_1_S-B-11,27,C10H10BrNO5,"1,6,7,8,35",0,97,5,102,S-B-11,Substitution
3088,3089,ts_105_1_S-B-13,38,C16H15BrN2O4,"1,6,7,8,35",0,80,3,83,S-B-13,Substitution
3089,3090,ts_105_1_S-D-9,19,C4H8BrNO4S,"1,6,7,8,16,35",0,95,5,100,S-D-9,Substitution
3090,3091,ts_105_1_S-D-12,25,C5H11BrN2O5S,"1,6,7,8,16,35",0,99,5,104,S-D-12,Substitution
3091,3092,ts_105_1_S-D-16,39,C15H15BrN2O5S,"1,6,7,8,16,35",0,76,3,79,S-D-16,Substitution
3092,3093,ts_105_1_S-F-3,16,C2H6ClFN2O3S,"1,6,7,8,9,16,17",0,99,5,104,S-F-3,Substitution
3093,3094,ts_105_2_A-F-1,17,C5H6BrClO3S,"1,6,8,16,17,35",0,96,5,101,A-F-1,Addition
3094,3095,ts_105_2_R-A-6,20,C5H11NO3,"1,6,7,8",1,100,5,105,R-A-6,Cyclization
3095,3096,ts_105_2_S-C-10,38,C15H18O4S,"1,6,8,16",0,80,3,83,S-C-10,Substitution
3096,3097,ts_105_3_A-I-2,37,C17H17NO2,"1,6,7,8",1,78,3,81,A-I-2,Addition
3097,3098,ts_105_3_S-C-11,24,C9H12Cl2O,"1,6,8,17",0,100,5,105,S-C-11,Substitution
3098,3099,ts_106_1_A-E-14,21,C5H10Cl2O3S,"1,6,8,16,17",0,100,5,105,A-E-14,Addition
3099,3100,ts_106_1_A-E-19,26,C11H11BrO3,"1,6,8,35",0,96,5,101,A-E-19,Addition
3100,3101,ts_106_1_A-H-1,14,C4H6BrNO2,"1,6,7,8,35",0,99,5,104,A-H-1,Addition
3101,3102,ts_106_1_NO2-A-6-c,19,C4H8BrNO4S,"1,6,7,8,16,35",0,97,5,102,NO2-A-6-c,Addition
3102,3103,ts_106_1_NO2-A-9-d,17,C3H7BrN2O4,"1,6,7,8,35",0,96,5,101,NO2-A-9-d,Addition
3103,3104,ts_106_1_NO2-A-9-e,17,C3H7BrN2O4,"1,6,7,8,35",0,99,5,104,NO2-A-9-e,Addition
3104,3105,ts_106_1_NO2-B-2-e,24,C9H10ClNO3,"1,6,7,8,17",0,99,5,104,NO2-B-2-e,Addition
3105,3106,ts_106_1_NO2-B-7-e,23,C8H10ClNO2S,"1,6,7,8,16,17",0,99,5,104,NO2-B-7-e,Addition
3106,3107,ts_106_1_NO2-B-11-b,22,C9H9BrN2O,"1,6,7,8,35",0,98,5,103,NO2-B-11-b,Addition
3107,3108,ts_106_1_NO2-B-11-e,20,C7H9ClN2O,"1,6,7,8,17",0,100,5,105,NO2-B-11-e,Addition
3108,3109,ts_106_1_NO2-C-3-e,20,C8H8ClNO2,"1,6,7,8,17",0,97,5,102,NO2-C-3-e,Addition
3109,3110,ts_106_1_R-A-2,17,C5H8BrClO2,"1,6,8,17,35",0,99,5,104,R-A-2,Cyclization
3110,3111,ts_106_1_R-B-3,19,C7H9N3,"1,6,7",1,92,5,97,R-B-3,Cyclization
3111,3112,ts_106_1_RR-A-1,15,C5H7BrO2,"1,6,8,35",0,99,5,104,RR-A-1,Rearrangement
3112,3113,ts_106_1_RR-A-6,22,C10H9BrO2,"1,6,8,35",0,98,5,103,RR-A-6,Rearrangement
3113,3114,ts_106_1_RR-B-8-b,24,C9H10BrNO3,"1,6,7,8,35",0,97,5,102,RR-B-8-b,Rearrangement
3114,3115,ts_106_1_S-A-14,19,C5H7ClO5S,"1,6,8,16,17",0,94,5,99,S-A-14,Substitution
3115,3116,ts_106_1_S-A-15,30,C11H14N2O3,"1,6,7,8",1,91,5,96,S-A-15,Substitution
3116,3117,ts_106_1_S-A-18,20,C5H8ClNO5,"1,6,7,8,17",0,95,5,100,S-A-18,Substitution
3117,3118,ts_106_1_S-B-3-a,13,C3H7NO2,"1,6,7,8",1,100,5,105,S-B-3-a,Rearrangement
3118,3119,ts_106_1_S-B-4-a,22,C9H11NO,"1,6,7,8",1,100,5,105,S-B-4-a,Rearrangement
3119,3120,ts_106_1_S-D-15,23,C7H8ClNO5S,"1,6,7,8,16,17",0,99,5,104,S-D-15,Substitution
3120,3121,ts_106_1_S-G-2,15,C2H4Cl2O6S,"1,6,8,16,17",0,99,5,104,S-G-2,Substitution
3121,3122,ts_106_1_S-G-5,19,C2H10N2O4S,"1,6,7,8,16",0,100,5,105,S-G-5,Substitution
3122,3123,ts_106_1_S-H-2,17,C2H2BrCl6O4PS,"1,6,8,15,16,17,35",0,92,5,97,S-H-2,Substitution
3123,3124,ts_106_2_A-D-1,17,C4H9NO3,"1,6,7,8",1,98,5,103,A-D-1,Addition
3124,3125,ts_106_2_A-E-2,20,C5H12O3,"1,6,8",1,99,5,104,A-E-2,Addition
3125,3126,ts_106_2_A-E-9,25,C11H11BrO2,"1,6,8,35",0,96,5,101,A-E-9,Addition
3126,3127,ts_106_2_A-E-10,19,C6H9BrO3,"1,6,8,35",0,98,5,103,A-E-10,Addition
3127,3128,ts_106_2_A-E-24,19,C5H10BrClOS,"1,6,8,16,17,35",0,100,5,105,A-E-24,Addition
3128,3129,ts_106_2_R-B-7,17,C7H7NO2,"1,6,7,8",1,91,5,96,R-B-7,Cyclization
3129,3130,ts_106_2_R-B-10,19,C6H9FO3,"1,6,8,9",0,97,5,102,R-B-10,Cyclization
3130,3131,ts_106_2_S-A-4,19,C4H8N2O5,"1,6,7,8",1,98,5,103,S-A-4,Substitution
3131,3132,ts_106_3_A-I-2,36,C16H17NO2,"1,6,7,8",1,78,3,81,A-I-2,Addition
3132,3133,ts_106_3_S-A-13,31,C11H13NO6,"1,6,7,8",1,80,3,83,S-A-13,Substitution
3133,3134,ts_106_3_S-C-13,41,C17H21NO2,"1,6,7,8",1,80,3,83,S-C-13,Substitution
3134,3135,ts_107_1_A-E-14,23,C5H10ClNO5S,"1,6,7,8,16,17",0,97,5,102,A-E-14,Addition
3135,3136,ts_107_1_A-E-20,8,C2H4BrCl,"1,6,17,35",0,100,5,105,A-E-20,Addition
3136,3137,ts_107_1_A-F-1,12,C3H4Cl2O2S,"1,6,8,16,17",0,100,5,105,A-F-1,Addition
3137,3138,ts_107_1_E-2-a,6,CH2ClNO,"1,6,7,8,17",0,99,5,104,E-2-a,Addition
3138,3139,ts_107_1_NO2-A-1-c,15,C3H6ClNO4,"1,6,7,8,17",0,98,5,103,NO2-A-1-c,Addition
3139,3140,ts_107_1_NO2-A-2-c,22,C8H8ClNO4,"1,6,7,8,17",0,98,5,103,NO2-A-2-c,Addition
3140,3141,ts_107_1_NO2-A-7-b,18,C7H6ClNO2S,"1,6,7,8,16,17",0,100,5,105,NO2-A-7-b,Rearrangement
3141,3142,ts_107_1_NO2-A-8-c,15,C2H6ClNO4S,"1,6,7,8,16,17",0,100,5,105,NO2-A-8-c,Addition
3142,3143,ts_107_1_NO2-A-12-e,10,C2H3ClN2O2,"1,6,7,8,17",0,92,5,97,NO2-A-12-e,Addition
3143,3144,ts_107_1_NO2-B-2-e,25,C10H10N2O3,"1,6,7,8",1,92,5,97,NO2-B-2-e,Addition
3144,3145,ts_107_1_NO2-C-2-e,32,C15H12N2O3,"1,6,7,8",1,76,3,79,NO2-C-2-e,Addition
3145,3146,ts_107_1_R-B-13,25,C9H15N,"1,6,7",1,100,5,105,R-B-13,Cyclization
3146,3147,ts_107_1_RR-A-3-b,29,C14H12O3,"1,6,8",1,99,5,104,RR-A-3-b,Rearrangement
3147,3148,ts_107_1_RR-B-8-b,19,C7H8ClNO2,"1,6,7,8,17",0,99,5,104,RR-B-8-b,Rearrangement
3148,3149,ts_107_1_S-A-15,30,C10H15NO4,"1,6,7,8",1,96,5,101,S-A-15,Substitution
3149,3150,ts_107_1_S-A-18,24,C6H11ClN2O4,"1,6,7,8,17",0,93,5,98,S-A-18,Substitution
3150,3151,ts_107_1_S-D-2,11,CH4ClNO4,"1,6,7,8,17",0,98,5,103,S-D-2,Substitution
3151,3152,ts_107_1_S-D-11,17,C3H6N2O5S,"1,6,7,8,16",0,91,5,96,S-D-11,Substitution
3152,3153,ts_107_1_S-G-5,23,C3H12N2O5S,"1,6,7,8,16",0,100,5,105,S-G-5,Substitution
3153,3154,ts_107_2_A-E-4,9,C2H5ClS,"1,6,16,17",0,100,5,105,A-E-4,Addition
3154,3155,ts_107_2_A-E-8,22,C6H11NO4,"1,6,7,8",1,98,5,103,A-E-8,Addition
3155,3156,ts_107_2_A-E-19,21,C9H9ClO2,"1,6,8,17",0,98,5,103,A-E-19,Addition
3156,3157,ts_107_2_A-I-2,36,C16H17NO2,"1,6,7,8",1,79,3,82,A-I-2,Addition
3157,3158,ts_107_2_S-F-2,19,C3H8Cl2N2O3S,"1,6,7,8,16,17",0,99,5,104,S-F-2,Substitution
3158,3159,ts_108_1_A-E-25,22,C9H8ClNO2S,"1,6,7,8,16,17",0,90,5,95,A-E-25,Addition
3159,3160,ts_108_1_A-E-26,20,C9H8ClNS,"1,6,7,16,17",0,95,5,100,A-E-26,Addition
3160,3161,ts_108_1_A-I-1,29,C11H15NO2,"1,6,7,8",1,94,5,99,A-I-1,Addition
3161,3162,ts_108_1_A-I-3,18,C4H9N3O2,"1,6,7,8",1,97,5,102,A-I-3,Addition
3162,3163,ts_108_1_NO2-A-1-e,16,C4H6N2O4,"1,6,7,8",1,88,5,93,NO2-A-1-e,Addition
3163,3164,ts_108_1_NO2-A-4-a,22,C9H8N2O3,"1,6,7,8",1,84,5,89,NO2-A-4-a,Substitution
3164,3165,ts_108_1_NO2-A-5-c,20,C5H9N3O3,"1,6,7,8",1,94,5,99,NO2-A-5-c,Addition
3165,3166,ts_108_1_NO2-A-5-d,25,C5H13N3O4,"1,6,7,8",1,96,5,101,NO2-A-5-d,Addition
3166,3167,ts_108_1_NO2-A-7-d,22,C8H8N2O3S,"1,6,7,8,16",0,96,5,101,NO2-A-7-d,Addition
3167,3168,ts_108_1_NO2-A-9-b,10,C2H3N3O2,"1,6,7,8",1,91,5,96,NO2-A-9-b,Rearrangement
3168,3169,ts_108_1_NO2-A-10-c,18,C3H9N3O3,"1,6,7,8",1,100,5,105,NO2-A-10-c,Addition
3169,3170,ts_108_1_NO2-A-10-d,9,CH3N3O2,"1,6,7,8",1,91,5,96,NO2-A-10-d,Addition
3170,3171,ts_108_1_NO2-B-2-e,29,C11H12FNO4,"1,6,7,8,9",0,95,5,100,NO2-B-2-e,Addition
3171,3172,ts_108_1_NO2-B-3-e,18,C5H8FNO3,"1,6,7,8,9",0,98,5,103,NO2-B-3-e,Addition
3172,3173,ts_108_1_NO2-B-11-b,18,C8H7N3,"1,6,7",1,94,5,99,NO2-B-11-b,Addition
3173,3174,ts_108_1_NO2-C-2-e,36,C16H14FNO4,"1,6,7,8,9",0,75,3,78,NO2-C-2-e,Addition
3174,3175,ts_108_1_RR-A-10,24,C9H13NO,"1,6,7,8",1,96,5,101,RR-A-10,Rearrangement
3175,3176,ts_108_1_RR-A-18,24,C11H11NO,"1,6,7,8",1,94,5,99,RR-A-18,Rearrangement
3176,3177,ts_108_1_RR-B-7-b,13,C3H6N2O2,"1,6,7,8",1,94,5,99,RR-B-7-b,Rearrangement
3177,3178,ts_108_1_S-A-10,32,C9H17NO5,"1,6,7,8",1,95,5,100,S-A-10,Substitution
3178,3179,ts_108_1_S-A-15,31,C10H14N2O5,"1,6,7,8",1,97,5,102,S-A-15,Substitution
3179,3180,ts_108_1_S-B-3-b,14,C4H5Br2FO2,"1,6,8,9,35",0,100,5,105,S-B-3-b,Rearrangement
3180,3181,ts_108_1_S-C-3,22,C7H8N2O5,"1,6,7,8",1,95,5,100,S-C-3,Substitution
3181,3182,ts_108_1_S-C-4,30,C10H15ClN2O2,"1,6,7,8,17",0,100,5,105,S-C-4,Substitution
3182,3183,ts_108_1_S-C-15,33,C13H16N2O2,"1,6,7,8",1,80,3,83,S-C-15,Substitution
3183,3184,ts_108_1_S-D-13,26,C9H10FNO4S,"1,6,7,8,9,16",0,95,5,100,S-D-13,Substitution
3184,3185,ts_108_1_S-F-1,25,C9H13BrFN,"1,6,7,9,35",0,100,5,105,S-F-1,Substitution
3185,3186,ts_108_1_S-F-2,19,C3H8Cl2N2O3S,"1,6,7,8,16,17",0,100,5,105,S-F-2,Substitution
3186,3187,ts_108_2_A-E-15,11,C3H3Cl2NOS,"1,6,7,8,16,17",0,98,5,103,A-E-15,Addition
3187,3188,ts_108_2_A-I-2,36,C16H17NO2,"1,6,7,8",1,79,3,82,A-I-2,Addition
3188,3189,ts_108_2_R-A-11,10,C3H4BrNO,"1,6,7,8,35",0,91,5,96,R-A-11,Cyclization
3189,3190,ts_108_2_S-C-10,37,C15H16O5S,"1,6,8,16",0,78,3,81,S-C-10,Substitution
3190,3191,ts_109_1_A-E-19,26,C11H11FO3,"1,6,8,9",0,99,5,104,A-E-19,Addition
3191,3192,ts_109_1_A-E-22,19,C5H8BrFO3S,"1,6,8,9,16,35",0,100,5,105,A-E-22,Addition
3192,3193,ts_109_1_A-F-1,17,C5H6ClFO3S,"1,6,8,9,16,17",0,96,5,101,A-F-1,Addition
3193,3194,ts_109_1_E-1,12,C3H4ClNO3,"1,6,7,8,17",0,99,5,104,E-1,Addition
3194,3195,ts_109_1_NO2-A-1-b,17,C5H6FNO4,"1,6,7,8,9",0,99,5,104,NO2-A-1-b,Rearrangement
3195,3196,ts_109_1_NO2-A-2-d,27,C10H10FNO5,"1,6,7,8,9",0,92,5,97,NO2-A-2-d,Addition
3196,3197,ts_109_1_NO2-A-4-d,26,C10H10FNO4,"1,6,7,8,9",0,95,5,100,NO2-A-4-d,Addition
3197,3198,ts_109_1_NO2-A-5-b,21,C6H9FN2O3,"1,6,7,8,9",0,98,5,103,NO2-A-5-b,Rearrangement
3198,3199,ts_109_1_NO2-A-5-e,25,C6H12N2O5,"1,6,7,8",1,100,5,105,NO2-A-5-e,Addition
3199,3200,ts_109_1_NO2-A-6-d,19,C4H8FNO4S,"1,6,7,8,9,16",0,96,5,101,NO2-A-6-d,Addition
3200,3201,ts_109_1_NO2-A-12-d,15,C4H5FN2O3,"1,6,7,8,9",0,90,5,95,NO2-A-12-d,Addition
3201,3202,ts_109_1_NO2-B-3-d,18,C5H8FNO3,"1,6,7,8,9",0,91,5,96,NO2-B-3-d,Addition
3202,3203,ts_109_1_NO2-B-3-e,18,C5H8FNO3,"1,6,7,8,9",0,98,5,103,NO2-B-3-e,Addition
3203,3204,ts_109_1_R-B-3,19,C8H8N2O,"1,6,7,8",1,95,5,100,R-B-3,Cyclization
3204,3205,ts_109_1_RR-A-3-b,28,C14H11ClO2,"1,6,8,17",0,97,5,102,RR-A-3-b,Rearrangement
3205,3206,ts_109_1_RR-B-4-b,15,C4H4ClN3O3,"1,6,7,8,17",0,96,5,101,RR-B-4-b,Rearrangement
3206,3207,ts_109_1_RR-B-6-b,12,C3H4ClNO3,"1,6,7,8,17",0,99,5,104,RR-B-6-b,Rearrangement
3207,3208,ts_109_1_S-A-8,28,C8H13ClO6,"1,6,8,17",0,98,5,103,S-A-8,Substitution
3208,3209,ts_109_1_S-A-12,31,C10H14O7,"1,6,8",1,96,5,101,S-A-12,Substitution
3209,3210,ts_109_1_S-A-13,33,C12H15NO5,"1,6,7,8",1,78,3,81,S-A-13,Substitution
3210,3211,ts_109_1_S-A-15,34,C11H18N2O3,"1,6,7,8",1,98,5,103,S-A-15,Substitution
3211,3212,ts_109_1_S-A-19,22,C5H11BrN2O3,"1,6,7,8,35",0,94,5,99,S-A-19,Substitution
3212,3213,ts_109_1_S-B-9,24,C6H11FN2O4,"1,6,7,8,9",0,96,5,101,S-B-9,Substitution
3213,3214,ts_109_1_S-C-13,40,C17H19NO3,"1,6,7,8",1,77,3,80,S-C-13,Substitution
3214,3215,ts_109_2_A-E-1,13,C4H6ClFO,"1,6,8,9,17",0,98,5,103,A-E-1,Addition
3215,3216,ts_109_2_A-E-4,14,C4H7FOS,"1,6,8,9,16",0,99,5,104,A-E-4,Addition
3216,3217,ts_109_2_A-E-16,20,C6H10ClNOS,"1,6,7,8,16,17",0,95,5,100,A-E-16,Addition
3217,3218,ts_109_2_NO2-B-3-e,18,C5H8FNO3,"1,6,7,8,9",0,97,5,102,NO2-B-3-e,Addition
3218,3219,ts_109_2_R-B-4,17,C6H8N2O,"1,6,7,8",1,96,5,101,R-B-4,Cyclization
3219,3220,ts_109_2_S-B-5-a,13,C4H5FO3,"1,6,8,9",0,95,5,100,S-B-5-a,Rearrangement
3220,3221,ts_109_2_S-F-1,27,C10H14BrNO,"1,6,7,8,35",0,100,5,105,S-F-1,Substitution
3221,3222,ts_109_3_S-C-10,37,C15H16O5S,"1,6,8,16",0,79,3,82,S-C-10,Substitution
3222,3223,ts_110_1_A-D-1,12,C2H6FNO2,"1,6,7,8,9",0,100,5,105,A-D-1,Addition
3223,3224,ts_110_1_A-E-17,14,C4H5ClFNO2,"1,6,7,8,9,17",0,98,5,103,A-E-17,Addition
3224,3225,ts_110_1_A-I-6,41,C20H17FN2S,"1,6,7,9,16",0,80,3,83,A-I-6,Addition
3225,3226,ts_110_1_NO2-A-1-e,20,C5H8FNO5,"1,6,7,8,9",0,96,5,101,NO2-A-1-e,Addition
3226,3227,ts_110_1_NO2-A-6-c,19,C4H8FNO4S,"1,6,7,8,9,16",0,97,5,102,NO2-A-6-c,Addition
3227,3228,ts_110_1_NO2-A-9-a,20,C3H10N2O5,"1,6,7,8",1,98,5,103,NO2-A-9-a,Substitution
3228,3229,ts_110_1_NO2-A-9-d,17,C3H7FN2O4,"1,6,7,8,9",0,95,5,100,NO2-A-9-d,Addition
3229,3230,ts_110_1_NO2-A-10-a,18,C3H9N3O3,"1,6,7,8",1,95,5,100,NO2-A-10-a,Substitution
3230,3231,ts_110_1_NO2-A-11-e,23,C8H9FN2O3,"1,6,7,8,9",0,97,5,102,NO2-A-11-e,Addition
3231,3232,ts_110_1_NO2-B-2-e,34,C12H16N2O4,"1,6,7,8",1,76,3,79,NO2-B-2-e,Addition
3232,3233,ts_110_1_NO2-B-12-d,18,C5H8N2O3,"1,6,7,8",1,88,5,93,NO2-B-12-d,Addition
3233,3234,ts_110_1_NO2-C-3-e,30,C11H14N2O3,"1,6,7,8",1,95,5,100,NO2-C-3-e,Addition
3234,3235,ts_110_1_R-A-1,17,C4H9ClO3,"1,6,8,17",0,100,5,105,R-A-1,Cyclization
3235,3236,ts_110_1_R-B-11,38,C12H22N2O2,"1,6,7,8",1,78,3,81,R-B-11,Cyclization
3236,3237,ts_110_1_R-B-13,26,C10H14O2,"1,6,8",1,97,5,102,R-B-13,Cyclization
3237,3238,ts_110_1_RR-A-9-a,28,C12H13FO2,"1,6,8,9",0,95,5,100,RR-A-9-a,Rearrangement
3238,3239,ts_110_1_RR-B-4-b,15,C4H4ClN3O3,"1,6,7,8,17",0,82,5,87,RR-B-4-b,Rearrangement
3239,3240,ts_110_1_S-A-19,22,C5H11BrN2O3,"1,6,7,8,35",0,95,5,100,S-A-19,Substitution
3240,3241,ts_110_1_S-B-4-a,21,C9H10O2,"1,6,8",1,100,5,105,S-B-4-a,Rearrangement
3241,3242,ts_110_1_S-B-8,21,C5H10N2O4,"1,6,7,8",1,97,5,102,S-B-8,Substitution
3242,3243,ts_110_1_S-D-10,25,C5H12N2O5S,"1,6,7,8,16",0,99,5,104,S-D-10,Substitution
3243,3244,ts_110_2_A-E-17,14,C4H5ClFNO2,"1,6,7,8,9,17",0,96,5,101,A-E-17,Addition
3244,3245,ts_110_2_A-F-3,24,C10H8ClFO3S,"1,6,8,9,16,17",0,97,5,102,A-F-3,Addition
3245,3246,ts_110_2_NO2-A-6-a,19,C4H8FNO4S,"1,6,7,8,9,16",0,98,5,103,NO2-A-6-a,Substitution
3246,3247,ts_110_2_R-B-10,18,C5H8FNO3,"1,6,7,8,9",0,97,5,102,R-B-10,Cyclization
3247,3248,ts_110_2_RR-B-7-a,22,C5H12N2O3,"1,6,7,8",1,98,5,103,RR-B-7-a,Rearrangement
3248,3249,ts_110_2_S-A-4,19,C4H10N2O3,"1,6,7,8",1,98,5,103,S-A-4,Substitution
3249,3250,ts_110_2_S-C-10,37,C15H16O5S,"1,6,8,16",0,78,3,81,S-C-10,Substitution
3250,3251,ts_110_2_S-C-11,23,C9H10Cl2O2,"1,6,8,17",0,99,5,104,S-C-11,Substitution
3251,3252,ts_110_2_S-F-3,16,CH7ClFN3O2S,"1,6,7,8,9,16,17",0,99,5,104,S-F-3,Substitution
3252,3253,ts_110_3_S-C-11,23,C9H10Cl2O2,"1,6,8,17",0,98,5,103,S-C-11,Substitution
3253,3254,ts_111_1_A-E-5,29,C11H15NOS,"1,6,7,8,16",0,94,5,99,A-E-5,Addition
3254,3255,ts_111_1_A-E-15,20,C5H9Cl2NO2S,"1,6,7,8,16,17",0,98,5,103,A-E-15,Addition
3255,3256,ts_111_1_A-I-1,28,C11H13NO3,"1,6,7,8",1,93,5,98,A-I-1,Addition
3256,3257,ts_111_1_E-2-b,12,C3H4BrNO3,"1,6,7,8,35",0,99,5,104,E-2-b,Addition
3257,3258,ts_111_1_NO2-A-1-a,25,C6H12N2O5,"1,6,7,8",1,97,5,102,NO2-A-1-a,Substitution
3258,3259,ts_111_1_NO2-A-6-e,24,C5H12N2O4S,"1,6,7,8,16",0,99,5,104,NO2-A-6-e,Addition
3259,3260,ts_111_1_NO2-A-11-a,24,C8H9ClN2O4,"1,6,7,8,17",0,93,5,98,NO2-A-11-a,Substitution
3260,3261,ts_111_1_NO2-B-3-d,23,C6H12N2O3,"1,6,7,8",1,97,5,102,NO2-B-3-d,Addition
3261,3262,ts_111_1_NO2-B-12-d,18,C5H8N2O3,"1,6,7,8",1,88,5,93,NO2-B-12-d,Addition
3262,3263,ts_111_1_NO2-C-8-e,34,C11H16N2O4S,"1,6,7,8,16",0,80,3,83,NO2-C-8-e,Addition
3263,3264,ts_111_1_R-A-7,23,C5H14N2O2,"1,6,7,8",1,100,5,105,R-A-7,Cyclization
3264,3265,ts_111_1_RR-A-4,22,C7H13NO,"1,6,7,8",1,100,5,105,RR-A-4,Rearrangement
3265,3266,ts_111_1_RR-A-10,33,C11H19NO2,"1,6,7,8",1,100,5,105,RR-A-10,Rearrangement
3266,3267,ts_111_1_RR-A-13-b,33,C13H17NO2,"1,6,7,8",1,100,5,105,RR-A-13-b,Rearrangement
3267,3268,ts_111_1_RR-B-8-a,31,C11H13NO6,"1,6,7,8",1,75,3,78,RR-B-8-a,Rearrangement
3268,3269,ts_111_1_S-A-16,27,C10H12ClNO2S,"1,6,7,8,16,17",0,97,5,102,S-A-16,Substitution
3269,3270,ts_111_1_S-B-5-b,20,C5H9Br2NO3,"1,6,7,8,35",0,96,5,101,S-B-5-b,Addition
3270,3271,ts_111_1_S-C-4,32,C10H17N3O2,"1,6,7,8",1,100,5,105,S-C-4,Substitution
3271,3272,ts_111_1_S-G-1,14,C2H3BrCl2O5S,"1,6,8,16,17,35",0,93,5,98,S-G-1,Substitution
3272,3273,ts_111_2_A-E-9,30,C12H15NO2,"1,6,7,8",1,95,5,100,A-E-9,Addition
3273,3274,ts_111_2_A-I-1,28,C11H13NO3,"1,6,7,8",1,96,5,101,A-I-1,Addition
3274,3275,ts_111_2_NO2-B-3-e,23,C6H12N2O3,"1,6,7,8",1,98,5,103,NO2-B-3-e,Addition
3275,3276,ts_111_2_R-A-11,19,C5H10BrNO2,"1,6,7,8,35",0,99,5,104,R-A-11,Cyclization
3276,3277,ts_111_2_RR-B-7-a,22,C5H12N2O3,"1,6,7,8",1,98,5,103,RR-B-7-a,Rearrangement
3277,3278,ts_111_2_S-F-2,14,CH5Cl2FN2O2S,"1,6,7,8,9,16,17",0,100,5,105,S-F-2,Substitution
3278,3279,ts_111_3_S-B-8,21,C5H10N2O4,"1,6,7,8",1,94,5,99,S-B-8,Substitution
3279,3280,ts_111_3_S-C-10,34,C14H15BrO3S,"1,6,8,16,35",0,80,3,83,S-C-10,Substitution
3280,3281,ts_112_1_A-E-22,24,C6H12BrNO3S,"1,6,7,8,16,35",0,99,5,104,A-E-22,Addition
3281,3282,ts_112_1_A-E-23,20,C5H9Br2NO2S,"1,6,7,8,16,35",0,98,5,103,A-E-23,Addition
3282,3283,ts_112_1_A-I-4,13,C2H6FN3S,"1,6,7,9,16",0,100,5,105,A-I-4,Addition
3283,3284,ts_112_1_NO2-A-3-e,21,C5H10N2O4,"1,6,7,8",1,98,5,103,NO2-A-3-e,Addition
3284,3285,ts_112_1_NO2-A-5-d,22,C5H10N2O5,"1,6,7,8",1,99,5,104,NO2-A-5-d,Addition
3285,3286,ts_112_1_NO2-A-8-b,22,C5H10N2O4S,"1,6,7,8,16",0,95,5,100,NO2-A-8-b,Rearrangement
3286,3287,ts_112_1_NO2-A-10-d,18,C3H9N3O3,"1,6,7,8",1,98,5,103,NO2-A-10-d,Addition
3287,3288,ts_112_1_NO2-A-11-a,24,C8H9ClN2O4,"1,6,7,8,17",0,97,5,102,NO2-A-11-a,Substitution
3288,3289,ts_112_1_NO2-B-8-e,27,C6H14N2O4S,"1,6,7,8,16",0,97,5,102,NO2-B-8-e,Addition
3289,3290,ts_112_1_NO2-B-11-b,27,C10H13N3O,"1,6,7,8",1,99,5,104,NO2-B-11-b,Addition
3290,3291,ts_112_1_NO2-B-12-e,22,C6H11N3O2,"1,6,7,8",1,96,5,101,NO2-B-12-e,Addition
3291,3292,ts_112_1_R-A-7,22,C5H13NO3,"1,6,7,8",1,100,5,105,R-A-7,Cyclization
3292,3293,ts_112_1_R-B-2,17,C7H8N2,"1,6,7",1,92,5,97,R-B-2,Cyclization
3293,3294,ts_112_1_R-B-13,26,C9H15NO,"1,6,7,8",1,100,5,105,R-B-13,Cyclization
3294,3295,ts_112_1_RR-A-2-b,24,C10H9ClO4,"1,6,8,17",0,98,5,103,RR-A-2-b,Rearrangement
3295,3296,ts_112_1_S-A-14,16,C4H6Cl2O3S,"1,6,8,16,17",0,96,5,101,S-A-14,Substitution
3296,3297,ts_112_1_S-C-2-aa,22,C8H7ClN2O4,"1,6,7,8,17",0,97,5,102,S-C-2-aa,Substitution
3297,3298,ts_112_1_S-C-4,32,C10H17N3O2,"1,6,7,8",1,100,5,105,S-C-4,Substitution
3298,3299,ts_112_1_S-C-5,25,C8H10N2O5,"1,6,7,8",1,97,5,102,S-C-5,Substitution
3299,3300,ts_112_1_S-D-9,24,C5H12N2O4S,"1,6,7,8,16",0,97,5,102,S-D-9,Substitution
3300,3301,ts_112_1_S-G-6,24,C4H11NO7S,"1,6,7,8,16",0,95,5,100,S-G-6,Substitution
3301,3302,ts_112_2_A-E-11,22,C6H12N2O2,"1,6,7,8",1,95,5,100,A-E-11,Addition
3302,3303,ts_112_2_A-E-23,20,C5H9Br2NO2S,"1,6,7,8,16,35",0,97,5,102,A-E-23,Addition
3303,3304,ts_112_2_A-I-1,25,C10H12BrNO,"1,6,7,8,35",0,95,5,100,A-I-1,Addition
3304,3305,ts_112_2_R-A-11,19,C5H10BrNO2,"1,6,7,8,35",0,97,5,102,R-A-11,Cyclization
3305,3306,ts_112_3_S-A-13,28,C10H12ClNO4,"1,6,7,8,17",0,98,5,103,S-A-13,Substitution
3306,3307,ts_113_1_A-A-2,22,C7H8N2O5,"1,6,7,8",1,93,5,98,A-A-2,Addition
3307,3308,ts_113_1_A-E-14,26,C7H13ClO4S,"1,6,8,16,17",0,97,5,102,A-E-14,Addition
3308,3309,ts_113_1_A-I-3,8,CH3FN2O,"1,6,7,8,9",0,98,5,103,A-I-3,Addition
3309,3310,ts_113_1_A-I-5,41,C20H17BrN2O,"1,6,7,8,35",0,79,3,82,A-I-5,Addition
3310,3311,ts_113_1_E-2-a,16,C4H8N2O2,"1,6,7,8",1,98,5,103,E-2-a,Addition
3311,3312,ts_113_1_NO2-A-3-a,16,C3H7FN2O3,"1,6,7,8,9",0,98,5,103,NO2-A-3-a,Substitution
3312,3313,ts_113_1_NO2-A-8-d,25,C5H12N2O5S,"1,6,7,8,16",0,99,5,104,NO2-A-8-d,Addition
3313,3314,ts_113_1_NO2-A-9-a,17,C2H8FN3O3,"1,6,7,8,9",0,98,5,103,NO2-A-9-a,Substitution
3314,3315,ts_113_1_NO2-A-9-e,22,C4H11N3O4,"1,6,7,8",1,96,5,101,NO2-A-9-e,Addition
3315,3316,ts_113_1_NO2-A-10-d,18,C3H9N3O3,"1,6,7,8",1,100,5,105,NO2-A-10-d,Addition
3316,3317,ts_113_1_NO2-A-10-e,18,C3H9N3O3,"1,6,7,8",1,98,5,103,NO2-A-10-e,Addition
3317,3318,ts_113_1_NO2-A-11-d,24,C8H9BrN2O4,"1,6,7,8,35",0,98,5,103,NO2-A-11-d,Addition
3318,3319,ts_113_1_NO2-B-2-d,31,C10H13N3O5,"1,6,7,8",1,77,3,80,NO2-B-2-d,Addition
3319,3320,ts_113_1_NO2-B-2-e,29,C10H13FN2O3,"1,6,7,8,9",0,100,5,105,NO2-B-2-e,Addition
3320,3321,ts_113_1_NO2-B-7-d,33,C11H16N2O3S,"1,6,7,8,16",0,78,3,81,NO2-B-7-d,Addition
3321,3322,ts_113_1_R-A-6,22,C6H11NO4,"1,6,7,8",1,96,5,101,R-A-6,Cyclization
3322,3323,ts_113_1_R-A-10,19,C5H10FNO2,"1,6,7,8,9",0,98,5,103,R-A-10,Cyclization
3323,3324,ts_113_1_R-B-3,21,C7H12N2,"1,6,7",1,97,5,102,R-B-3,Cyclization
3324,3325,ts_113_1_R-B-13,25,C9H14O2,"1,6,8",1,99,5,104,R-B-13,Cyclization
3325,3326,ts_113_1_RR-A-8-c,22,C6H12N2O2,"1,6,7,8",1,97,5,102,RR-A-8-c,Rearrangement
3326,3327,ts_113_1_RR-A-10,33,C11H19NO2,"1,6,7,8",1,100,5,105,RR-A-10,Rearrangement
3327,3328,ts_113_1_S-A-4,16,C3H7FN2O3,"1,6,7,8,9",0,100,5,105,S-A-4,Substitution
3328,3329,ts_113_1_S-A-9,27,C7H14ClNO4,"1,6,7,8,17",0,97,5,102,S-A-9,Substitution
3329,3330,ts_113_1_S-A-11,22,C6H10O6,"1,6,8",1,97,5,102,S-A-11,Substitution
3330,3331,ts_113_1_S-A-13,30,C10H14N2O4,"1,6,7,8",1,98,5,103,S-A-13,Substitution
3331,3332,ts_113_1_S-B-11,32,C11H14N2O5,"1,6,7,8",1,77,3,80,S-B-11,Substitution
3332,3333,ts_113_1_S-D-15,28,C8H11FN2O5S,"1,6,7,8,9,16",0,100,5,105,S-D-15,Substitution
3333,3334,ts_113_2_A-E-15,20,C5H9Cl2NO2S,"1,6,7,8,16,17",0,100,5,105,A-E-15,Addition
3334,3335,ts_113_2_A-I-1,25,C10H12BrNO,"1,6,7,8,35",0,99,5,104,A-I-1,Addition
3335,3336,ts_113_2_R-A-5,21,C6H10O5,"1,6,8",1,98,5,103,R-A-5,Cyclization
3336,3337,ts_113_2_R-A-7,26,C6H16N2O2,"1,6,7,8",1,99,5,104,R-A-7,Cyclization
3337,3338,ts_113_2_R-A-10,19,C5H10FNO2,"1,6,7,8,9",0,98,5,103,R-A-10,Cyclization
3338,3339,ts_114_1_A-E-23,15,C3H6Br2FNOS,"1,6,7,8,9,16,35",0,100,5,105,A-E-23,Addition
3339,3340,ts_114_1_A-E-24,19,C5H10Br2OS,"1,6,8,16,35",0,100,5,105,A-E-24,Addition
3340,3341,ts_114_1_A-H-1,14,C3H7FN2O,"1,6,7,8,9",0,100,5,105,A-H-1,Addition
3341,3342,ts_114_1_NO2-A-4-c,26,C9H11FN2O3,"1,6,7,8,9",0,99,5,104,NO2-A-4-c,Addition
3342,3343,ts_114_1_NO2-A-5-a,24,C5H12FN3O3,"1,6,7,8,9",0,96,5,101,NO2-A-5-a,Substitution
3343,3344,ts_114_1_NO2-A-6-e,19,C3H9FN2O3S,"1,6,7,8,9,16",0,100,5,105,NO2-A-6-e,Addition
3344,3345,ts_114_1_NO2-A-10-b,10,CH4FN3O,"1,6,7,8,9",0,100,5,105,NO2-A-10-b,Rearrangement
3345,3346,ts_114_1_NO2-B-2-d,31,C10H15N3O3,"1,6,7,8",1,97,5,102,NO2-B-2-d,Addition
3346,3347,ts_114_1_NO2-B-8-e,22,C4H11FN2O3S,"1,6,7,8,9,16",0,99,5,104,NO2-B-8-e,Addition
3347,3348,ts_114_1_NO2-C-3-e,25,C9H11FN2O2,"1,6,7,8,9",0,100,5,105,NO2-C-3-e,Addition
3348,3349,ts_114_1_NO2-C-8-e,29,C9H13FN2O3S,"1,6,7,8,9,16",0,100,5,105,NO2-C-8-e,Addition
3349,3350,ts_114_1_R-A-1,14,C3H7ClFNO,"1,6,7,8,9,17",0,100,5,105,R-A-1,Cyclization
3350,3351,ts_114_1_R-A-6,25,C7H13NO4,"1,6,7,8",1,93,5,98,R-A-6,Cyclization
3351,3352,ts_114_1_R-B-3,18,C6H10N2,"1,6,7",1,100,5,105,R-B-3,Cyclization
3352,3353,ts_114_1_R-B-13,25,C9H14O2,"1,6,8",1,97,5,102,R-B-13,Cyclization
3353,3354,ts_114_1_RR-A-18,28,C11H14FNO,"1,6,7,8,9",0,100,5,105,RR-A-18,Rearrangement
3354,3355,ts_114_1_RR-B-8-b,24,C8H11FN2O2,"1,6,7,8,9",0,100,5,105,RR-B-8-b,Rearrangement
3355,3356,ts_114_1_S-A-1,20,C5H9FO5,"1,6,8,9",0,96,5,101,S-A-1,Substitution
3356,3357,ts_114_1_S-A-9,25,C7H12ClFO4,"1,6,8,9,17",0,98,5,103,S-A-9,Substitution
3357,3358,ts_114_1_S-B-13,38,C15H16FN3O3,"1,6,7,8,9",0,76,3,79,S-B-13,Substitution
3358,3359,ts_114_1_S-C-3,22,C8H9NO4,"1,6,7,8",1,98,5,103,S-C-3,Substitution
3359,3360,ts_114_1_S-D-2,16,C2H7FN2O4,"1,6,7,8,9",0,99,5,104,S-D-2,Substitution
3360,3361,ts_114_1_S-G-6,26,C5H13NO6S,"1,6,7,8,16",0,100,5,105,S-G-6,Substitution
3361,3362,ts_114_2_A-E-4,14,C3H8FNS,"1,6,7,9,16",0,100,5,105,A-E-4,Addition
3362,3363,ts_114_2_R-A-11,14,C3H7BrFNO,"1,6,7,8,9,35",0,100,5,105,R-A-11,Cyclization
3363,3364,ts_114_2_S-F-4,19,C3H10FN3O2,"1,6,7,8,9",0,99,5,104,S-F-4,Substitution
3364,3365,ts_115_1_A-E-2,19,C5H11BrO2,"1,6,8,35",0,100,5,105,A-E-2,Addition
3365,3366,ts_115_1_A-E-4,14,C3H8FNS,"1,6,7,9,16",0,99,5,104,A-E-4,Addition
3366,3367,ts_115_1_A-E-7,37,C16H17FN2O,"1,6,7,8,9",0,80,3,83,A-E-7,Addition
3367,3368,ts_115_1_A-E-11,17,C4H9FN2O,"1,6,7,8,9",0,98,5,103,A-E-11,Addition
3368,3369,ts_115_1_A-E-24,22,C6H11BrO3S,"1,6,8,16,35",0,100,5,105,A-E-24,Addition
3369,3370,ts_115_1_NO2-A-3-e,16,C3H7FN2O3,"1,6,7,8,9",0,98,5,103,NO2-A-3-e,Addition
3370,3371,ts_115_1_NO2-A-6-e,19,C3H9FN2O3S,"1,6,7,8,9,16",0,100,5,105,NO2-A-6-e,Addition
3371,3372,ts_115_1_NO2-A-9-e,17,C2H8FN3O3,"1,6,7,8,9",0,99,5,104,NO2-A-9-e,Addition
3372,3373,ts_115_1_NO2-A-10-d,13,CH6FN3O2,"1,6,7,8,9",0,100,5,105,NO2-A-10-d,Addition
3373,3374,ts_115_1_NO2-A-11-c,23,C7H10FN3O2,"1,6,7,8,9",0,100,5,105,NO2-A-11-c,Addition
3374,3375,ts_115_1_NO2-B-8-e,22,C4H11FN2O3S,"1,6,7,8,9,16",0,100,5,105,NO2-B-8-e,Addition
3375,3376,ts_115_1_NO2-B-11-c,25,C8H12FN3O,"1,6,7,8,9",0,99,5,104,NO2-B-11-c,Addition
3376,3377,ts_115_1_NO2-B-11-e,20,C7H9FN2O,"1,6,7,8,9",0,100,5,105,NO2-B-11-e,Addition
3377,3378,ts_115_1_NO2-C-2-e,31,C14H12FNO3,"1,6,7,8,9",0,79,3,82,NO2-C-2-e,Addition
3378,3379,ts_115_1_R-A-3,17,C4H10ClNO,"1,6,7,8,17",0,100,5,105,R-A-3,Cyclization
3379,3380,ts_115_1_RR-A-13-a,28,C11H14FNO,"1,6,7,8,9",0,100,5,105,RR-A-13-a,Rearrangement
3380,3381,ts_115_1_RR-B-7-a,12,C2H6FNO2,"1,6,7,8,9",0,100,5,105,RR-B-7-a,Rearrangement
3381,3382,ts_115_1_S-A-1,22,C6H10O6,"1,6,8",1,93,5,98,S-A-1,Substitution
3382,3383,ts_115_1_S-A-8,25,C7H11ClO6,"1,6,8,17",0,95,5,100,S-A-8,Substitution
3383,3384,ts_115_1_S-A-13,30,C11H13NO5,"1,6,7,8",1,97,5,102,S-A-13,Substitution
3384,3385,ts_115_1_S-B-11,27,C9H11FN2O4,"1,6,7,8,9",0,97,5,102,S-B-11,Substitution
3385,3386,ts_115_1_S-C-2-ab,22,C8H7FN2O4,"1,6,7,8,9",0,91,5,96,S-C-2-ab,Substitution
3386,3387,ts_115_1_S-D-9,14,C2H6FNO3S,"1,6,7,8,9,16",0,97,5,102,S-D-9,Substitution
3387,3388,ts_115_1_S-G-2,17,C2H6ClNO6S,"1,6,7,8,16,17",0,98,5,103,S-G-2,Substitution
3388,3389,ts_115_2_A-E-9,25,C10H12FNO,"1,6,7,8,9",0,100,5,105,A-E-9,Addition
3389,3390,ts_115_2_A-E-20,13,C3H7BrFN,"1,6,7,9,35",0,100,5,105,A-E-20,Addition
3390,3391,ts_115_2_A-I-1,26,C10H13NO2,"1,6,7,8",1,97,5,102,A-I-1,Addition
3391,3392,ts_115_2_R-B-10,20,C6H11BrO2,"1,6,8,35",0,100,5,105,R-B-10,Cyclization
3392,3393,ts_116_1_A-E-1,8,C2H4ClF,"1,6,9,17",0,100,5,105,A-E-1,Addition
3393,3394,ts_116_1_A-F-2,12,C3H4BrFO2S,"1,6,8,9,16,35",0,97,5,102,A-F-2,Addition
3394,3395,ts_116_1_A-I-1,26,C10H13NO2,"1,6,7,8",1,99,5,104,A-I-1,Addition
3395,3396,ts_116_1_A-I-2,33,C15H15NO2,"1,6,7,8",1,74,3,77,A-I-2,Addition
3396,3397,ts_116_1_NO2-A-1-d,15,C3H6FNO4,"1,6,7,8,9",0,100,5,105,NO2-A-1-d,Addition
3397,3398,ts_116_1_NO2-A-1-e,15,C3H6FNO4,"1,6,7,8,9",0,98,5,103,NO2-A-1-e,Addition
3398,3399,ts_116_1_NO2-A-7-a,25,C8H9NO6S,"1,6,7,8,16",0,94,5,99,NO2-A-7-a,Substitution
3399,3400,ts_116_1_NO2-A-8-c,15,C2H6FNO4S,"1,6,7,8,9,16",0,99,5,104,NO2-A-8-c,Addition
3400,3401,ts_116_1_NO2-A-8-d,15,C2H6FNO4S,"1,6,7,8,9,16",0,100,5,105,NO2-A-8-d,Addition
3401,3402,ts_116_1_NO2-A-11-d,28,C9H12N2O5,"1,6,7,8",1,100,5,105,NO2-A-11-d,Addition
3402,3403,ts_116_1_NO2-A-12-e,10,C2H3FN2O2,"1,6,7,8,9",0,96,5,101,NO2-A-12-e,Addition
3403,3404,ts_116_1_NO2-B-11-b,17,C7H7FN2,"1,6,7,9",0,100,5,105,NO2-B-11-b,Addition
3404,3405,ts_116_1_R-B-7,21,C6H12N2O,"1,6,7,8",1,100,5,105,R-B-7,Cyclization
3405,3406,ts_116_1_R-B-9,29,C10H16O3,"1,6,8",1,97,5,102,R-B-9,Cyclization
3406,3407,ts_116_1_R-B-14,24,C7H13FO3,"1,6,8,9",0,98,5,103,R-B-14,Cyclization
3407,3408,ts_116_1_RR-A-3-b,33,C15H15NO2,"1,6,7,8",1,79,3,82,RR-A-3-b,Rearrangement
3408,3409,ts_116_1_RR-A-4,12,C4H7F,"1,6,9",0,99,5,104,RR-A-4,Rearrangement
3409,3410,ts_116_1_RR-B-2-b,26,C11H10O5,"1,6,8",1,95,5,100,RR-B-2-b,Rearrangement
3410,3411,ts_116_1_RR-B-7-a,20,C5H9NO5,"1,6,7,8",1,97,5,102,RR-B-7-a,Rearrangement
3411,3412,ts_116_1_S-A-4,19,C4H8N2O5,"1,6,7,8",1,95,5,100,S-A-4,Substitution
3412,3413,ts_116_1_S-B-9,27,C7H12N2O6,"1,6,7,8",1,93,5,98,S-B-9,Substitution
3413,3414,ts_116_1_S-B-11,22,C8H8FNO4,"1,6,7,8,9",0,97,5,102,S-B-11,Substitution
3414,3415,ts_116_1_S-B-13,33,C14H13FN2O3,"1,6,7,8,9",0,77,3,80,S-B-13,Substitution
3415,3416,ts_116_1_S-G-1,16,C2H5Cl2NO5S,"1,6,7,8,16,17",0,96,5,101,S-G-1,Substitution
3416,3417,ts_116_1_S-G-2,17,C2H6ClNO6S,"1,6,7,8,16,17",0,96,5,101,S-G-2,Substitution
3417,3418,ts_116_1_S-G-4,21,C3H9NO7S,"1,6,7,8,16",0,99,5,104,S-G-4,Substitution
3418,3419,ts_116_2_A-E-7,32,C15H14FNO,"1,6,7,8,9",0,79,3,82,A-E-7,Addition
3419,3420,ts_116_2_A-E-9,20,C9H9FO,"1,6,8,9",0,100,5,105,A-E-9,Addition
3420,3421,ts_116_2_A-E-23,10,C2H3Br2FOS,"1,6,8,9,16,35",0,99,5,104,A-E-23,Addition
3421,3422,ts_116_2_NO2-A-10-c,18,C2H10N4O2,"1,6,7,8",1,100,5,105,NO2-A-10-c,Addition
3422,3423,ts_116_2_S-B-3-a,10,C3H3BrO3,"1,6,8,35",0,98,5,103,S-B-3-a,Rearrangement
3423,3424,ts_116_3_A-I-1,26,C10H13NO2,"1,6,7,8",1,98,5,103,A-I-1,Addition
3424,3425,ts_116_3_A-I-3,18,C3H10N4O,"1,6,7,8",1,93,5,98,A-I-3,Addition
3425,3426,ts_116_3_S-A-11,23,C6H10O7,"1,6,8",1,92,5,97,S-A-11,Substitution
3426,3427,ts_116_3_S-B-8,20,C5H9NO5,"1,6,7,8",1,98,5,103,S-B-8,Substitution
3427,3428,ts_116_3_S-F-2,19,C2H9Cl2N3O2S,"1,6,7,8,16,17",0,100,5,105,S-F-2,Substitution
3428,3429,ts_117_1_E-2-a,14,C4H5NO4,"1,6,7,8",1,94,5,99,E-2-a,Addition
3429,3430,ts_117_1_NO2-A-5-d,22,C5H9ClN2O5,"1,6,7,8,17",0,96,5,101,NO2-A-5-d,Addition
3430,3431,ts_117_1_NO2-A-6-b,19,C5H7NO5S,"1,6,7,8,16",0,99,5,104,NO2-A-6-b,Rearrangement
3431,3432,ts_117_1_NO2-A-8-a,23,C5H9NO7S,"1,6,7,8,16",0,88,5,93,NO2-A-8-a,Substitution
3432,3433,ts_117_1_NO2-A-10-c,18,C2H10N4O2,"1,6,7,8",1,100,5,105,NO2-A-10-c,Addition
3433,3434,ts_117_1_NO2-B-3-d,21,C6H9NO5,"1,6,7,8",1,99,5,104,NO2-B-3-d,Addition
3434,3435,ts_117_1_NO2-C-8-e,32,C11H13NO6S,"1,6,7,8,16",0,80,3,83,NO2-C-8-e,Addition
3435,3436,ts_117_1_R-A-2,20,C6H9ClO4,"1,6,8,17",0,95,5,100,R-A-2,Cyclization
3436,3437,ts_117_1_R-A-6,20,C5H10FNO3,"1,6,7,8,9",0,97,5,102,R-A-6,Cyclization
3437,3438,ts_117_1_R-B-10,19,C6H9BrO3,"1,6,8,35",0,97,5,102,R-B-10,Cyclization
3438,3439,ts_117_1_RR-A-2-b,26,C10H9NO6,"1,6,7,8",1,97,5,102,RR-A-2-b,Rearrangement
3439,3440,ts_117_1_RR-B-5-a,17,C5H6ClNO4,"1,6,7,8,17",0,91,5,96,RR-B-5-a,Rearrangement
3440,3441,ts_117_1_S-A-6,20,C5H10N2O3,"1,6,7,8",1,94,5,99,S-A-6,Substitution
3441,3442,ts_117_1_S-A-12,29,C9H12O8,"1,6,8",1,95,5,100,S-A-12,Substitution
3442,3443,ts_117_1_S-C-13,37,C16H18FNO,"1,6,7,8,9",0,80,3,83,S-C-13,Substitution
3443,3444,ts_117_1_S-D-14,30,C10H11NO7S,"1,6,7,8,16",0,73,3,76,S-D-14,Substitution
3444,3445,ts_117_1_S-D-15,31,C10H11NO8S,"1,6,7,8,16",0,76,3,79,S-D-15,Substitution
3445,3446,ts_117_1_S-F-3,18,CH9ClN4O2S,"1,6,7,8,16,17",0,100,5,105,S-F-3,Substitution
3446,3447,ts_117_1_S-F-4,22,C5H10N2O5,"1,6,7,8",1,88,5,93,S-F-4,Substitution
3447,3448,ts_117_2_A-E-1,16,C5H7ClO3,"1,6,8,17",0,97,5,102,A-E-1,Addition
3448,3449,ts_117_2_A-E-15,18,C5H6Cl2O4S,"1,6,8,16,17",0,98,5,103,A-E-15,Addition
3449,3450,ts_117_2_A-E-23,18,C5H6Br2O4S,"1,6,8,16,35",0,96,5,101,A-E-23,Addition
3450,3451,ts_117_2_A-E-24,19,C5H10BrFOS,"1,6,8,9,16,35",0,100,5,105,A-E-24,Addition
3451,3452,ts_117_2_A-F-1,20,C6H7ClO5S,"1,6,8,16,17",0,91,5,96,A-F-1,Addition
3452,3453,ts_117_2_A-I-1,26,C10H13NO2,"1,6,7,8",1,100,5,105,A-I-1,Addition
3453,3454,ts_117_2_A-I-2,33,C15H15NO2,"1,6,7,8",1,76,3,79,A-I-2,Addition
3454,3455,ts_117_2_A-I-4,18,C3H10N4S,"1,6,7,16",0,100,5,105,A-I-4,Addition
3455,3456,ts_117_2_R-B-2,20,C9H9NO,"1,6,7,8",1,92,5,97,R-B-2,Cyclization
3456,3457,ts_117_2_S-A-4,17,C4H7N3O3,"1,6,7,8",1,97,5,102,S-A-4,Substitution
3457,3458,ts_117_2_S-D-10,23,C5H9NO7S,"1,6,7,8,16",0,92,5,97,S-D-10,Substitution
3458,3459,ts_117_3_R-B-10,19,C6H9BrO3,"1,6,8,35",0,100,5,105,R-B-10,Cyclization
3459,3460,ts_117_4_R-B-10,19,C6H9BrO3,"1,6,8,35",0,96,5,101,R-B-10,Cyclization
3460,3461,ts_118_1_A-E-2,20,C6H12O2,"1,6,8",1,100,5,105,A-E-2,Addition
3461,3462,ts_118_1_A-E-17,17,C5H6ClNO4,"1,6,7,8,17",0,99,5,104,A-E-17,Addition
3462,3463,ts_118_1_E-2-a,14,C4H5NO4,"1,6,7,8",1,94,5,99,E-2-a,Addition
3463,3464,ts_118_1_NO2-A-1-a,23,C6H9NO7,"1,6,7,8",1,94,5,99,NO2-A-1-a,Substitution
3464,3465,ts_118_1_NO2-A-3-b,16,C5H5NO5,"1,6,7,8",1,92,5,97,NO2-A-3-b,Rearrangement
3465,3466,ts_118_1_NO2-A-4-a,29,C11H11NO6,"1,6,7,8",1,73,3,76,NO2-A-4-a,Substitution
3466,3467,ts_118_1_NO2-A-6-a,22,C5H9NO6S,"1,6,7,8,16",0,98,5,103,NO2-A-6-a,Substitution
3467,3468,ts_118_1_NO2-B-2-d,26,C9H11FN2O3,"1,6,7,8,9",0,98,5,103,NO2-B-2-d,Addition
3468,3469,ts_118_1_NO2-B-2-e,34,C11H17N3O3,"1,6,7,8",1,80,3,83,NO2-B-2-e,Addition
3469,3470,ts_118_1_NO2-C-12-e,29,C10H14N4O,"1,6,7,8",1,95,5,100,NO2-C-12-e,Addition
3470,3471,ts_118_1_R-B-7,24,C7H14N2O,"1,6,7,8",1,100,5,105,R-B-7,Cyclization
3471,3472,ts_118_1_R-B-13,28,C10H15NO2,"1,6,7,8",1,96,5,101,R-B-13,Cyclization
3472,3473,ts_118_1_S-A-2,28,C11H11ClN2O3,"1,6,7,8,17",0,92,5,97,S-A-2,Substitution
3473,3474,ts_118_1_S-A-7,22,C6H9Cl2NO4,"1,6,7,8,17",0,91,5,96,S-A-7,Substitution
3474,3475,ts_118_1_S-C-3,23,C8H11NO3,"1,6,7,8",1,96,5,101,S-C-3,Substitution
3475,3476,ts_118_1_S-C-11,20,C8H9Cl2F,"1,6,9,17",0,99,5,104,S-C-11,Substitution
3476,3477,ts_118_1_S-D-15,33,C9H15N3O5S,"1,6,7,8,16",0,80,3,83,S-D-15,Substitution
3477,3478,ts_118_2_R-B-4,16,C6H7BrN2,"1,6,7,35",0,92,5,97,R-B-4,Cyclization
3478,3479,ts_118_2_S-F-4,24,C4H14N4O2,"1,6,7,8",1,99,5,104,S-F-4,Substitution
3479,3480,ts_119_1_A-D-1,9,CH3NO4,"1,6,7,8",1,98,5,103,A-D-1,Addition
3480,3481,ts_119_1_A-E-2,21,C6H12O3,"1,6,8",1,100,5,105,A-E-2,Addition
3481,3482,ts_119_1_A-E-8,21,C7H11ClO2,"1,6,8,17",0,100,5,105,A-E-8,Addition
3482,3483,ts_119_1_A-E-17,19,C4H10ClN3O,"1,6,7,8,17",0,99,5,104,A-E-17,Addition
3483,3484,ts_119_1_A-E-25,31,C10H15ClN2O2S,"1,6,7,8,16,17",0,100,5,105,A-E-25,Addition
3484,3485,ts_119_1_NO2-A-1-d,25,C5H13N3O4,"1,6,7,8",1,99,5,104,NO2-A-1-d,Addition
3485,3486,ts_119_1_NO2-A-6-b,21,C4H11N3O2S,"1,6,7,8,16",0,100,5,105,NO2-A-6-b,Rearrangement
3486,3487,ts_119_1_NO2-A-11-b,25,C8H12N4O,"1,6,7,8",1,100,5,105,NO2-A-11-b,Rearrangement
3487,3488,ts_119_1_NO2-A-11-d,25,C9H9N3O4,"1,6,7,8",1,92,5,97,NO2-A-11-d,Addition
3488,3489,ts_119_1_NO2-B-2-d,28,C9H11N3O5,"1,6,7,8",1,94,5,99,NO2-B-2-d,Addition
3489,3490,ts_119_1_NO2-B-2-e,34,C11H17N3O3,"1,6,7,8",1,76,3,79,NO2-B-2-e,Addition
3490,3491,ts_119_1_NO2-B-7-d,33,C10H17N3O2S,"1,6,7,8,16",0,99,5,104,NO2-B-7-d,Addition
3491,3492,ts_119_1_NO2-C-12-e,29,C10H14N4O,"1,6,7,8",1,98,5,103,NO2-C-12-e,Addition
3492,3493,ts_119_1_RR-A-2-a,22,C8H8N2O4,"1,6,7,8",1,96,5,101,RR-A-2-a,Rearrangement
3493,3494,ts_119_1_RR-A-3-b,28,C14H11BrO2,"1,6,8,35",0,96,5,101,RR-A-3-b,Rearrangement
3494,3495,ts_119_1_RR-B-6-b,13,C4H4N2O3,"1,6,7,8",1,92,5,97,RR-B-6-b,Rearrangement
3495,3496,ts_119_1_RR-B-7-b,22,C4H13N3O2,"1,6,7,8",1,100,5,105,RR-B-7-b,Rearrangement
3496,3497,ts_119_1_S-A-5,19,C5H9ClO4,"1,6,8,17",0,93,5,98,S-A-5,Substitution
3497,3498,ts_119_1_S-B-11,32,C10H15N3O4,"1,6,7,8",1,97,5,102,S-B-11,Substitution
3498,3499,ts_119_1_S-B-12,31,C10H15N3O3,"1,6,7,8",1,98,5,103,S-B-12,Substitution
3499,3500,ts_119_1_S-C-10,34,C14H15FO3S,"1,6,8,9,16",0,79,2,81,S-C-10,Substitution
3500,3501,ts_119_1_S-D-10,25,C4H13N3O4S,"1,6,7,8,16",0,98,5,103,S-D-10,Substitution
3501,3502,ts_119_2_A-E-16,20,C6H10Cl2OS,"1,6,8,16,17",0,98,5,103,A-E-16,Addition
3502,3503,ts_119_2_R-B-10,21,C7H11BrO2,"1,6,8,35",0,99,5,104,R-B-10,Cyclization
3503,3504,ts_119_2_S-C-10,34,C14H15FO3S,"1,6,8,9,16",0,80,3,83,S-C-10,Substitution
3504,3505,ts_119_3_A-I-1,25,C10H12FNO,"1,6,7,8,9",0,100,5,105,A-I-1,Addition
3505,3506,ts_119_3_S-C-7,24,C8H10ClFO3S,"1,6,8,9,16,17",0,100,5,105,S-C-7,Substitution
3506,3507,ts_120_1_A-E-15,20,C4H10Cl2N2OS,"1,6,7,8,16,17",0,100,5,105,A-E-15,Addition
3507,3508,ts_120_1_E-2-a,16,C3H9N3O,"1,6,7,8",1,100,5,105,E-2-a,Addition
3508,3509,ts_120_1_NO2-A-4-d,31,C10H15N3O3,"1,6,7,8",1,99,5,104,NO2-A-4-d,Addition
3509,3510,ts_120_1_NO2-A-7-d,31,C9H15N3O3S,"1,6,7,8,16",0,99,5,104,NO2-A-7-d,Addition
3510,3511,ts_120_1_NO2-A-7-e,31,C9H15N3O3S,"1,6,7,8,16",0,100,5,105,NO2-A-7-e,Addition
3511,3512,ts_120_1_NO2-A-8-a,25,C4H13N3O4S,"1,6,7,8,16",0,99,5,104,NO2-A-8-a,Substitution
3512,3513,ts_120_1_NO2-B-12-d,13,C3H5ClN2O2,"1,6,7,8,17",0,92,5,97,NO2-B-12-d,Addition
3513,3514,ts_120_1_NO2-C-2-e,38,C15H17N3O3,"1,6,7,8",1,77,3,80,NO2-C-2-e,Addition
3514,3515,ts_120_1_NO2-C-3-e,27,C9H13N3O2,"1,6,7,8",1,98,5,103,NO2-C-3-e,Addition
3515,3516,ts_120_1_R-A-7,25,C6H15NO3,"1,6,7,8",1,100,5,105,R-A-7,Cyclization
3516,3517,ts_120_1_R-B-3,23,C7H13N3,"1,6,7",1,98,5,103,R-B-3,Cyclization
3517,3518,ts_120_1_R-B-12,23,C8H12O3,"1,6,8",1,99,5,104,R-B-12,Cyclization
3518,3519,ts_120_1_RR-A-13-c,33,C12H18N2O,"1,6,7,8",1,100,5,105,RR-A-13-c,Rearrangement
3519,3520,ts_120_1_RR-B-6-a,17,C5H9NO2,"1,6,7,8",1,98,5,103,RR-B-6-a,Rearrangement
3520,3521,ts_120_1_RR-B-7-a,20,C4H10N2O4,"1,6,7,8",1,98,5,103,RR-B-7-a,Rearrangement
3521,3522,ts_120_1_S-A-12,28,C8H11NO8,"1,6,7,8",1,95,5,100,S-A-12,Substitution
3522,3523,ts_120_1_S-B-13,43,C16H20N4O3,"1,6,7,8",1,79,3,82,S-B-13,Substitution
3523,3524,ts_120_1_S-C-11,25,C9H13Cl2N,"1,6,7,17",0,100,5,105,S-C-11,Substitution
3524,3525,ts_120_1_S-G-1,16,C2H6Cl2FNO3S,"1,6,7,8,9,16,17",0,99,5,104,S-G-1,Substitution
3525,3526,ts_120_2_A-E-4,19,C4H12N2S,"1,6,7,16",0,100,5,105,A-E-4,Addition
3526,3527,ts_120_2_A-E-7,42,C17H21N3O,"1,6,7,8",1,80,3,83,A-E-7,Addition
3527,3528,ts_120_2_A-E-19,31,C11H16N2O2,"1,6,7,8",1,99,5,104,A-E-19,Addition
3528,3529,ts_120_2_A-E-23,20,C4H10Br2N2OS,"1,6,7,8,16,35",0,100,5,105,A-E-23,Addition
3529,3530,ts_120_2_A-E-24,22,C6H10BrNO3S,"1,6,7,8,16,35",0,99,5,104,A-E-24,Addition
3530,3531,ts_120_2_A-I-3,16,C3H7N3O3,"1,6,7,8",1,96,5,101,A-I-3,Addition
3531,3532,ts_120_2_NO2-A-6-a,24,C4H13N3O3S,"1,6,7,8,16",0,98,5,103,NO2-A-6-a,Substitution
3532,3533,ts_120_2_S-A-17,26,C6H14N2O4,"1,6,7,8",1,94,5,99,S-A-17,Substitution
3533,3534,ts_121_1_A-E-16,22,C6H12ClNOS,"1,6,7,8,16,17",0,98,5,103,A-E-16,Addition
3534,3535,ts_121_1_A-E-18,28,C10H14N2O2,"1,6,7,8",1,99,5,104,A-E-18,Addition
3535,3536,ts_121_1_A-E-20,15,C3H9BrN2,"1,6,7,35",0,100,5,105,A-E-20,Addition
3536,3537,ts_121_1_A-H-1,16,C3H9N3O,"1,6,7,8",1,98,5,103,A-H-1,Addition
3537,3538,ts_121_1_NO2-A-1-c,22,C4H11N3O4,"1,6,7,8",1,99,5,104,NO2-A-1-c,Addition
3538,3539,ts_121_1_NO2-A-5-a,26,C5H14N4O3,"1,6,7,8",1,96,5,101,NO2-A-5-a,Substitution
3539,3540,ts_121_1_NO2-A-5-b,23,C5H12N4O2,"1,6,7,8",1,100,5,105,NO2-A-5-b,Rearrangement
3540,3541,ts_121_1_NO2-A-6-e,21,C3H11N3O3S,"1,6,7,8,16",0,99,5,104,NO2-A-6-e,Addition
3541,3542,ts_121_1_NO2-B-12-e,20,C5H9N3O3,"1,6,7,8",1,97,5,102,NO2-B-12-e,Addition
3542,3543,ts_121_1_NO2-C-2-e,39,C16H16N2O5,"1,6,7,8",1,74,3,77,NO2-C-2-e,Addition
3543,3544,ts_121_1_S-B-5-a,16,C4H7NO4,"1,6,7,8",1,97,5,102,S-B-5-a,Rearrangement
3544,3545,ts_121_1_S-B-11,29,C9H13N3O4,"1,6,7,8",1,94,5,99,S-B-11,Substitution
3545,3546,ts_121_1_S-C-7,24,C8H10Cl2O3S,"1,6,8,16,17",0,100,5,105,S-C-7,Substitution
3546,3547,ts_121_1_S-C-10,34,C14H15ClO3S,"1,6,8,16,17",0,80,3,83,S-C-10,Substitution
3547,3548,ts_121_1_S-D-8,18,C4H7N3O4,"1,6,7,8",1,93,5,98,S-D-8,Substitution
3548,3549,ts_121_2_A-D-1,15,C3H7NO4,"1,6,7,8",1,97,5,102,A-D-1,Addition
3549,3550,ts_121_2_A-E-23,17,C3H8Br2N2OS,"1,6,7,8,16,35",0,100,5,105,A-E-23,Addition
3550,3551,ts_121_2_R-A-11,16,C3H9BrN2O,"1,6,7,8,35",0,100,5,105,R-A-11,Cyclization
3551,3552,ts_121_3_R-B-7,24,C8H13NO2,"1,6,7,8",1,98,5,103,R-B-7,Cyclization
3552,3553,ts_122_1_A-E-4,17,C4H9NO2S,"1,6,7,8,16",0,99,5,104,A-E-4,Addition
3553,3554,ts_122_1_A-E-7,40,C17H18N2O3,"1,6,7,8",1,79,3,82,A-E-7,Addition
3554,3555,ts_122_1_A-E-8,22,C8H11NO2,"1,6,7,8",1,87,5,92,A-E-8,Addition
3555,3556,ts_122_1_A-E-11,20,C5H10N2O3,"1,6,7,8",1,98,5,103,A-E-11,Addition
3556,3557,ts_122_1_A-I-3,16,C3H7N3O3,"1,6,7,8",1,95,5,100,A-I-3,Addition
3557,3558,ts_122_1_NO2-A-1-c,23,C5H10N2O6,"1,6,7,8",1,95,5,100,NO2-A-1-c,Addition
3558,3559,ts_122_1_NO2-A-11-d,25,C9H9N3O4,"1,6,7,8",1,92,5,97,NO2-A-11-d,Addition
3559,3560,ts_122_1_NO2-B-2-d,26,C9H11ClN2O3,"1,6,7,8,17",0,97,5,102,NO2-B-2-d,Addition
3560,3561,ts_122_1_NO2-B-11-d,28,C9H13N3O3,"1,6,7,8",1,98,5,103,NO2-B-11-d,Addition
3561,3562,ts_122_1_R-A-6,22,C5H12N2O3,"1,6,7,8",1,100,5,105,R-A-6,Cyclization
3562,3563,ts_122_1_R-A-9,37,C9H24N4,"1,6,7",1,100,5,105,R-A-9,Cyclization
3563,3564,ts_122_1_R-B-13,26,C10H12O4,"1,6,8",1,93,5,98,R-B-13,Cyclization
3564,3565,ts_122_1_RR-A-12,46,C22H18N2O4,"1,6,7,8",1,76,3,79,RR-A-12,Rearrangement
3565,3566,ts_122_1_RR-B-1-b,19,C5H9NO4,"1,6,7,8",1,98,5,103,RR-B-1-b,Rearrangement
3566,3567,ts_122_1_S-A-6,21,C4H12N2O3,"1,6,7,8",1,99,5,104,S-A-6,Substitution
3567,3568,ts_122_1_S-A-10,32,C8H18N2O4,"1,6,7,8",1,96,5,101,S-A-10,Substitution
3568,3569,ts_122_1_S-B-3-a,14,C4H5NO4,"1,6,7,8",1,94,5,99,S-B-3-a,Rearrangement
3569,3570,ts_122_1_S-B-5-a,16,C4H7NO4,"1,6,7,8",1,95,5,100,S-B-5-a,Rearrangement
3570,3571,ts_122_1_S-B-7,23,C5H10N2O6,"1,6,7,8",1,94,5,99,S-B-7,Substitution
3571,3572,ts_122_1_S-D-12,28,C5H13N3O6S,"1,6,7,8,16",0,97,5,102,S-D-12,Substitution
3572,3573,ts_122_1_S-F-2,17,C2H6Cl2N2O4S,"1,6,7,8,16,17",0,97,5,102,S-F-2,Substitution
3573,3574,ts_122_1_S-G-1,16,C2H6Cl3NO3S,"1,6,7,8,16,17",0,100,5,105,S-G-1,Substitution
3574,3575,ts_122_2_A-E-24,21,C7H10BrNOS,"1,6,7,8,16,35",0,95,5,100,A-E-24,Addition
3575,3576,ts_122_2_A-I-3,16,C3H7N3O3,"1,6,7,8",1,97,5,102,A-I-3,Addition
3576,3577,ts_122_2_S-A-6,21,C4H12N2O3,"1,6,7,8",1,97,5,102,S-A-6,Substitution
3577,3578,ts_122_4_S-A-4,18,C3H9N3O3,"1,6,7,8",1,98,5,103,S-A-4,Substitution
3578,3579,ts_123_1_A-D-2,28,C8H13NO6,"1,6,7,8",1,95,5,100,A-D-2,Addition
3579,3580,ts_123_1_A-E-14,27,C7H14ClNO3S,"1,6,7,8,16,17",0,99,5,104,A-E-14,Addition
3580,3581,ts_123_1_A-E-16,25,C7H14ClNOS,"1,6,7,8,16,17",0,99,5,104,A-E-16,Addition
3581,3582,ts_123_1_A-E-25,29,C10H12ClNO4S,"1,6,7,8,16,17",0,99,5,104,A-E-25,Addition
3582,3583,ts_123_1_A-I-3,16,C3H7N3O3,"1,6,7,8",1,98,5,103,A-I-3,Addition
3583,3584,ts_123_1_NO2-A-1-e,23,C5H10N2O6,"1,6,7,8",1,99,5,104,NO2-A-1-e,Addition
3584,3585,ts_123_1_NO2-A-2-a,30,C10H12N2O6,"1,6,7,8",1,78,3,81,NO2-A-2-a,Substitution
3585,3586,ts_123_1_NO2-A-4-a,29,C10H12N2O5,"1,6,7,8",1,94,5,99,NO2-A-4-a,Substitution
3586,3587,ts_123_1_NO2-A-5-b,24,C6H11N3O4,"1,6,7,8",1,99,5,104,NO2-A-5-b,Rearrangement
3587,3588,ts_123_1_NO2-A-7-e,29,C9H12N2O5S,"1,6,7,8,16",0,100,5,105,NO2-A-7-e,Addition
3588,3589,ts_123_1_NO2-A-8-a,23,C4H10N2O6S,"1,6,7,8,16",0,96,5,101,NO2-A-8-a,Substitution
3589,3590,ts_123_1_NO2-A-8-e,23,C4H10N2O6S,"1,6,7,8,16",0,100,5,105,NO2-A-8-e,Addition
3590,3591,ts_123_1_NO2-A-9-d,20,C3H9N3O5,"1,6,7,8",1,97,5,102,NO2-A-9-d,Addition
3591,3592,ts_123_1_NO2-A-11-b,23,C8H9N3O3,"1,6,7,8",1,99,5,104,NO2-A-11-b,Rearrangement
3592,3593,ts_123_1_NO2-B-7-d,31,C10H14N2O4S,"1,6,7,8,16",0,97,5,102,NO2-B-7-d,Addition
3593,3594,ts_123_1_R-A-6,21,C6H10N2O3,"1,6,7,8",1,91,5,96,R-A-6,Cyclization
3594,3595,ts_123_1_RR-B-4-b,20,C5H8N4O3,"1,6,7,8",1,88,5,93,RR-B-4-b,Rearrangement
3595,3596,ts_123_1_RR-B-7-a,20,C4H10N2O4,"1,6,7,8",1,100,5,105,RR-B-7-a,Rearrangement
3596,3597,ts_123_1_S-A-10,32,C8H18N2O4,"1,6,7,8",1,96,5,101,S-A-10,Substitution
3597,3598,ts_123_1_S-A-13,35,C12H18N2O3,"1,6,7,8",1,79,3,82,S-A-13,Substitution
3598,3599,ts_123_1_S-A-15,33,C11H17NO4,"1,6,7,8",1,98,5,103,S-A-15,Substitution
3599,3600,ts_123_1_S-B-3-a,12,C4H5ClO2,"1,6,8,17",0,96,5,101,S-B-3-a,Rearrangement
3600,3601,ts_123_1_S-B-4-a,23,C10H10O3,"1,6,8",1,96,5,101,S-B-4-a,Rearrangement
3601,3602,ts_123_1_S-C-16,31,C12H14N2O3,"1,6,7,8",1,99,5,104,S-C-16,Substitution
3602,3603,ts_123_1_S-G-4,21,C3H10ClNO5S,"1,6,7,8,16,17",0,100,5,105,S-G-4,Substitution
3603,3604,ts_123_2_A-E-1,16,C4H8ClNO2,"1,6,7,8,17",0,98,5,103,A-E-1,Addition
3604,3605,ts_123_2_A-E-4,17,C4H9NO2S,"1,6,7,8,16",0,99,5,104,A-E-4,Addition
3605,3606,ts_123_2_A-E-6,31,C9H18N2O2,"1,6,7,8",1,93,5,98,A-E-6,Addition
3606,3607,ts_123_3_R-B-7,22,C7H11NO3,"1,6,7,8",1,100,5,105,R-B-7,Cyclization
3607,3608,ts_123_4_R-B-7,22,C7H11NO3,"1,6,7,8",1,99,5,104,R-B-7,Cyclization
3608,3609,ts_124_1_A-E-1,10,C2H4ClNO2,"1,6,7,8,17",0,99,5,104,A-E-1,Addition
3609,3610,ts_124_1_A-E-10,16,C4H7NO4,"1,6,7,8",1,97,5,102,A-E-10,Addition
3610,3611,ts_124_1_A-E-20,10,C2H4BrNO2,"1,6,7,8,35",0,97,5,102,A-E-20,Addition
3611,3612,ts_124_1_A-E-23,12,C2H3Br2NO3S,"1,6,7,8,16,35",0,98,5,103,A-E-23,Addition
3612,3613,ts_124_1_NO2-A-2-b,27,C10H10N2O5,"1,6,7,8",1,96,5,101,NO2-A-2-b,Rearrangement
3613,3614,ts_124_1_NO2-A-10-c,18,C4H8N2O4,"1,6,7,8",1,99,5,104,NO2-A-10-c,Addition
3614,3615,ts_124_1_NO2-B-2-d,26,C9H11BrN2O3,"1,6,7,8,35",0,98,5,103,NO2-B-2-d,Addition
3615,3616,ts_124_1_NO2-B-12-d,13,C3H5FN2O2,"1,6,7,8,9",0,92,5,97,NO2-B-12-d,Addition
3616,3617,ts_124_1_R-A-4,29,C9H16ClNO2,"1,6,7,8,17",0,91,5,96,R-A-4,Cyclization
3617,3618,ts_124_1_R-A-10,11,C2H4FNO3,"1,6,7,8,9",0,96,5,101,R-A-10,Cyclization
3618,3619,ts_124_1_RR-A-13-a,25,C10H11NO3,"1,6,7,8",1,100,5,105,RR-A-13-a,Rearrangement
3619,3620,ts_124_1_RR-A-13-c,25,C10H11NO3,"1,6,7,8",1,100,5,105,RR-A-13-c,Rearrangement
3620,3621,ts_124_1_RR-B-5-a,11,C2H3ClN2O3,"1,6,7,8,17",0,97,5,102,RR-B-5-a,Rearrangement
3621,3622,ts_124_1_S-A-13,34,C12H17NO4,"1,6,7,8",1,79,3,82,S-A-13,Substitution
3622,3623,ts_124_1_S-C-4,35,C12H18N2O3,"1,6,7,8",1,79,3,82,S-C-4,Substitution
3623,3624,ts_124_1_S-C-16,33,C14H15NO3,"1,6,7,8",1,77,3,80,S-C-16,Substitution
3624,3625,ts_124_1_S-G-2,17,C2H7BrClNO4S,"1,6,7,8,16,17,35",0,100,5,105,S-G-2,Substitution
3625,3626,ts_124_2_A-D-1,12,C3H6O3,"1,6,8",1,98,5,103,A-D-1,Addition
3626,3627,ts_124_2_A-E-20,10,C2H4BrNO2,"1,6,7,8,35",0,95,5,100,A-E-20,Addition
3627,3628,ts_124_2_NO2-A-8-a,17,C2H6N2O6S,"1,6,7,8,16",0,99,5,104,NO2-A-8-a,Substitution
3628,3629,ts_124_2_NO2-B-12-c,14,C3H5N3O3,"1,6,7,8",1,99,5,104,NO2-B-12-c,Addition
3629,3630,ts_125_1_A-E-1,16,C4H8ClNO2,"1,6,7,8,17",0,98,5,103,A-E-1,Addition
3630,3631,ts_125_1_A-I-4,18,C5H8N2O2S,"1,6,7,8,16",0,97,5,102,A-I-4,Addition
3631,3632,ts_125_1_NO2-A-2-a,30,C10H12N2O6,"1,6,7,8",1,77,3,80,NO2-A-2-a,Substitution
3632,3633,ts_125_1_NO2-A-3-a,13,C2H5FN2O3,"1,6,7,8,9",0,96,5,101,NO2-A-3-a,Substitution
3633,3634,ts_125_1_NO2-A-3-d,19,C4H8N2O5,"1,6,7,8",1,98,5,103,NO2-A-3-d,Addition
3634,3635,ts_125_1_NO2-A-3-e,19,C4H8N2O5,"1,6,7,8",1,98,5,103,NO2-A-3-e,Addition
3635,3636,ts_125_1_NO2-A-4-c,29,C10H12N2O5,"1,6,7,8",1,98,5,103,NO2-A-4-c,Addition
3636,3637,ts_125_1_NO2-A-9-b,17,C3H7N3O4,"1,6,7,8",1,99,5,104,NO2-A-9-b,Rearrangement
3637,3638,ts_125_1_NO2-A-10-c,18,C4H8N2O4,"1,6,7,8",1,100,5,105,NO2-A-10-c,Addition
3638,3639,ts_125_1_NO2-A-11-c,26,C8H11N3O4,"1,6,7,8",1,97,5,102,NO2-A-11-c,Addition
3639,3640,ts_125_1_NO2-A-11-d,29,C9H13N3O4,"1,6,7,8",1,97,5,102,NO2-A-11-d,Addition
3640,3641,ts_125_1_NO2-A-12-a,18,C4H7N3O4,"1,6,7,8",1,95,5,100,NO2-A-12-a,Substitution
3641,3642,ts_125_1_NO2-B-2-e,32,C11H14N2O5,"1,6,7,8",1,77,3,80,NO2-B-2-e,Addition
3642,3643,ts_125_1_NO2-B-3-d,21,C5H10N2O4,"1,6,7,8",1,98,5,103,NO2-B-3-d,Addition
3643,3644,ts_125_1_R-A-8,33,C9H19NO4,"1,6,7,8",1,99,5,104,R-A-8,Cyclization
3644,3645,ts_125_1_RR-A-2-a,19,C9H6ClNO2,"1,6,7,8,17",0,95,5,100,RR-A-2-a,Rearrangement
3645,3646,ts_125_1_RR-A-3-b,29,C15H11NO2,"1,6,7,8",1,74,3,77,RR-A-3-b,Rearrangement
3646,3647,ts_125_1_RR-A-10,31,C10H17NO3,"1,6,7,8",1,98,5,103,RR-A-10,Rearrangement
3647,3648,ts_125_1_RR-B-8-a,28,C10H13NO4,"1,6,7,8",1,97,5,102,RR-B-8-a,Rearrangement
3648,3649,ts_125_1_S-A-6,21,C5H11NO4,"1,6,7,8",1,98,5,103,S-A-6,Substitution
3649,3650,ts_125_1_S-B-4-a,22,C10H8O4,"1,6,8",1,97,5,102,S-B-4-a,Rearrangement
3650,3651,ts_125_1_S-C-16,33,C14H15NO3,"1,6,7,8",1,80,3,83,S-C-16,Substitution
3651,3652,ts_125_1_S-D-2,19,C3H8N2O6,"1,6,7,8",1,88,5,93,S-D-2,Substitution
3652,3653,ts_125_1_S-G-6,21,C3H11NO5S,"1,6,7,8,16",0,100,5,105,S-G-6,Substitution
3653,3654,ts_125_2_A-A-1,18,C3H8N2O5,"1,6,7,8",1,100,5,105,A-A-1,Addition
3654,3655,ts_125_2_A-E-6,28,C9H15NO3,"1,6,7,8",1,98,5,103,A-E-6,Addition
3655,3656,ts_125_2_A-E-8,23,C8H12O3,"1,6,8",1,94,5,99,A-E-8,Addition
3656,3657,ts_125_2_A-E-15,18,C4H7Cl2NO3S,"1,6,7,8,16,17",0,100,5,105,A-E-15,Addition
3657,3658,ts_125_2_A-E-19,29,C11H13NO4,"1,6,7,8",1,98,5,103,A-E-19,Addition
3658,3659,ts_125_2_R-B-3,21,C7H10N2O2,"1,6,7,8",1,98,5,103,R-B-3,Cyclization
3659,3660,ts_125_2_S-A-9,29,C8H15ClO5,"1,6,8,17",0,98,5,103,S-A-9,Substitution
3660,3661,ts_125_2_S-D-10,23,C4H10N2O6S,"1,6,7,8,16",0,96,5,101,S-D-10,Substitution
3661,3662,ts_126_1_A-D-2,28,C8H13NO6,"1,6,7,8",1,95,5,100,A-D-2,Addition
3662,3663,ts_126_1_A-E-7,40,C17H18N2O3,"1,6,7,8",1,79,3,82,A-E-7,Addition
3663,3664,ts_126_1_A-I-3,13,C3H6N2O2,"1,6,7,8",1,98,5,103,A-I-3,Addition
3664,3665,ts_126_1_NO2-A-5-d,26,C6H11N3O6,"1,6,7,8",1,95,5,100,NO2-A-5-d,Addition
3665,3666,ts_126_1_NO2-A-7-e,29,C9H12N2O5S,"1,6,7,8,16",0,100,5,105,NO2-A-7-e,Addition
3666,3667,ts_126_1_NO2-A-8-c,23,C4H10N2O6S,"1,6,7,8,16",0,96,5,101,NO2-A-8-c,Addition
3667,3668,ts_126_1_NO2-B-2-d,25,C10H9ClN2O3,"1,6,7,8,17",0,89,5,94,NO2-B-2-d,Addition
3668,3669,ts_126_1_NO2-B-8-e,25,C5H12N2O5S,"1,6,7,8,16",0,98,5,103,NO2-B-8-e,Addition
3669,3670,ts_126_1_NO2-B-11-b,25,C9H11N3O2,"1,6,7,8",1,100,5,105,NO2-B-11-b,Addition
3670,3671,ts_126_1_NO2-C-3-e,30,C12H13NO4,"1,6,7,8",1,96,5,101,NO2-C-3-e,Addition
3671,3672,ts_126_1_NO2-C-12-e,29,C12H12N2O3,"1,6,7,8",1,94,5,99,NO2-C-12-e,Addition
3672,3673,ts_126_1_R-B-2,21,C7H10N2O2,"1,6,7,8",1,97,5,102,R-B-2,Cyclization
3673,3674,ts_126_1_R-B-3,18,C6H9FN2,"1,6,7,9",0,98,5,103,R-B-3,Cyclization
3674,3675,ts_126_1_RR-A-9-a,31,C12H15NO3,"1,6,7,8",1,98,5,103,RR-A-9-a,Rearrangement
3675,3676,ts_126_1_S-B-4-a,22,C10H8O4,"1,6,8",1,96,5,101,S-B-4-a,Rearrangement
3676,3677,ts_126_1_S-B-7,25,C7H11NO6,"1,6,7,8",1,96,5,101,S-B-7,Substitution
3677,3678,ts_126_1_S-C-2-aa,21,C7H7BrFNO4,"1,6,7,8,9,35",0,97,5,102,S-C-2-aa,Substitution
3678,3679,ts_126_1_S-C-16,28,C12H13NO2,"1,6,7,8",1,99,5,104,S-C-16,Substitution
3679,3680,ts_126_1_S-D-13,31,C11H13NO5S,"1,6,7,8,16",0,76,3,79,S-D-13,Substitution
3680,3681,ts_126_1_S-F-2,11,Cl2H4N2O2S,"1,7,8,16,17",0,98,5,103,S-F-2,Substitution
3681,3682,ts_126_1_S-G-5,24,C3H11N3O6S,"1,6,7,8,16",0,99,5,104,S-G-5,Substitution
3682,3683,ts_126_2_A-E-2,22,C7H12O3,"1,6,8",1,96,5,101,A-E-2,Addition
3683,3684,ts_126_2_A-F-1,20,C5H8ClNO4S,"1,6,7,8,16,17",0,98,5,103,A-F-1,Addition
3684,3685,ts_126_2_A-I-2,34,C16H15NO2,"1,6,7,8",1,76,3,79,A-I-2,Addition
3685,3686,ts_126_2_R-B-7,19,C6H10FNO,"1,6,7,8,9",0,99,5,104,R-B-7,Cyclization
3686,3687,ts_126_2_S-C-5,27,C9H13NO4,"1,6,7,8",1,99,5,104,S-C-5,Substitution
3687,3688,ts_126_3_S-A-11,20,C5H8O7,"1,6,8",1,92,5,97,S-A-11,Substitution
3688,3689,ts_127_1_A-E-16,20,C6H10BrClOS,"1,6,8,16,17,35",0,97,5,102,A-E-16,Addition
3689,3690,ts_127_1_A-I-1,30,C12H15NO2,"1,6,7,8",1,98,5,103,A-I-1,Addition
3690,3691,ts_127_1_E-1,17,C4H8N2O3,"1,6,7,8",1,97,5,102,E-1,Addition
3691,3692,ts_127_1_NO2-A-5-d,24,C6H11ClN2O4,"1,6,7,8,17",0,99,5,104,NO2-A-5-d,Addition
3692,3693,ts_127_1_NO2-A-6-e,24,C6H11NO5S,"1,6,7,8,16",0,99,5,104,NO2-A-6-e,Addition
3693,3694,ts_127_1_NO2-A-7-b,28,C11H11NO4S,"1,6,7,8,16",0,85,5,90,NO2-A-7-b,Rearrangement
3694,3695,ts_127_1_NO2-A-10-a,10,H5N3O2,"1,7,8",1,100,5,105,NO2-A-10-a,Substitution
3695,3696,ts_127_1_NO2-A-11-d,29,C9H13N3O4,"1,6,7,8",1,96,5,101,NO2-A-11-d,Addition
3696,3697,ts_127_1_NO2-B-8-d,27,C7H13NO5S,"1,6,7,8,16",0,96,5,101,NO2-B-8-d,Addition
3697,3698,ts_127_1_NO2-B-12-d,15,C3H7N3O2,"1,6,7,8",1,97,5,102,NO2-B-12-d,Addition
3698,3699,ts_127_1_RR-A-13-c,33,C14H16O3,"1,6,8",1,77,3,80,RR-A-13-c,Rearrangement
3699,3700,ts_127_1_RR-B-7-a,14,C2H8N2O2,"1,6,7,8",1,99,5,104,RR-B-7-a,Rearrangement
3700,3701,ts_127_1_S-C-2-aa,21,C7H7BrFNO4,"1,6,7,8,9,35",0,95,5,100,S-C-2-aa,Substitution
3701,3702,ts_127_1_S-C-16,25,C10H12N2O,"1,6,7,8",1,99,5,104,S-C-16,Substitution
3702,3703,ts_127_1_S-D-15,33,C11H13NO7S,"1,6,7,8,16",0,78,3,81,S-D-15,Substitution
3703,3704,ts_127_2_A-E-20,18,C6H9BrO2,"1,6,8,35",0,95,5,100,A-E-20,Addition
3704,3705,ts_127_2_A-F-1,22,C7H9ClO4S,"1,6,8,16,17",0,96,5,101,A-F-1,Addition
3705,3706,ts_127_2_A-F-2,22,C7H9BrO4S,"1,6,8,16,35",0,89,5,94,A-F-2,Addition
3706,3707,ts_127_2_R-A-10,19,C6H9FO3,"1,6,8,9",0,95,5,100,R-A-10,Cyclization
3707,3708,ts_127_2_S-C-13,41,C17H21NO2,"1,6,7,8",1,80,3,83,S-C-13,Substitution
3708,3709,ts_128_1_A-E-9,30,C13H14O3,"1,6,8",1,98,5,103,A-E-9,Addition
3709,3710,ts_128_1_A-E-15,20,C6H8Cl2O3S,"1,6,8,16,17",0,95,5,100,A-E-15,Addition
3710,3711,ts_128_1_A-E-19,31,C13H14O4,"1,6,8",1,98,5,103,A-E-19,Addition
3711,3712,ts_128_1_A-I-5,46,C21H21N3O,"1,6,7,8",1,79,3,82,A-I-5,Addition
3712,3713,ts_128_1_E-2-b,17,C4H8N2O3,"1,6,7,8",1,95,5,100,E-2-b,Addition
3713,3714,ts_128_1_NO2-A-1-a,25,C7H11NO6,"1,6,7,8",1,97,5,102,NO2-A-1-a,Substitution
3714,3715,ts_128_1_NO2-A-1-e,25,C7H11NO6,"1,6,7,8",1,93,5,98,NO2-A-1-e,Addition
3715,3716,ts_128_1_NO2-A-4-a,31,C12H13NO5,"1,6,7,8",1,75,3,78,NO2-A-4-a,Substitution
3716,3717,ts_128_1_NO2-A-7-a,28,C10H11NO5S,"1,6,7,8,16",0,94,5,99,NO2-A-7-a,Substitution
3717,3718,ts_128_1_NO2-A-11-b,25,C10H10N2O3,"1,6,7,8",1,91,5,96,NO2-A-11-b,Rearrangement
3718,3719,ts_128_1_NO2-B-8-e,27,C7H13NO5S,"1,6,7,8,16",0,97,5,102,NO2-B-8-e,Addition
3719,3720,ts_128_1_R-A-2,22,C7H11ClO3,"1,6,8,17",0,96,5,101,R-A-2,Cyclization
3720,3721,ts_128_1_RR-A-1,20,C7H10O3,"1,6,8",1,98,5,103,RR-A-1,Rearrangement
3721,3722,ts_128_1_RR-A-3-a,26,C14H8BrNO2,"1,6,7,8,35",0,86,5,91,RR-A-3-a,Rearrangement
3722,3723,ts_128_1_RR-B-5-a,19,C6H8ClNO3,"1,6,7,8,17",0,95,5,100,RR-B-5-a,Rearrangement
3723,3724,ts_128_1_S-A-21,14,C4H6ClFO2,"1,6,8,9,17",0,92,5,97,S-A-21,Substitution
3724,3725,ts_128_1_S-B-9,24,C6H12N2O4,"1,6,7,8",1,97,5,102,S-B-9,Substitution
3725,3726,ts_128_1_S-B-13,43,C18H18N2O5,"1,6,7,8",1,76,3,79,S-B-13,Substitution
3726,3727,ts_128_1_S-C-2-aa,21,C7H7BrFNO4,"1,6,7,8,9,35",0,95,5,100,S-C-2-aa,Substitution
3727,3728,ts_128_1_S-C-3,25,C9H11NO4,"1,6,7,8",1,98,5,103,S-C-3,Substitution
3728,3729,ts_128_1_S-D-12,25,C5H12N2O5S,"1,6,7,8,16",0,99,5,104,S-D-12,Substitution
3729,3730,ts_128_1_S-F-2,15,CH6Cl2N2O3S,"1,6,7,8,16,17",0,99,5,104,S-F-2,Substitution
3730,3731,ts_128_2_A-E-6,29,C9H15NO4,"1,6,7,8",1,97,5,102,A-E-6,Addition
3731,3732,ts_128_2_A-E-14,25,C7H11ClO5S,"1,6,8,16,17",0,99,5,104,A-E-14,Addition
3732,3733,ts_128_2_A-E-22,24,C7H11BrO4S,"1,6,8,16,35",0,98,5,103,A-E-22,Addition
3733,3734,ts_128_2_A-I-1,29,C11H15NO2,"1,6,7,8",1,100,5,105,A-I-1,Addition
3734,3735,ts_128_2_R-A-7,23,C6H13NO3,"1,6,7,8",1,98,5,103,R-A-7,Cyclization
3735,3736,ts_128_2_R-B-4,21,C7H11N3,"1,6,7",1,96,5,101,R-B-4,Cyclization
3736,3737,ts_128_2_S-C-16,29,C11H14N2O2,"1,6,7,8",1,100,5,105,S-C-16,Substitution
3737,3738,ts_128_2_S-D-9,19,C4H9NO4S,"1,6,7,8,16",0,98,5,103,S-D-9,Substitution
3738,3739,ts_128_2_S-D-10,20,C4H9NO5S,"1,6,7,8,16",0,97,5,102,S-D-10,Substitution
3739,3740,ts_129_1_A-A-2,27,C9H13NO4,"1,6,7,8",1,100,5,105,A-A-2,Addition
3740,3741,ts_129_1_A-E-11,17,C5H9NO2,"1,6,7,8",1,97,5,102,A-E-11,Addition
3741,3742,ts_129_1_A-I-1,28,C11H13NO3,"1,6,7,8",1,94,5,99,A-I-1,Addition
3742,3743,ts_129_1_A-I-4,14,C2H7N3OS,"1,6,7,8,16",0,99,5,104,A-I-4,Addition
3743,3744,ts_129_1_NO2-A-4-b,23,C10H9NO3,"1,6,7,8",1,97,5,102,NO2-A-4-b,Rearrangement
3744,3745,ts_129_1_NO2-A-6-c,19,C4H9NO4S,"1,6,7,8,16",0,100,5,105,NO2-A-6-c,Addition
3745,3746,ts_129_1_NO2-A-8-e,20,C4H9NO5S,"1,6,7,8,16",0,100,5,105,NO2-A-8-e,Addition
3746,3747,ts_129_1_NO2-A-9-e,17,C3H8N2O4,"1,6,7,8",1,97,5,102,NO2-A-9-e,Addition
3747,3748,ts_129_1_NO2-A-11-a,27,C9H12N2O4,"1,6,7,8",1,96,5,101,NO2-A-11-a,Substitution
3748,3749,ts_129_1_NO2-A-11-c,23,C8H10N2O3,"1,6,7,8",1,97,5,102,NO2-A-11-c,Addition
3749,3750,ts_129_1_NO2-A-12-e,15,C4H6N2O3,"1,6,7,8",1,87,5,92,NO2-A-12-e,Addition
3750,3751,ts_129_1_NO2-B-2-d,25,C10H9FN2O3,"1,6,7,8,9",0,93,5,98,NO2-B-2-d,Addition
3751,3752,ts_129_1_NO2-B-3-e,15,C3H8N2O2,"1,6,7,8",1,99,5,104,NO2-B-3-e,Addition
3752,3753,ts_129_1_NO2-B-8-e,22,C5H11NO4S,"1,6,7,8,16",0,100,5,105,NO2-B-8-e,Addition
3753,3754,ts_129_1_NO2-C-2-e,33,C14H14N2O3,"1,6,7,8",1,80,3,83,NO2-C-2-e,Addition
3754,3755,ts_129_1_R-A-10,14,C4H7FO2,"1,6,8,9",0,98,5,103,R-A-10,Cyclization
3755,3756,ts_129_1_R-B-2,24,C8H14N2,"1,6,7",1,100,5,105,R-B-2,Cyclization
3756,3757,ts_129_1_R-B-13,27,C11H14O2,"1,6,8",1,97,5,102,R-B-13,Cyclization
3757,3758,ts_129_1_R-B-15-a,19,C6H9ClO3,"1,6,8,17",0,97,5,102,R-B-15-a,Rearrangement
3758,3759,ts_129_1_RR-A-13-a,28,C12H14O2,"1,6,8",1,100,5,105,RR-A-13-a,Rearrangement
3759,3760,ts_129_1_RR-A-18,28,C12H14O2,"1,6,8",1,96,5,101,RR-A-18,Rearrangement
3760,3761,ts_129_1_RR-B-2-b,20,C8H9NO2,"1,6,7,8",1,96,5,101,RR-B-2-b,Rearrangement
3761,3762,ts_129_1_S-A-5,24,C7H11ClO5,"1,6,8,17",0,97,5,102,S-A-5,Substitution
3762,3763,ts_129_1_S-A-18,24,C6H11ClN2O4,"1,6,7,8,17",0,94,5,99,S-A-18,Substitution
3763,3764,ts_129_1_S-B-5-b,12,C2H5Br2NO2,"1,6,7,8,35",0,97,5,102,S-B-5-b,Addition
3764,3765,ts_129_1_S-B-13,38,C16H16N2O4,"1,6,7,8",1,78,3,81,S-B-13,Substitution
3765,3766,ts_129_1_S-C-2-ab,21,C7H7ClFNO4,"1,6,7,8,9,17",0,95,5,100,S-C-2-ab,Substitution
3766,3767,ts_129_1_S-C-10,34,C14H15BrO3S,"1,6,8,16,35",0,80,3,83,S-C-10,Substitution
3767,3768,ts_129_1_S-C-15,29,C11H14N2O2,"1,6,7,8",1,99,5,104,S-C-15,Substitution
3768,3769,ts_129_1_S-F-1,29,C11H14BrNO2,"1,6,7,8,35",0,96,5,101,S-F-1,Substitution
3769,3770,ts_129_1_S-F-3,14,CH5ClN2O4S,"1,6,7,8,16,17",0,97,5,102,S-F-3,Substitution
3770,3771,ts_129_2_A-E-1,13,C4H7ClO,"1,6,8,17",0,97,5,102,A-E-1,Addition
3771,3772,ts_129_2_A-E-10,19,C6H10O3,"1,6,8",1,95,5,100,A-E-10,Addition
3772,3773,ts_129_2_R-A-6,23,C6H11NO5,"1,6,7,8",1,100,5,105,R-A-6,Cyclization
3773,3774,ts_129_3_R-A-7,26,C6H16N2O2,"1,6,7,8",1,100,5,105,R-A-7,Cyclization
3774,3775,ts_129_4_R-A-7,26,C6H16N2O2,"1,6,7,8",1,100,5,105,R-A-7,Cyclization
3775,3776,ts_130_1_A-E-2,20,C6H11FO2,"1,6,8,9",0,98,5,103,A-E-2,Addition
3776,3777,ts_130_1_A-E-5,21,C8H11NS,"1,6,7,16",0,100,5,105,A-E-5,Addition
3777,3778,ts_130_1_A-E-19,23,C9H11NO2,"1,6,7,8",1,100,5,105,A-E-19,Addition
3778,3779,ts_130_1_A-E-22,16,C3H8BrNO2S,"1,6,7,8,16,35",0,100,5,105,A-E-22,Addition
3779,3780,ts_130_1_A-I-6,43,C20H19N3S,"1,6,7,16",0,76,3,79,A-I-6,Addition
3780,3781,ts_130_1_NO2-A-1-c,17,C3H8N2O4,"1,6,7,8",1,100,5,105,NO2-A-1-c,Addition
3781,3782,ts_130_1_NO2-A-3-b,10,C2H4N2O2,"1,6,7,8",1,95,5,100,NO2-A-3-b,Rearrangement
3782,3783,ts_130_1_NO2-A-8-d,17,C2H8N2O4S,"1,6,7,8,16",0,100,5,105,NO2-A-8-d,Addition
3783,3784,ts_130_1_NO2-A-10-b,7,H3N3O,"1,7,8",1,100,5,105,NO2-A-10-b,Rearrangement
3784,3785,ts_130_1_NO2-A-11-b,17,C6H7N3O,"1,6,7,8",1,100,5,105,NO2-A-11-b,Rearrangement
3785,3786,ts_130_1_NO2-B-3-e,19,C4H10N2O3,"1,6,7,8",1,99,5,104,NO2-B-3-e,Addition
3786,3787,ts_130_1_NO2-B-12-e,18,C4H9N3O2,"1,6,7,8",1,93,5,98,NO2-B-12-e,Addition
3787,3788,ts_130_1_NO2-C-2-e,37,C15H16N2O4,"1,6,7,8",1,79,3,82,NO2-C-2-e,Addition
3788,3789,ts_130_1_NO2-C-3-e,26,C9H12N2O3,"1,6,7,8",1,98,5,103,NO2-C-3-e,Addition
3789,3790,ts_130_1_R-B-13,27,C10H15NO,"1,6,7,8",1,100,5,105,R-B-13,Cyclization
3790,3791,ts_130_1_RR-A-3-a,26,C14H8FNO2,"1,6,7,8,9",0,92,5,97,RR-A-3-a,Rearrangement
3791,3792,ts_130_1_RR-A-3-b,30,C14H11NO4,"1,6,7,8",1,77,3,80,RR-A-3-b,Rearrangement
3792,3793,ts_130_1_RR-A-13-c,25,C10H13NO,"1,6,7,8",1,100,5,105,RR-A-13-c,Rearrangement
3793,3794,ts_130_1_RR-B-7-a,15,C3H7NO4,"1,6,7,8",1,100,5,105,RR-B-7-a,Rearrangement
3794,3795,ts_130_1_RR-B-8-b,21,C7H10N2O2,"1,6,7,8",1,100,5,105,RR-B-8-b,Rearrangement
3795,3796,ts_130_1_S-A-2,32,C11H15ClN2O3,"1,6,7,8,17",0,78,3,81,S-A-2,Substitution
3796,3797,ts_130_1_S-A-6,23,C5H13NO4,"1,6,7,8",1,100,5,105,S-A-6,Substitution
3797,3798,ts_130_1_S-A-14,21,C5H10ClNO3S,"1,6,7,8,16,17",0,99,5,104,S-A-14,Substitution
3798,3799,ts_130_1_S-B-5-b,16,C3H7Br2NO3,"1,6,7,8,35",0,100,5,105,S-B-5-b,Addition
3799,3800,ts_130_1_S-C-2-aa,21,C7H7ClFNO4,"1,6,7,8,9,17",0,97,5,102,S-C-2-aa,Substitution
3800,3801,ts_130_1_S-D-14,28,C8H12N2O5S,"1,6,7,8,16",0,99,5,104,S-D-14,Substitution
3801,3802,ts_130_2_A-E-1,10,C2H6ClN,"1,6,7,17",0,100,5,105,A-E-1,Addition
3802,3803,ts_130_2_A-E-2,20,C6H11FO2,"1,6,8,9",0,100,5,105,A-E-2,Addition
3803,3804,ts_130_2_A-E-8,21,C7H11FO2,"1,6,8,9",0,100,5,105,A-E-8,Addition
3804,3805,ts_130_2_A-E-16,20,C6H10ClFOS,"1,6,8,9,16,17",0,97,5,102,A-E-16,Addition
3805,3806,ts_130_2_A-E-19,23,C9H11NO2,"1,6,7,8",1,100,5,105,A-E-19,Addition
3806,3807,ts_130_2_S-H-1,20,C2H5Cl5NO5PS,"1,6,7,8,15,16,17",0,100,5,105,S-H-1,Substitution
3807,3808,ts_131_1_A-D-1,17,C4H9NO3,"1,6,7,8",1,99,5,104,A-D-1,Addition
3808,3809,ts_131_1_A-E-21,14,C3H7Br2NO,"1,6,7,8,35",0,100,5,105,A-E-21,Addition
3809,3810,ts_131_1_NO2-A-2-c,28,C9H12N2O5,"1,6,7,8",1,98,5,103,NO2-A-2-c,Addition
3810,3811,ts_131_1_NO2-A-5-a,25,C5H13N3O4,"1,6,7,8",1,99,5,104,NO2-A-5-a,Substitution
3811,3812,ts_131_1_NO2-A-7-e,27,C8H12N2O4S,"1,6,7,8,16",0,99,5,104,NO2-A-7-e,Addition
3812,3813,ts_131_1_NO2-A-10-a,9,H4N2O3,"1,7,8",1,99,5,104,NO2-A-10-a,Substitution
3813,3814,ts_131_1_NO2-A-10-c,9,H4N2O3,"1,7,8",1,100,5,105,NO2-A-10-c,Addition
3814,3815,ts_131_1_NO2-A-11-e,24,C7H11N3O3,"1,6,7,8",1,100,5,105,NO2-A-11-e,Addition
3815,3816,ts_131_1_NO2-A-12-d,16,C3H7N3O3,"1,6,7,8",1,95,5,100,NO2-A-12-d,Addition
3816,3817,ts_131_1_NO2-B-2-d,27,C10H9N3O5,"1,6,7,8",1,88,5,93,NO2-B-2-d,Addition
3817,3818,ts_131_1_NO2-B-2-e,30,C10H14N2O4,"1,6,7,8",1,98,5,103,NO2-B-2-e,Addition
3818,3819,ts_131_1_NO2-B-11-b,23,C8H11N3O,"1,6,7,8",1,100,5,105,NO2-B-11-b,Addition
3819,3820,ts_131_1_NO2-B-11-c,26,C8H13N3O2,"1,6,7,8",1,100,5,105,NO2-B-11-c,Addition
3820,3821,ts_131_1_NO2-C-12-e,25,C9H11N3O2,"1,6,7,8",1,94,5,99,NO2-C-12-e,Addition
3821,3822,ts_131_1_R-A-1,12,C3H5ClN2O,"1,6,7,8,17",0,98,5,103,R-A-1,Cyclization
3822,3823,ts_131_1_R-B-3,19,C6H8N2O3,"1,6,7,8",1,99,5,104,R-B-3,Cyclization
3823,3824,ts_131_1_R-B-14,27,C8H14O5,"1,6,8",1,99,5,104,R-B-14,Cyclization
3824,3825,ts_131_1_R-B-15-a,20,C5H10ClNO3,"1,6,7,8,17",0,99,5,104,R-B-15-a,Rearrangement
3825,3826,ts_131_1_RR-A-1,16,C4H9NO2,"1,6,7,8",1,98,5,103,RR-A-1,Rearrangement
3826,3827,ts_131_1_RR-A-2-a,21,C9H6N2O4,"1,6,7,8",1,83,5,88,RR-A-2-a,Rearrangement
3827,3828,ts_131_1_RR-A-3-a,28,C14H8N2O4,"1,6,7,8",1,72,3,75,RR-A-3-a,Rearrangement
3828,3829,ts_131_1_RR-A-3-b,30,C14H11NO4,"1,6,7,8",1,76,3,79,RR-A-3-b,Rearrangement
3829,3830,ts_131_1_RR-B-5-a,15,C3H7ClN2O2,"1,6,7,8,17",0,99,5,104,RR-B-5-a,Rearrangement
3830,3831,ts_131_1_RR-B-6-a,18,C4H10N2O2,"1,6,7,8",1,98,5,103,RR-B-6-a,Rearrangement
3831,3832,ts_131_1_S-A-16,27,C10H10ClNO4S,"1,6,7,8,16,17",0,93,5,98,S-A-16,Substitution
3832,3833,ts_131_1_S-B-3-a,11,C3H5NO2,"1,6,7,8",1,97,5,102,S-B-3-a,Rearrangement
3833,3834,ts_131_1_S-C-2-aa,21,C7H7ClFNO4,"1,6,7,8,9,17",0,97,5,102,S-C-2-aa,Substitution
3834,3835,ts_131_1_S-D-2,17,C2H8N2O5,"1,6,7,8",1,97,5,102,S-D-2,Substitution
3835,3836,ts_131_1_S-D-9,20,C3H10N2O4S,"1,6,7,8,16",0,99,5,104,S-D-9,Substitution
3836,3837,ts_131_1_S-D-11,22,C3H10N2O6S,"1,6,7,8,16",0,97,5,102,S-D-11,Substitution
3837,3838,ts_131_1_S-D-13,27,C8H12N2O4S,"1,6,7,8,16",0,97,5,102,S-D-13,Substitution
3838,3839,ts_131_1_S-D-14,28,C8H12N2O5S,"1,6,7,8,16",0,96,5,101,S-D-14,Substitution
3839,3840,ts_131_1_S-F-1,29,C10H15BrN2O,"1,6,7,8,35",0,100,5,105,S-F-1,Substitution
3840,3841,ts_131_1_S-G-4,23,C3H10N2O7S,"1,6,7,8,16",0,98,5,103,S-G-4,Substitution
3841,3842,ts_131_2_A-E-2,15,C4H9BrO,"1,6,8,35",0,100,5,105,A-E-2,Addition
3842,3843,ts_131_2_R-A-6,17,C4H10ClNO,"1,6,7,8,17",0,100,5,105,R-A-6,Cyclization
3843,3844,ts_131_2_S-C-13,37,C16H18FNO,"1,6,7,8,9",0,79,3,82,S-C-13,Substitution
3844,3845,ts_131_2_S-F-2,19,C3H8Cl2N2O3S,"1,6,7,8,16,17",0,96,5,101,S-F-2,Substitution
3845,3846,ts_132_1_A-E-1,14,C3H8ClNO,"1,6,7,8,17",0,99,5,104,A-E-1,Addition
3846,3847,ts_132_1_A-E-18,27,C10H13NO3,"1,6,7,8",1,95,5,100,A-E-18,Addition
3847,3848,ts_132_1_A-E-24,15,C4H7Br2ClS,"1,6,16,17,35",0,100,5,105,A-E-24,Addition
3848,3849,ts_132_1_A-I-1,25,C10H12FNO,"1,6,7,8,9",0,99,5,104,A-I-1,Addition
3849,3850,ts_132_1_NO2-A-2-d,28,C9H12N2O5,"1,6,7,8",1,97,5,102,NO2-A-2-d,Addition
3850,3851,ts_132_1_NO2-A-5-a,25,C5H13N3O4,"1,6,7,8",1,94,5,99,NO2-A-5-a,Substitution
3851,3852,ts_132_1_NO2-A-5-b,22,C5H11N3O3,"1,6,7,8",1,97,5,102,NO2-A-5-b,Rearrangement
3852,3853,ts_132_1_NO2-A-6-e,20,C3H10N2O4S,"1,6,7,8,16",0,99,5,104,NO2-A-6-e,Addition
3853,3854,ts_132_1_NO2-A-10-e,14,CH7N3O3,"1,6,7,8",1,99,5,104,NO2-A-10-e,Addition
3854,3855,ts_132_1_NO2-A-11-b,21,C7H9N3O2,"1,6,7,8",1,100,5,105,NO2-A-11-b,Rearrangement
3855,3856,ts_132_1_NO2-B-11-c,26,C8H13N3O2,"1,6,7,8",1,100,5,105,NO2-B-11-c,Addition
3856,3857,ts_132_1_R-A-10,15,C3H8FNO2,"1,6,7,8,9",0,100,5,105,R-A-10,Cyclization
3857,3858,ts_132_1_RR-B-7-b,18,C3H10N2O3,"1,6,7,8",1,99,5,104,RR-B-7-b,Rearrangement
3858,3859,ts_132_1_S-A-13,30,C11H14ClNO3,"1,6,7,8,17",0,97,5,102,S-A-13,Substitution
3859,3860,ts_132_1_S-G-2,19,C2H7ClN2O6S,"1,6,7,8,16,17",0,98,5,103,S-G-2,Substitution
3860,3861,ts_132_2_A-E-1,14,C3H8ClNO,"1,6,7,8,17",0,100,5,105,A-E-1,Addition
3861,3862,ts_132_2_A-E-2,16,C4H9BrO2,"1,6,8,35",0,99,5,104,A-E-2,Addition
3862,3863,ts_132_2_A-E-6,21,C6H11BrClNO,"1,6,7,8,17,35",0,100,5,105,A-E-6,Addition
3863,3864,ts_132_2_A-E-18,27,C10H13NO3,"1,6,7,8",1,98,5,103,A-E-18,Addition
3864,3865,ts_132_2_R-A-10,15,C3H8FNO2,"1,6,7,8,9",0,100,5,105,R-A-10,Cyclization
3865,3866,ts_132_2_S-F-1,30,C11H14BrNO3,"1,6,7,8,35",0,95,5,100,S-F-1,Substitution
3866,3867,ts_133_1_A-E-2,15,C4H8BrClO,"1,6,8,17,35",0,100,5,105,A-E-2,Addition
3867,3868,ts_133_1_A-E-14,19,C4H7BrClNO4S,"1,6,7,8,16,17,35",0,96,5,101,A-E-14,Addition
3868,3869,ts_133_1_A-E-23,13,C3H4Br2O3S,"1,6,8,16,35",0,100,5,105,A-E-23,Addition
3869,3870,ts_133_1_NO2-A-1-b,15,C4H5NO5,"1,6,7,8",1,100,5,105,NO2-A-1-b,Rearrangement
3870,3871,ts_133_1_NO2-A-2-b,20,C8H7NO4,"1,6,7,8",1,99,5,104,NO2-A-2-b,Rearrangement
3871,3872,ts_133_1_NO2-A-5-a,22,C5H10N2O5,"1,6,7,8",1,95,5,100,NO2-A-5-a,Substitution
3872,3873,ts_133_1_NO2-A-6-b,14,C3H5NO4S,"1,6,7,8,16",0,99,5,104,NO2-A-6-b,Rearrangement
3873,3874,ts_133_1_NO2-A-9-a,14,CH6ClN3O3,"1,6,7,8,17",0,99,5,104,NO2-A-9-a,Substitution
3874,3875,ts_133_1_NO2-A-9-b,12,C2H4N2O4,"1,6,7,8",1,98,5,103,NO2-A-9-b,Rearrangement
3875,3876,ts_133_1_NO2-A-9-c,15,C2H6N2O5,"1,6,7,8",1,98,5,103,NO2-A-9-c,Addition
3876,3877,ts_133_1_NO2-A-11-b,18,C7H6N2O3,"1,6,7,8",1,100,5,105,NO2-A-11-b,Rearrangement
3877,3878,ts_133_1_NO2-A-12-e,13,C3H4N2O4,"1,6,7,8",1,95,5,100,NO2-A-12-e,Addition
3878,3879,ts_133_1_NO2-B-2-d,26,C9H9ClN2O5,"1,6,7,8,17",0,95,5,100,NO2-B-2-d,Addition
3879,3880,ts_133_1_NO2-B-7-e,24,C8H11NO3S,"1,6,7,8,16",0,100,5,105,NO2-B-7-e,Addition
3880,3881,ts_133_1_NO2-B-11-c,23,C8H10N2O3,"1,6,7,8",1,97,5,102,NO2-B-11-c,Addition
3881,3882,ts_133_1_NO2-B-11-d,23,C8H10N2O3,"1,6,7,8",1,98,5,103,NO2-B-11-d,Addition
3882,3883,ts_133_1_NO2-C-8-e,25,C8H11NO4S,"1,6,7,8,16",0,100,5,105,NO2-C-8-e,Addition
3883,3884,ts_133_1_R-B-7,22,C7H12O3,"1,6,8",1,99,5,104,R-B-7,Cyclization
3884,3885,ts_133_1_RR-B-1-b,14,C4H6O4,"1,6,8",1,95,5,100,RR-B-1-b,Rearrangement
3885,3886,ts_133_1_RR-B-6-a,17,C4H9NO3,"1,6,7,8",1,100,5,105,RR-B-6-a,Rearrangement
3886,3887,ts_133_1_RR-B-6-b,18,C4H10N2O2,"1,6,7,8",1,100,5,105,RR-B-6-b,Rearrangement
3887,3888,ts_133_1_RR-B-8-b,22,C8H9NO4,"1,6,7,8",1,100,5,105,RR-B-8-b,Rearrangement
3888,3889,ts_133_1_S-A-15,29,C10H14BrNO3,"1,6,7,8,35",0,100,5,105,S-A-15,Substitution
3889,3890,ts_133_1_S-B-7,16,C3H7NO5,"1,6,7,8",1,96,5,101,S-B-7,Substitution
3890,3891,ts_133_1_S-C-15,33,C13H16N2O2,"1,6,7,8",1,79,3,82,S-C-15,Substitution
3891,3892,ts_133_1_S-F-4,15,C2H8N2O3,"1,6,7,8",1,98,5,103,S-F-4,Substitution
3892,3893,ts_133_2_A-E-10,17,C5H8O4,"1,6,8",1,96,5,101,A-E-10,Addition
3893,3894,ts_134_1_A-A-2,24,C8H11NO4,"1,6,7,8",1,99,5,104,A-A-2,Addition
3894,3895,ts_134_1_A-I-4,14,C2H7N3OS,"1,6,7,8,16",0,100,5,105,A-I-4,Addition
3895,3896,ts_134_1_A-I-6,44,C21H18N2O2S,"1,6,7,8,16",0,78,3,81,A-I-6,Addition
3896,3897,ts_134_1_NO2-A-1-c,16,C3H7NO5,"1,6,7,8",1,98,5,103,NO2-A-1-c,Addition
3897,3898,ts_134_1_NO2-A-2-b,29,C11H12N2O4,"1,6,7,8",1,97,5,102,NO2-A-2-b,Rearrangement
3898,3899,ts_134_1_NO2-A-2-e,23,C8H9NO5,"1,6,7,8",1,95,5,100,NO2-A-2-e,Addition
3899,3900,ts_134_1_NO2-A-3-b,9,C2H3NO3,"1,6,7,8",1,98,5,103,NO2-A-3-b,Rearrangement
3900,3901,ts_134_1_NO2-A-7-d,22,C7H9NO4S,"1,6,7,8,16",0,100,5,105,NO2-A-7-d,Addition
3901,3902,ts_134_1_NO2-A-9-d,13,CH6N2O4,"1,6,7,8",1,100,5,105,NO2-A-9-d,Addition
3902,3903,ts_134_1_NO2-A-11-c,19,C6H8N2O3,"1,6,7,8",1,100,5,105,NO2-A-11-c,Addition
3903,3904,ts_134_1_NO2-A-12-e,11,C2H4N2O3,"1,6,7,8",1,93,5,98,NO2-A-12-e,Addition
3904,3905,ts_134_1_NO2-B-2-e,34,C12H16N2O4,"1,6,7,8",1,75,3,78,NO2-B-2-e,Addition
3905,3906,ts_134_1_NO2-B-8-d,18,C3H9NO4S,"1,6,7,8,16",0,100,5,105,NO2-B-8-d,Addition
3906,3907,ts_134_1_NO2-C-3-e,30,C11H14N2O3,"1,6,7,8",1,98,5,103,NO2-C-3-e,Addition
3907,3908,ts_134_1_NO2-C-8-e,34,C11H16N2O4S,"1,6,7,8,16",0,77,3,80,NO2-C-8-e,Addition
3908,3909,ts_134_1_R-A-8,28,C7H15ClN2O3,"1,6,7,8,17",0,99,5,104,R-A-8,Cyclization
3909,3910,ts_134_1_R-B-12,18,C7H10O,"1,6,8",1,99,5,104,R-B-12,Cyclization
3910,3911,ts_134_1_RR-A-1,11,C3H6O2,"1,6,8",1,100,5,105,RR-A-1,Rearrangement
3911,3912,ts_134_1_RR-A-2-b,26,C10H12FNO2,"1,6,7,8,9",0,96,5,101,RR-A-2-b,Rearrangement
3912,3913,ts_134_1_RR-A-3-b,28,C14H11ClO2,"1,6,8,17",0,99,5,104,RR-A-3-b,Rearrangement
3913,3914,ts_134_1_RR-A-4,13,C4H8O,"1,6,8",1,100,5,105,RR-A-4,Rearrangement
3914,3915,ts_134_1_RR-A-10,24,C8H14O2,"1,6,8",1,99,5,104,RR-A-10,Rearrangement
3915,3916,ts_134_1_RR-B-6-a,17,C4H9NO3,"1,6,7,8",1,97,5,102,RR-B-6-a,Rearrangement
3916,3917,ts_134_1_RR-B-8-a,33,C12H15NO5,"1,6,7,8",1,76,3,79,RR-B-8-a,Rearrangement
3917,3918,ts_134_1_RR-B-8-b,20,C7H9NO3,"1,6,7,8",1,100,5,105,RR-B-8-b,Rearrangement
3918,3919,ts_134_1_S-A-15,31,C11H15NO4,"1,6,7,8",1,94,5,99,S-A-15,Substitution
3919,3920,ts_134_1_S-B-7,25,C6H12N2O5,"1,6,7,8",1,92,5,97,S-B-7,Substitution
3920,3921,ts_134_1_S-C-2-ab,21,C7H7BrClNO4,"1,6,7,8,17,35",0,97,5,102,S-C-2-ab,Substitution
3921,3922,ts_134_1_S-D-11,26,C5H12N2O6S,"1,6,7,8,16",0,98,5,103,S-D-11,Substitution
3922,3923,ts_134_1_S-D-15,33,C10H14N2O6S,"1,6,7,8,16",0,77,3,80,S-D-15,Substitution
3923,3924,ts_134_1_S-F-3,14,CH7ClN2O2S,"1,6,7,8,16,17",0,99,5,104,S-F-3,Substitution
3924,3925,ts_134_1_S-G-6,24,C4H11NO7S,"1,6,7,8,16",0,100,5,105,S-G-6,Substitution
3925,3926,ts_134_2_A-E-1,9,C2H5ClO,"1,6,8,17",0,100,5,105,A-E-1,Addition
3926,3927,ts_134_2_A-E-2,17,C4H8BrNO3,"1,6,7,8,35",0,100,5,105,A-E-2,Addition
3927,3928,ts_134_2_A-E-10,15,C4H8O3,"1,6,8",1,98,5,103,A-E-10,Addition
3928,3929,ts_134_2_A-E-11,13,C3H7NO2,"1,6,7,8",1,98,5,103,A-E-11,Addition
3929,3930,ts_134_2_A-E-18,22,C9H10O3,"1,6,8",1,95,5,100,A-E-18,Addition
3930,3931,ts_134_2_A-I-4,14,C2H7N3OS,"1,6,7,8,16",0,99,5,104,A-I-4,Addition
3931,3932,ts_134_2_R-A-7,25,C6H15NO3,"1,6,7,8",1,100,5,105,R-A-7,Cyclization
3932,3933,ts_134_2_S-A-9,25,C7H12ClFO4,"1,6,8,9,17",0,95,5,100,S-A-9,Substitution
3933,3934,ts_134_2_S-F-1,24,C9H12BrNO,"1,6,7,8,35",0,98,5,103,S-F-1,Substitution
3934,3935,ts_135_1_A-E-7,42,C18H20N2O2,"1,6,7,8",1,80,3,83,A-E-7,Addition
3935,3936,ts_135_1_A-E-9,30,C12H15NO2,"1,6,7,8",1,97,5,102,A-E-9,Addition
3936,3937,ts_135_1_NO2-A-1-a,25,C6H12N2O5,"1,6,7,8",1,96,5,101,NO2-A-1-a,Substitution
3937,3938,ts_135_1_NO2-A-4-b,28,C11H12N2O3,"1,6,7,8",1,96,5,101,NO2-A-4-b,Rearrangement
3938,3939,ts_135_1_NO2-A-9-b,19,C4H9N3O3,"1,6,7,8",1,100,5,105,NO2-A-9-b,Rearrangement
3939,3940,ts_135_1_NO2-A-10-e,18,C3H9N3O3,"1,6,7,8",1,100,5,105,NO2-A-10-e,Addition
3940,3941,ts_135_1_NO2-A-11-c,28,C9H13N3O3,"1,6,7,8",1,99,5,104,NO2-A-11-c,Addition
3941,3942,ts_135_1_NO2-A-11-d,29,C9H14N2O4,"1,6,7,8",1,100,5,105,NO2-A-11-d,Addition
3942,3943,ts_135_1_NO2-B-3-e,23,C6H12N2O3,"1,6,7,8",1,97,5,102,NO2-B-3-e,Addition
3943,3944,ts_135_1_NO2-B-8-d,27,C6H14N2O4S,"1,6,7,8,16",0,99,5,104,NO2-B-8-d,Addition
3944,3945,ts_135_1_NO2-C-8-e,34,C11H16N2O4S,"1,6,7,8,16",0,78,3,81,NO2-C-8-e,Addition
3945,3946,ts_135_1_RR-A-2-b,26,C10H12FNO2,"1,6,7,8,9",0,99,5,104,RR-A-2-b,Rearrangement
3946,3947,ts_135_1_RR-B-1-b,21,C6H11NO3,"1,6,7,8",1,100,5,105,RR-B-1-b,Rearrangement
3947,3948,ts_135_1_S-A-7,17,C4H6Cl3NO3,"1,6,7,8,17",0,95,5,100,S-A-7,Substitution
3948,3949,ts_135_1_S-A-17,26,C6H16N2O2,"1,6,7,8",1,98,5,103,S-A-17,Substitution
3949,3950,ts_135_1_S-C-16,26,C11H13NO,"1,6,7,8",1,100,5,105,S-C-16,Substitution
3950,3951,ts_135_1_S-D-15,33,C10H14N2O6S,"1,6,7,8,16",0,78,3,81,S-D-15,Substitution
3951,3952,ts_135_1_S-G-2,15,C2H4ClFO6S,"1,6,8,9,16,17",0,98,5,103,S-G-2,Substitution
3952,3953,ts_135_2_A-E-9,30,C12H15NO2,"1,6,7,8",1,100,5,105,A-E-9,Addition
3953,3954,ts_135_2_A-E-15,20,C5H9Cl2NO2S,"1,6,7,8,16,17",0,99,5,104,A-E-15,Addition
3954,3955,ts_135_2_A-E-19,31,C12H15NO3,"1,6,7,8",1,95,5,100,A-E-19,Addition
3955,3956,ts_135_2_R-A-6,19,C4H11ClN2O,"1,6,7,8,17",0,100,5,105,R-A-6,Cyclization
3956,3957,ts_135_2_R-B-4,20,C6H11FN2,"1,6,7,9",0,100,5,105,R-B-4,Cyclization
3957,3958,ts_135_2_RR-B-5-a,19,C5H9ClN2O2,"1,6,7,8,17",0,97,5,102,RR-B-5-a,Rearrangement
3958,3959,ts_135_2_S-A-4,20,C5H9N3O3,"1,6,7,8",1,93,5,98,S-A-4,Substitution
3959,3960,ts_135_2_S-D-10,25,C5H12N2O5S,"1,6,7,8,16",0,97,5,102,S-D-10,Substitution
3960,3961,ts_136_1_A-E-4,19,C5H11NOS,"1,6,7,8,16",0,99,5,104,A-E-4,Addition
3961,3962,ts_136_1_A-I-4,13,C2H5N3O2S,"1,6,7,8,16",0,98,5,103,A-I-4,Addition
3962,3963,ts_136_1_NO2-A-2-e,32,C11H14N2O5,"1,6,7,8",1,79,3,82,NO2-A-2-e,Addition
3963,3964,ts_136_1_NO2-A-4-a,31,C11H14N2O4,"1,6,7,8",1,97,5,102,NO2-A-4-a,Substitution
3964,3965,ts_136_1_NO2-A-4-d,31,C11H14N2O4,"1,6,7,8",1,97,5,102,NO2-A-4-d,Addition
3965,3966,ts_136_1_NO2-A-5-e,22,C5H9ClN2O5,"1,6,7,8,17",0,96,5,101,NO2-A-5-e,Addition
3966,3967,ts_136_1_NO2-A-9-c,22,C4H11N3O4,"1,6,7,8",1,98,5,103,NO2-A-9-c,Addition
3967,3968,ts_136_1_NO2-A-9-e,22,C4H11N3O4,"1,6,7,8",1,99,5,104,NO2-A-9-e,Addition
3968,3969,ts_136_1_NO2-B-2-e,30,C10H14N2O4,"1,6,7,8",1,98,5,103,NO2-B-2-e,Addition
3969,3970,ts_136_1_NO2-B-3-e,19,C4H10N2O3,"1,6,7,8",1,98,5,103,NO2-B-3-e,Addition
3970,3971,ts_136_1_NO2-B-7-e,29,C9H14N2O3S,"1,6,7,8,16",0,100,5,105,NO2-B-7-e,Addition
3971,3972,ts_136_1_NO2-B-8-c,27,C6H14N2O4S,"1,6,7,8,16",0,97,5,102,NO2-B-8-c,Addition
3972,3973,ts_136_1_R-A-2,22,C6H12ClNO2,"1,6,7,8,17",0,99,5,104,R-A-2,Cyclization
3973,3974,ts_136_1_R-A-7,24,C6H13NO4,"1,6,7,8",1,98,5,103,R-A-7,Cyclization
3974,3975,ts_136_1_R-B-10,23,C7H13NO2,"1,6,7,8",1,97,5,102,R-B-10,Cyclization
3975,3976,ts_136_1_RR-B-1-b,21,C6H11NO3,"1,6,7,8",1,95,5,100,RR-B-1-b,Rearrangement
3976,3977,ts_136_1_RR-B-8-a,33,C11H16N2O4,"1,6,7,8",1,80,3,83,RR-B-8-a,Rearrangement
3977,3978,ts_136_1_S-A-2,27,C10H11BrClNO3,"1,6,7,8,17,35",0,96,5,101,S-A-2,Substitution
3978,3979,ts_136_1_S-A-24,31,C10H16ClFO3,"1,6,8,9,17",0,98,5,103,S-A-24,Substitution
3979,3980,ts_136_1_S-B-3-b,15,C3H7Br2NO2,"1,6,7,8,35",0,100,5,105,S-B-3-b,Rearrangement
3980,3981,ts_136_1_S-B-5-a,14,C3H7NO3,"1,6,7,8",1,98,5,103,S-B-5-a,Rearrangement
3981,3982,ts_136_1_S-C-2-aa,23,C7H7FN2O6,"1,6,7,8,9",0,94,5,99,S-C-2-aa,Substitution
3982,3983,ts_136_1_S-D-10,21,C3H10N2O5S,"1,6,7,8,16",0,100,5,105,S-D-10,Substitution
3983,3984,ts_136_2_A-E-11,22,C6H12N2O2,"1,6,7,8",1,97,5,102,A-E-11,Addition
3984,3985,ts_136_2_A-E-22,24,C6H12BrNO3S,"1,6,7,8,16,35",0,98,5,103,A-E-22,Addition
3985,3986,ts_136_2_A-E-23,20,C5H9Br2NO2S,"1,6,7,8,16,35",0,98,5,103,A-E-23,Addition
3986,3987,ts_136_2_A-E-24,20,C5H11Br2NS,"1,6,7,16,35",0,100,5,105,A-E-24,Addition
3987,3988,ts_136_2_R-A-6,18,C5H9ClN2O,"1,6,7,8,17",0,98,5,103,R-A-6,Cyclization
3988,3989,ts_137_1_A-E-11,18,C4H10N2O2,"1,6,7,8",1,99,5,104,A-E-11,Addition
3989,3990,ts_137_1_A-E-24,19,C5H10Br2OS,"1,6,8,16,35",0,100,5,105,A-E-24,Addition
3990,3991,ts_137_1_E-1,16,C4H9NO2,"1,6,7,8",1,98,5,103,E-1,Addition
3991,3992,ts_137_1_NO2-A-2-a,28,C9H12N2O5,"1,6,7,8",1,94,5,99,NO2-A-2-a,Substitution
3992,3993,ts_137_1_NO2-A-4-e,27,C9H12N2O4,"1,6,7,8",1,100,5,105,NO2-A-4-e,Addition
3993,3994,ts_137_1_NO2-A-5-b,22,C5H11N3O3,"1,6,7,8",1,98,5,103,NO2-A-5-b,Rearrangement
3994,3995,ts_137_1_NO2-A-5-c,25,C5H13N3O4,"1,6,7,8",1,99,5,104,NO2-A-5-c,Addition
3995,3996,ts_137_1_NO2-A-6-e,20,C3H10N2O4S,"1,6,7,8,16",0,100,5,105,NO2-A-6-e,Addition
3996,3997,ts_137_1_NO2-A-8-e,21,C3H10N2O5S,"1,6,7,8,16",0,99,5,104,NO2-A-8-e,Addition
3997,3998,ts_137_1_NO2-A-11-b,21,C7H9N3O2,"1,6,7,8",1,100,5,105,NO2-A-11-b,Rearrangement
3998,3999,ts_137_1_NO2-A-12-d,16,C3H7N3O3,"1,6,7,8",1,96,5,101,NO2-A-12-d,Addition
3999,4000,ts_137_1_NO2-B-2-e,30,C10H14N2O4,"1,6,7,8",1,94,5,99,NO2-B-2-e,Addition
4000,4001,ts_137_1_NO2-B-7-d,29,C9H14N2O3S,"1,6,7,8,16",0,99,5,104,NO2-B-7-d,Addition
4001,4002,ts_137_1_NO2-B-8-d,23,C4H12N2O4S,"1,6,7,8,16",0,100,5,105,NO2-B-8-d,Addition
4002,4003,ts_137_1_NO2-B-11-b,23,C8H11N3O,"1,6,7,8",1,100,5,105,NO2-B-11-b,Addition
4003,4004,ts_137_1_R-B-2,21,C8H12O,"1,6,8",1,100,5,105,R-B-2,Cyclization
4004,4005,ts_137_1_RR-A-6,23,C9H11NO2,"1,6,7,8",1,99,5,104,RR-A-6,Rearrangement
4005,4006,ts_137_1_RR-A-13-c,29,C11H15NO2,"1,6,7,8",1,100,5,105,RR-A-13-c,Rearrangement
4006,4007,ts_137_1_RR-B-8-b,25,C8H12N2O3,"1,6,7,8",1,99,5,104,RR-B-8-b,Rearrangement
4007,4008,ts_137_1_S-A-24,32,C10H17ClO4,"1,6,8,17",0,99,5,104,S-A-24,Substitution
4008,4009,ts_137_1_S-B-5-a,14,C3H7NO3,"1,6,7,8",1,98,5,103,S-B-5-a,Rearrangement
4009,4010,ts_137_1_S-C-4,30,C10H15FN2O2,"1,6,7,8,9",0,100,5,105,S-C-4,Substitution
4010,4011,ts_137_1_S-D-13,27,C8H12N2O4S,"1,6,7,8,16",0,99,5,104,S-D-13,Substitution
4011,4012,ts_137_1_S-G-2,22,C3H11ClN2O4S,"1,6,7,8,16,17",0,96,5,101,S-G-2,Substitution
4012,4013,ts_137_1_S-G-5,26,C4H13N3O5S,"1,6,7,8,16",0,98,5,103,S-G-5,Substitution
4013,4014,ts_137_2_A-E-15,16,C3H7Cl2NO2S,"1,6,7,8,16,17",0,100,5,105,A-E-15,Addition
4014,4015,ts_137_2_A-E-19,27,C10H13NO3,"1,6,7,8",1,100,5,105,A-E-19,Addition
4015,4016,ts_137_2_A-F-2,18,C4H8BrNO3S,"1,6,7,8,16,35",0,97,5,102,A-F-2,Addition
4016,4017,ts_137_2_NO2-A-8-a,21,C3H10N2O5S,"1,6,7,8,16",0,97,5,102,NO2-A-8-a,Substitution
4017,4018,ts_137_2_R-A-5,21,C5H12ClNO2,"1,6,7,8,17",0,99,5,104,R-A-5,Cyclization
4018,4019,ts_137_2_S-A-4,19,C5H8N2O4,"1,6,7,8",1,94,5,99,S-A-4,Substitution
4019,4020,ts_137_2_S-D-9,20,C3H10N2O4S,"1,6,7,8,16",0,99,5,104,S-D-9,Substitution
4020,4021,ts_137_2_S-D-10,21,C3H10N2O5S,"1,6,7,8,16",0,98,5,103,S-D-10,Substitution
4021,4022,ts_138_1_A-D-2,26,C7H13NO5,"1,6,7,8",1,99,5,104,A-D-2,Addition
4022,4023,ts_138_1_A-E-20,14,C3H8BrNO,"1,6,7,8,35",0,99,5,104,A-E-20,Addition
4023,4024,ts_138_1_E-2-a,12,C2H6N2O2,"1,6,7,8",1,100,5,105,E-2-a,Addition
4024,4025,ts_138_1_NO2-A-1-b,18,C4H8N2O4,"1,6,7,8",1,97,5,102,NO2-A-1-b,Rearrangement
4025,4026,ts_138_1_NO2-A-2-a,28,C9H12N2O5,"1,6,7,8",1,97,5,102,NO2-A-2-a,Substitution
4026,4027,ts_138_1_NO2-A-4-b,24,C9H10N2O3,"1,6,7,8",1,96,5,101,NO2-A-4-b,Rearrangement
4027,4028,ts_138_1_NO2-A-4-d,27,C9H12N2O4,"1,6,7,8",1,100,5,105,NO2-A-4-d,Addition
4028,4029,ts_138_1_NO2-A-5-e,24,C5H11N3O5,"1,6,7,8",1,99,5,104,NO2-A-5-e,Addition
4029,4030,ts_138_1_NO2-B-12-d,15,C4H5FN2O3,"1,6,7,8,9",0,94,5,99,NO2-B-12-d,Addition
4030,4031,ts_138_1_R-B-4,22,C7H13NO,"1,6,7,8",1,99,5,104,R-B-4,Cyclization
4031,4032,ts_138_1_R-B-13,23,C9H11ClO2,"1,6,8,17",0,94,5,99,R-B-13,Cyclization
4032,4033,ts_138_1_R-B-14,23,C7H11ClO4,"1,6,8,17",0,98,5,103,R-B-14,Cyclization
4033,4034,ts_138_1_RR-A-3-a,25,C13H8ClFO2,"1,6,8,9,17",0,94,5,99,RR-A-3-a,Rearrangement
4034,4035,ts_138_1_RR-A-8-c,18,C4H10N2O2,"1,6,7,8",1,99,5,104,RR-A-8-c,Rearrangement
4035,4036,ts_138_1_RR-A-18,29,C11H15NO2,"1,6,7,8",1,100,5,105,RR-A-18,Rearrangement
4036,4037,ts_138_1_RR-B-4-b,17,C4H7BrN4O,"1,6,7,8,35",0,94,5,99,RR-B-4-b,Rearrangement
4037,4038,ts_138_1_S-A-4,18,C5H6N2O5,"1,6,7,8",1,91,5,96,S-A-4,Substitution
4038,4039,ts_138_1_S-A-6,22,C5H11NO5,"1,6,7,8",1,98,5,103,S-A-6,Substitution
4039,4040,ts_138_1_S-A-10,28,C8H14N2O4,"1,6,7,8",1,93,5,98,S-A-10,Substitution
4040,4041,ts_138_1_S-A-19,19,C4H10BrNO3,"1,6,7,8,35",0,98,5,103,S-A-19,Substitution
4041,4042,ts_138_1_S-B-4-b,22,C9H10Br2O,"1,6,8,35",0,100,5,105,S-B-4-b,Rearrangement
4042,4043,ts_138_1_S-B-5-a,11,C3H6O2,"1,6,8",1,97,5,102,S-B-5-a,Rearrangement
4043,4044,ts_138_1_S-B-12,27,C9H12N2O4,"1,6,7,8",1,97,5,102,S-B-12,Substitution
4044,4045,ts_138_1_S-D-10,18,C3H9NO4S,"1,6,7,8,16",0,98,5,103,S-D-10,Substitution
4045,4046,ts_138_1_S-D-15,26,C8H11NO5S,"1,6,7,8,16",0,98,5,103,S-D-15,Substitution
4046,4047,ts_138_2_A-E-7,38,C16H18N2O2,"1,6,7,8",1,80,3,83,A-E-7,Addition
4047,4048,ts_138_2_A-E-9,26,C10H13NO2,"1,6,7,8",1,98,5,103,A-E-9,Addition
4048,4049,ts_139_1_A-E-7,35,C16H17NO,"1,6,7,8",1,80,3,83,A-E-7,Addition
4049,4050,ts_139_1_A-E-9,23,C10H12O,"1,6,8",1,100,5,105,A-E-9,Addition
4050,4051,ts_139_1_A-F-3,22,C9H9ClO2S,"1,6,8,16,17",0,98,5,103,A-F-3,Addition
4051,4052,ts_139_1_NO2-A-1-c,18,C4H9NO4,"1,6,7,8",1,98,5,103,NO2-A-1-c,Addition
4052,4053,ts_139_1_NO2-A-1-e,18,C4H9NO4,"1,6,7,8",1,98,5,103,NO2-A-1-e,Addition
4053,4054,ts_139_1_NO2-A-2-d,25,C9H11NO4,"1,6,7,8",1,97,5,102,NO2-A-2-d,Addition
4054,4055,ts_139_1_NO2-A-5-d,23,C5H11FN2O4,"1,6,7,8,9",0,98,5,103,NO2-A-5-d,Addition
4055,4056,ts_139_1_NO2-A-6-b,14,C3H7NO2S,"1,6,7,8,16",0,100,5,105,NO2-A-6-b,Rearrangement
4056,4057,ts_139_1_NO2-A-8-b,15,C3H7NO3S,"1,6,7,8,16",0,98,5,103,NO2-A-8-b,Rearrangement
4057,4058,ts_139_1_NO2-A-9-e,15,C2H8N2O3,"1,6,7,8",1,100,5,105,NO2-A-9-e,Addition
4058,4059,ts_139_1_NO2-A-11-a,27,C9H12N4O2,"1,6,7,8",1,89,5,94,NO2-A-11-a,Substitution
4059,4060,ts_139_1_NO2-A-12-e,13,C3H6N2O2,"1,6,7,8",1,95,5,100,NO2-A-12-e,Addition
4060,4061,ts_139_1_NO2-B-7-d,26,C9H13NO2S,"1,6,7,8,16",0,100,5,105,NO2-B-7-d,Addition
4061,4062,ts_139_1_NO2-B-12-e,17,C4H7N3O3,"1,6,7,8",1,94,5,99,NO2-B-12-e,Addition
4062,4063,ts_139_1_R-A-4,27,C8H14Cl2O3,"1,6,8,17",0,98,5,103,R-A-4,Cyclization
4063,4064,ts_139_1_R-A-8,28,C8H16ClNO2,"1,6,7,8,17",0,98,5,103,R-A-8,Cyclization
4064,4065,ts_139_1_R-B-10,21,C7H10O4,"1,6,8",1,96,5,101,R-B-10,Cyclization
4065,4066,ts_139_1_RR-A-1,13,C4H8O,"1,6,8",1,99,5,104,RR-A-1,Rearrangement
4066,4067,ts_139_1_RR-A-13-a,26,C11H14O,"1,6,8",1,100,5,105,RR-A-13-a,Rearrangement
4067,4068,ts_139_1_RR-B-2-b,23,C9H9NO4,"1,6,7,8",1,94,5,99,RR-B-2-b,Rearrangement
4068,4069,ts_139_1_RR-B-8-b,22,C8H11NO2,"1,6,7,8",1,99,5,104,RR-B-8-b,Rearrangement
4069,4070,ts_139_1_S-A-7,15,C4H4BrCl3O3,"1,6,8,17,35",0,98,5,103,S-A-7,Substitution
4070,4071,ts_139_1_S-B-4-a,22,C9H9NO3,"1,6,7,8",1,98,5,103,S-B-4-a,Rearrangement
4071,4072,ts_139_1_S-B-13,36,C15H16N2O3,"1,6,7,8",1,80,3,83,S-B-13,Substitution
4072,4073,ts_139_1_S-F-1,27,C9H13BrN2O2,"1,6,7,8,35",0,98,5,103,S-F-1,Substitution
4073,4074,ts_139_2_A-E-4,12,C3H8S,"1,6,16",0,100,5,105,A-E-4,Addition
4074,4075,ts_139_2_R-B-7,21,C7H12O2,"1,6,8",1,100,5,105,R-B-7,Cyclization
4075,4076,ts_139_2_S-A-4,18,C5H6N2O5,"1,6,7,8",1,90,5,95,S-A-4,Substitution
4076,4077,ts_139_2_S-A-9,25,C7H13ClO4,"1,6,8,17",0,96,5,101,S-A-9,Substitution
4077,4078,ts_139_2_S-F-1,27,C9H13BrN2O2,"1,6,7,8,35",0,98,5,103,S-F-1,Substitution
4078,4079,ts_140_1_A-D-2,25,C7H11NO6,"1,6,7,8",1,96,5,101,A-D-2,Addition
4079,4080,ts_140_1_A-E-1,13,C3H6ClNO2,"1,6,7,8,17",0,99,5,104,A-E-1,Addition
4080,4081,ts_140_1_A-E-10,19,C5H9NO4,"1,6,7,8",1,96,5,101,A-E-10,Addition
4081,4082,ts_140_1_A-E-18,26,C10H11NO4,"1,6,7,8",1,98,5,103,A-E-18,Addition
4082,4083,ts_140_1_A-I-4,16,C3H9N3S,"1,6,7,16",0,100,5,105,A-I-4,Addition
4083,4084,ts_140_1_E-1,18,C4H10N2O2,"1,6,7,8",1,99,5,104,E-1,Addition
4084,4085,ts_140_1_NO2-A-1-d,20,C4H8N2O6,"1,6,7,8",1,96,5,101,NO2-A-1-d,Addition
4085,4086,ts_140_1_NO2-A-3-e,16,C3H6N2O5,"1,6,7,8",1,98,5,103,NO2-A-3-e,Addition
4086,4087,ts_140_1_NO2-A-8-a,20,C3H8N2O6S,"1,6,7,8,16",0,96,5,101,NO2-A-8-a,Substitution
4087,4088,ts_140_1_NO2-A-9-d,17,C2H7N3O5,"1,6,7,8",1,97,5,102,NO2-A-9-d,Addition
4088,4089,ts_140_1_NO2-A-11-b,20,C7H7N3O3,"1,6,7,8",1,99,5,104,NO2-A-11-b,Rearrangement
4089,4090,ts_140_1_NO2-A-12-a,15,C3H5N3O4,"1,6,7,8",1,89,5,94,NO2-A-12-a,Substitution
4090,4091,ts_140_1_R-A-2,17,C4H8ClNO3,"1,6,7,8,17",0,97,5,102,R-A-2,Cyclization
4091,4092,ts_140_1_R-A-6,22,C6H12ClNO2,"1,6,7,8,17",0,99,5,104,R-A-6,Cyclization
4092,4093,ts_140_1_R-A-10,14,C3H6FNO3,"1,6,7,8,9",0,100,5,105,R-A-10,Cyclization
4093,4094,ts_140_1_R-B-2,18,C7H9ClO,"1,6,8,17",0,100,5,105,R-B-2,Cyclization
4094,4095,ts_140_1_R-B-9,33,C11H18N2O2,"1,6,7,8",1,92,5,97,R-B-9,Cyclization
4095,4096,ts_140_1_R-B-13,25,C9H13NO2,"1,6,7,8",1,96,5,101,R-B-13,Cyclization
4096,4097,ts_140_1_RR-A-2-b,27,C11H12N2O2,"1,6,7,8",1,90,5,95,RR-A-2-b,Rearrangement
4097,4098,ts_140_1_RR-A-8-c,17,C4H8N2O3,"1,6,7,8",1,99,5,104,RR-A-8-c,Rearrangement
4098,4099,ts_140_1_S-A-19,23,C5H13BrN2O2,"1,6,7,8,35",0,100,5,105,S-A-19,Substitution
4099,4100,ts_140_1_S-B-7,21,C5H11NO4,"1,6,7,8",1,91,5,96,S-B-7,Substitution
4100,4101,ts_140_1_S-B-11,27,C9H10N2O6,"1,6,7,8",1,93,5,98,S-B-11,Substitution
4101,4102,ts_140_1_S-D-9,20,C4H11NO3S,"1,6,7,8,16",0,98,5,103,S-D-9,Substitution
4102,4103,ts_140_2_A-E-14,17,C4H7Br2ClO2S,"1,6,8,16,17,35",0,99,5,104,A-E-14,Addition
4103,4104,ts_140_2_R-A-6,22,C6H12ClNO2,"1,6,7,8,17",0,97,5,102,R-A-6,Cyclization
4104,4105,ts_140_2_S-A-4,20,C6H8N2O4,"1,6,7,8",1,90,5,95,S-A-4,Substitution
4105,4106,ts_140_4_R-B-6,20,C5H9N3O3,"1,6,7,8",1,100,5,105,R-B-6,Cyclization
4106,4107,ts_141_1_A-E-4,15,C4H10S,"1,6,16",0,100,5,105,A-E-4,Addition
4107,4108,ts_141_1_A-E-5,25,C10H14S,"1,6,16",0,100,5,105,A-E-5,Addition
4108,4109,ts_141_1_A-E-9,26,C11H14O,"1,6,8",1,98,5,103,A-E-9,Addition
4109,4110,ts_141_1_A-E-17,15,C4H8ClNO,"1,6,7,8,17",0,99,5,104,A-E-17,Addition
4110,4111,ts_141_1_A-E-18,27,C11H14O2,"1,6,8",1,97,5,102,A-E-18,Addition
4111,4112,ts_141_1_A-E-20,14,C4H9Br,"1,6,35",0,99,5,104,A-E-20,Addition
4112,4113,ts_141_1_E-1,13,C3H7NO2,"1,6,7,8",1,95,5,100,E-1,Addition
4113,4114,ts_141_1_NO2-A-12-d,16,C4H8N2O2,"1,6,7,8",1,94,5,99,NO2-A-12-d,Addition
4114,4115,ts_141_1_NO2-B-12-d,20,C5H9N3O3,"1,6,7,8",1,93,5,98,NO2-B-12-d,Addition
4115,4116,ts_141_1_R-A-2,17,C4H10ClNO,"1,6,7,8,17",0,100,5,105,R-A-2,Cyclization
4116,4117,ts_141_1_R-B-2,20,C7H9NO3,"1,6,7,8",1,99,5,104,R-B-2,Cyclization
4117,4118,ts_141_1_R-B-13,24,C10H11NO2,"1,6,7,8",1,94,5,99,R-B-13,Cyclization
4118,4119,ts_141_1_R-B-15-a,20,C6H11ClO2,"1,6,8,17",0,100,5,105,R-B-15-a,Rearrangement
4119,4120,ts_141_1_RR-A-1,16,C5H10O,"1,6,8",1,100,5,105,RR-A-1,Rearrangement
4120,4121,ts_141_1_RR-A-3-b,33,C15H15NO2,"1,6,7,8",1,79,3,82,RR-A-3-b,Rearrangement
4121,4122,ts_141_1_RR-A-13-c,28,C11H15NO,"1,6,7,8",1,100,5,105,RR-A-13-c,Rearrangement
4122,4123,ts_141_1_S-A-5,22,C6H11ClO4,"1,6,8,17",0,93,5,98,S-A-5,Substitution
4123,4124,ts_141_1_S-A-17,26,C6H15NO4,"1,6,7,8",1,96,5,101,S-A-17,Substitution
4124,4125,ts_141_1_S-B-4-a,21,C10H7NO3,"1,6,7,8",1,95,5,100,S-B-4-a,Rearrangement
4125,4126,ts_141_1_S-D-15,26,C8H10ClNO5S,"1,6,7,8,16,17",0,100,5,105,S-D-15,Substitution
4126,4127,ts_141_1_S-F-2,12,CH4Cl2FNO2S,"1,6,7,8,9,16,17",0,100,5,105,S-F-2,Substitution
4127,4128,ts_141_2_A-E-16,18,C5H8BrClO2S,"1,6,8,16,17,35",0,97,5,102,A-E-16,Addition
4128,4129,ts_142_1_A-E-6,21,C6H12BrNO,"1,6,7,8,35",0,98,5,103,A-E-6,Addition
4129,4130,ts_142_1_A-E-9,23,C10H11ClO,"1,6,8,17",0,99,5,104,A-E-9,Addition
4130,4131,ts_142_1_A-E-10,17,C5H9ClO2,"1,6,8,17",0,100,5,105,A-E-10,Addition
4131,4132,ts_142_1_A-F-1,15,C4H6Cl2O2S,"1,6,8,16,17",0,100,5,105,A-F-1,Addition
4132,4133,ts_142_1_NO2-A-4-a,24,C9H10ClNO3,"1,6,7,8,17",0,92,5,97,NO2-A-4-a,Substitution
4133,4134,ts_142_1_NO2-A-5-e,22,C5H9BrN2O5,"1,6,7,8,35",0,97,5,102,NO2-A-5-e,Addition
4134,4135,ts_142_1_NO2-A-7-a,25,C9H8N2O5S,"1,6,7,8,16",0,91,5,96,NO2-A-7-a,Substitution
4135,4136,ts_142_1_NO2-B-8-e,20,C4H10ClNO3S,"1,6,7,8,16,17",0,99,5,104,NO2-B-8-e,Addition
4136,4137,ts_142_1_NO2-B-12-e,20,C5H11N3O,"1,6,7,8",1,91,5,96,NO2-B-12-e,Addition
4137,4138,ts_142_1_R-B-9,28,C10H14FNO2,"1,6,7,8,9",0,88,5,93,R-B-9,Cyclization
4138,4139,ts_142_1_RR-A-13-a,31,C12H17NO,"1,6,7,8",1,100,5,105,RR-A-13-a,Rearrangement
4139,4140,ts_142_1_RR-B-5-a,12,C3H5Cl2NO,"1,6,7,8,17",0,100,5,105,RR-B-5-a,Rearrangement
4140,4141,ts_142_1_S-A-4,20,C5H9N3O3,"1,6,7,8",1,91,5,96,S-A-4,Substitution
4141,4142,ts_142_1_S-A-16,26,C11H10ClNO2S,"1,6,7,8,16,17",0,89,5,94,S-A-16,Substitution
4142,4143,ts_142_1_S-A-19,22,C5H12BrNO3,"1,6,7,8,35",0,98,5,103,S-A-19,Substitution
4143,4144,ts_142_1_S-B-7,18,C4H8BrNO4,"1,6,7,8,35",0,95,5,100,S-B-7,Substitution
4144,4145,ts_142_2_A-E-8,16,C5H9BrO,"1,6,8,35",0,99,5,104,A-E-8,Addition
4145,4146,ts_142_2_A-E-11,15,C4H8ClNO,"1,6,7,8,17",0,99,5,104,A-E-11,Addition
4146,4147,ts_142_2_A-E-17,12,C3H5Cl2NO,"1,6,7,8,17",0,99,5,104,A-E-17,Addition
4147,4148,ts_142_2_R-B-4,21,C6H12N2O,"1,6,7,8",1,100,5,105,R-B-4,Cyclization
4148,4149,ts_142_2_R-B-6,22,C7H11N3O,"1,6,7,8",1,92,5,97,R-B-6,Cyclization
4149,4150,ts_142_2_R-B-7,16,C6H7ClO2,"1,6,8,17",0,98,5,103,R-B-7,Cyclization
4150,4151,ts_143_1_A-E-19,24,C10H11BrO2,"1,6,8,35",0,100,5,105,A-E-19,Addition
4151,4152,ts_143_1_E-2-b,13,C3H6FNO2,"1,6,7,8,9",0,95,5,100,E-2-b,Addition
4152,4153,ts_143_1_NO2-A-1-b,15,C4H6ClNO3,"1,6,7,8,17",0,100,5,105,NO2-A-1-b,Rearrangement
4153,4154,ts_143_1_NO2-A-3-d,14,C3H6ClNO3,"1,6,7,8,17",0,98,5,103,NO2-A-3-d,Addition
4154,4155,ts_143_1_NO2-A-5-e,22,C5H9BrN2O5,"1,6,7,8,35",0,95,5,100,NO2-A-5-e,Addition
4155,4156,ts_143_1_NO2-A-8-e,23,C4H12N2O4S,"1,6,7,8,16",0,99,5,104,NO2-A-8-e,Addition
4156,4157,ts_143_1_NO2-B-3-e,20,C5H11NO3,"1,6,7,8",1,100,5,105,NO2-B-3-e,Addition
4157,4158,ts_143_1_NO2-B-8-d,20,C4H10ClNO3S,"1,6,7,8,16,17",0,100,5,105,NO2-B-8-d,Addition
4158,4159,ts_143_1_R-A-10,12,C3H6BrFO,"1,6,8,9,35",0,100,5,105,R-A-10,Cyclization
4159,4160,ts_143_1_R-B-14,26,C8H12O6,"1,6,8",1,93,5,98,R-B-14,Cyclization
4160,4161,ts_143_1_RR-B-7-a,17,C4H9NO3,"1,6,7,8",1,100,5,105,RR-B-7-a,Rearrangement
4161,4162,ts_143_1_S-A-5,26,C7H14ClNO3,"1,6,7,8,17",0,96,5,101,S-A-5,Substitution
4162,4163,ts_143_1_S-A-16,26,C11H10ClNO2S,"1,6,7,8,16,17",0,89,5,94,S-A-16,Substitution
4163,4164,ts_143_1_S-B-3-a,12,C3H6FNO,"1,6,7,8,9",0,98,5,103,S-B-3-a,Rearrangement
4164,4165,ts_143_1_S-B-12,24,C9H10BrNO3,"1,6,7,8,35",0,96,5,101,S-B-12,Substitution
4165,4166,ts_143_1_S-B-13,36,C15H15BrN2O3,"1,6,7,8,35",0,78,3,81,S-B-13,Substitution
4166,4167,ts_143_1_S-C-2-ab,24,C8H9N3O4,"1,6,7,8",1,89,5,94,S-C-2-ab,Substitution
4167,4168,ts_143_1_S-D-10,20,C3H10N2O4S,"1,6,7,8,16",0,98,5,103,S-D-10,Substitution
4168,4169,ts_143_1_S-G-6,21,C3H10BrNO5S,"1,6,7,8,16,35",0,100,5,105,S-G-6,Substitution
4169,4170,ts_143_2_A-E-23,13,C3H5Br3OS,"1,6,8,16,35",0,100,5,105,A-E-23,Addition
4170,4171,ts_143_2_NO2-A-6-a,17,C3H8BrNO3S,"1,6,7,8,16,35",0,97,5,102,NO2-A-6-a,Substitution
4171,4172,ts_143_2_S-A-9,32,C9H18ClNO3,"1,6,7,8,17",0,98,5,103,S-A-9,Substitution
4172,4173,ts_143_2_S-F-1,25,C9H11Br2NO2,"1,6,7,8,35",0,99,5,104,S-F-1,Substitution
4173,4174,ts_144_1_A-E-9,25,C10H13NO,"1,6,7,8",1,100,5,105,A-E-9,Addition
4174,4175,ts_144_1_A-E-10,19,C5H11NO2,"1,6,7,8",1,100,5,105,A-E-10,Addition
4175,4176,ts_144_1_A-E-19,26,C10H13NO2,"1,6,7,8",1,100,5,105,A-E-19,Addition
4176,4177,ts_144_1_E-2-a,9,C2H4BrNO,"1,6,7,8,35",0,99,5,104,E-2-a,Addition
4177,4178,ts_144_1_NO2-A-3-d,14,C3H6BrNO3,"1,6,7,8,35",0,99,5,104,NO2-A-3-d,Addition
4178,4179,ts_144_1_NO2-A-5-e,22,C5H9FN2O5,"1,6,7,8,9",0,97,5,102,NO2-A-5-e,Addition
4179,4180,ts_144_1_NO2-A-6-a,19,C3H10N2O3S,"1,6,7,8,16",0,99,5,104,NO2-A-6-a,Substitution
4180,4181,ts_144_1_NO2-A-6-b,14,C3H6BrNO2S,"1,6,7,8,16,35",0,98,5,103,NO2-A-6-b,Rearrangement
4181,4182,ts_144_1_NO2-A-10-c,13,C2H6N2O3,"1,6,7,8",1,99,5,104,NO2-A-10-c,Addition
4182,4183,ts_144_1_NO2-B-8-d,20,C4H10BrNO3S,"1,6,7,8,16,35",0,99,5,104,NO2-B-8-d,Addition
4183,4184,ts_144_1_NO2-B-8-e,20,C4H10BrNO3S,"1,6,7,8,16,35",0,100,5,105,NO2-B-8-e,Addition
4184,4185,ts_144_1_NO2-B-11-b,22,C8H11N3,"1,6,7",1,100,5,105,NO2-B-11-b,Addition
4185,4186,ts_144_1_NO2-B-12-e,19,C5H10N2O2,"1,6,7,8",1,95,5,100,NO2-B-12-e,Addition
4186,4187,ts_144_1_R-A-2,19,C5H11ClO2,"1,6,8,17",0,100,5,105,R-A-2,Cyclization
4187,4188,ts_144_1_R-A-10,14,C3H8FNO,"1,6,7,8,9",0,100,5,105,R-A-10,Cyclization
4188,4189,ts_144_1_R-A-11,14,C3H8BrNO,"1,6,7,8,35",0,100,5,105,R-A-11,Cyclization
4189,4190,ts_144_1_R-B-2,23,C8H13NO,"1,6,7,8",1,100,5,105,R-B-2,Cyclization
4190,4191,ts_144_1_R-B-9,31,C11H15NO4,"1,6,7,8",1,90,5,95,R-B-9,Cyclization
4191,4192,ts_144_1_RR-A-2-a,20,C8H6FNO4,"1,6,7,8,9",0,96,5,101,RR-A-2-a,Rearrangement
4192,4193,ts_144_1_RR-A-13-a,30,C12H16O2,"1,6,8",1,100,5,105,RR-A-13-a,Rearrangement
4193,4194,ts_144_1_RR-A-13-b,30,C12H16O2,"1,6,8",1,100,5,105,RR-A-13-b,Rearrangement
4194,4195,ts_144_1_RR-B-6-a,15,C3H6N2O4,"1,6,7,8",1,94,5,99,RR-B-6-a,Rearrangement
4195,4196,ts_144_1_S-A-5,25,C7H13ClO4,"1,6,8,17",0,97,5,102,S-A-5,Substitution
4196,4197,ts_144_1_S-A-16,29,C11H13ClO3S,"1,6,8,16,17",0,91,5,96,S-A-16,Substitution
4197,4198,ts_144_1_S-B-7,23,C5H12N2O4,"1,6,7,8",1,99,5,104,S-B-7,Substitution
4198,4199,ts_144_1_S-B-10,21,C6H11BrO3,"1,6,8,35",0,99,5,104,S-B-10,Substitution
4199,4200,ts_144_1_S-B-11,27,C9H12N2O4,"1,6,7,8",1,97,5,102,S-B-11,Substitution
4200,4201,ts_144_1_S-C-5,23,C8H10ClNO3,"1,6,7,8,17",0,100,5,105,S-C-5,Substitution
4201,4202,ts_144_1_S-C-15,28,C12H13NO2,"1,6,7,8",1,99,5,104,S-C-15,Substitution
4202,4203,ts_144_2_A-E-6,23,C6H13NO3,"1,6,7,8",1,97,5,102,A-E-6,Addition
4203,4204,ts_144_2_A-E-8,18,C5H10O3,"1,6,8",1,99,5,104,A-E-8,Addition
4204,4205,ts_144_2_R-A-4,30,C9H15ClO5,"1,6,8,17",0,98,5,103,R-A-4,Cyclization
4205,4206,ts_145_1_A-A-1,18,C3H10N2O3,"1,6,7,8",1,100,5,105,A-A-1,Addition
4206,4207,ts_145_1_A-A-2,25,C8H12N2O3,"1,6,7,8",1,100,5,105,A-A-2,Addition
4207,4208,ts_145_1_A-E-16,16,C4H8Cl2OS,"1,6,8,16,17",0,100,5,105,A-E-16,Addition
4208,4209,ts_145_1_A-E-26,27,C10H14ClNS,"1,6,7,16,17",0,100,5,105,A-E-26,Addition
4209,4210,ts_145_1_A-F-1,20,C5H10ClNO2S,"1,6,7,8,16,17",0,96,5,101,A-F-1,Addition
4210,4211,ts_145_1_A-I-6,43,C20H19N3S,"1,6,7,16",0,79,3,82,A-I-6,Addition
4211,4212,ts_145_1_E-1,15,C3H6N2O4,"1,6,7,8",1,97,5,102,E-1,Addition
4212,4213,ts_145_1_NO2-A-1-e,22,C5H11NO5,"1,6,7,8",1,98,5,103,NO2-A-1-e,Addition
4213,4214,ts_145_1_NO2-A-3-b,11,C3H4BrNO2,"1,6,7,8,35",0,98,5,103,NO2-A-3-b,Rearrangement
4214,4215,ts_145_1_NO2-A-3-d,14,C3H6BrNO3,"1,6,7,8,35",0,99,5,104,NO2-A-3-d,Addition
4215,4216,ts_145_1_NO2-A-8-e,22,C4H11NO5S,"1,6,7,8,16",0,100,5,105,NO2-A-8-e,Addition
4216,4217,ts_145_1_NO2-A-10-d,16,C2H9N3O2,"1,6,7,8",1,100,5,105,NO2-A-10-d,Addition
4217,4218,ts_145_1_RR-A-2-b,30,C11H15NO3,"1,6,7,8",1,100,5,105,RR-A-2-b,Rearrangement
4218,4219,ts_145_1_S-A-7,17,C4H4BrCl2NO5,"1,6,7,8,17,35",0,89,5,94,S-A-7,Substitution
4219,4220,ts_145_1_S-A-19,23,C6H12BrNO3,"1,6,7,8,35",0,97,5,102,S-A-19,Substitution
4220,4221,ts_145_1_S-B-4-a,20,C9H7FO3,"1,6,8,9",0,98,5,103,S-B-4-a,Rearrangement
4221,4222,ts_145_1_S-B-9,26,C6H14N2O4,"1,6,7,8",1,98,5,103,S-B-9,Substitution
4222,4223,ts_145_1_S-C-2-ab,22,C8H7BrN2O4,"1,6,7,8,35",0,88,5,93,S-C-2-ab,Substitution
4223,4224,ts_145_1_S-F-4,21,C4H12N2O3,"1,6,7,8",1,100,5,105,S-F-4,Substitution
4224,4225,ts_145_2_A-E-2,17,C4H10O3,"1,6,8",1,100,5,105,A-E-2,Addition
4225,4226,ts_145_2_A-E-9,28,C11H15NO,"1,6,7,8",1,100,5,105,A-E-9,Addition
4226,4227,ts_145_2_NO2-A-6-a,22,C4H12N2O3S,"1,6,7,8,16",0,97,5,102,NO2-A-6-a,Substitution
4227,4228,ts_145_2_R-A-7,21,C5H12FNO2,"1,6,7,8,9",0,100,5,105,R-A-7,Cyclization
4228,4229,ts_145_2_R-B-6,22,C7H11N3O,"1,6,7,8",1,98,5,103,R-B-6,Cyclization
4229,4230,ts_145_2_RR-B-5-a,17,C4H9ClN2O,"1,6,7,8,17",0,100,5,105,RR-B-5-a,Rearrangement
4230,4231,ts_146_1_A-E-1,15,C4H9ClO,"1,6,8,17",0,100,5,105,A-E-1,Addition
4231,4232,ts_146_1_A-E-6,24,C6H12N2O4,"1,6,7,8",1,99,5,104,A-E-6,Addition
4232,4233,ts_146_1_A-E-24,18,C4H8BrNO3S,"1,6,7,8,16,35",0,98,5,103,A-E-24,Addition
4233,4234,ts_146_1_A-I-3,14,C3H6N2O3,"1,6,7,8",1,93,5,98,A-I-3,Addition
4234,4235,ts_146_1_E-2-a,11,C2H6N2O,"1,6,7,8",1,99,5,104,E-2-a,Addition
4235,4236,ts_146_1_NO2-A-1-e,21,C5H9NO6,"1,6,7,8",1,97,5,102,NO2-A-1-e,Addition
4236,4237,ts_146_1_NO2-A-5-e,26,C6H12N2O6,"1,6,7,8",1,91,5,96,NO2-A-5-e,Addition
4237,4238,ts_146_1_NO2-A-6-a,21,C4H11NO4S,"1,6,7,8,16",0,99,5,104,NO2-A-6-a,Substitution
4238,4239,ts_146_1_NO2-A-6-b,16,C3H8N2O2S,"1,6,7,8,16",0,100,5,105,NO2-A-6-b,Rearrangement
4239,4240,ts_146_1_NO2-A-8-d,22,C4H11NO5S,"1,6,7,8,16",0,100,5,105,NO2-A-8-d,Addition
4240,4241,ts_146_1_NO2-A-8-e,21,C4H9NO6S,"1,6,7,8,16",0,98,5,103,NO2-A-8-e,Addition
4241,4242,ts_146_1_R-A-1,11,C2H3Cl2NO3,"1,6,7,8,17",0,99,5,104,R-A-1,Cyclization
4242,4243,ts_146_1_R-A-7,23,C5H14N2O2,"1,6,7,8",1,100,5,105,R-A-7,Cyclization
4243,4244,ts_146_1_RR-A-1,15,C4H9NO,"1,6,7,8",1,100,5,105,RR-A-1,Rearrangement
4244,4245,ts_146_1_RR-A-6,24,C10H12O2,"1,6,8",1,100,5,105,RR-A-6,Rearrangement
4245,4246,ts_146_1_RR-B-1-b,16,C4H9NO2,"1,6,7,8",1,98,5,103,RR-B-1-b,Rearrangement
4246,4247,ts_146_1_RR-B-6-b,15,C3H6N2O4,"1,6,7,8",1,97,5,102,RR-B-6-b,Rearrangement
4247,4248,ts_146_1_S-A-1,25,C7H12O6,"1,6,8",1,97,5,102,S-A-1,Substitution
4248,4249,ts_146_1_S-B-13,40,C16H18N2O4,"1,6,7,8",1,78,3,81,S-B-13,Substitution
4249,4250,ts_146_1_S-D-2,14,C2H6FNO4,"1,6,7,8,9",0,97,5,102,S-D-2,Substitution
4250,4251,ts_146_1_S-D-9,17,C3H8FNO3S,"1,6,7,8,9,16",0,98,5,103,S-D-9,Substitution
4251,4252,ts_146_1_S-D-13,24,C8H10FNO3S,"1,6,7,8,9,16",0,98,5,103,S-D-13,Substitution
4252,4253,ts_146_1_S-D-14,25,C8H10FNO4S,"1,6,7,8,9,16",0,99,5,104,S-D-14,Substitution
4253,4254,ts_146_1_S-F-1,25,C9H11BrFNO2,"1,6,7,8,9,35",0,98,5,103,S-F-1,Substitution
4254,4255,ts_146_2_A-E-9,27,C11H14O2,"1,6,8",1,100,5,105,A-E-9,Addition
4255,4256,ts_146_2_A-E-19,28,C11H14O3,"1,6,8",1,99,5,104,A-E-19,Addition
4256,4257,ts_146_2_A-F-3,26,C10H11ClO3S,"1,6,8,16,17",0,97,5,102,A-F-3,Addition
4257,4258,ts_146_2_NO2-A-9-e,18,C3H8N2O5,"1,6,7,8",1,98,5,103,NO2-A-9-e,Addition
4258,4259,ts_146_2_S-D-10,18,C3H8FNO4S,"1,6,7,8,9,16",0,98,5,103,S-D-10,Substitution
4259,4260,ts_146_4_R-A-7,23,C5H14N2O2,"1,6,7,8",1,100,5,105,R-A-7,Cyclization
4260,4261,ts_147_1_A-I-4,12,C3H5N3S,"1,6,7,16",0,94,5,99,A-I-4,Addition
4261,4262,ts_147_1_E-1,15,C3H6N2O4,"1,6,7,8",1,96,5,101,E-1,Addition
4262,4263,ts_147_1_E-2-a,11,C2H6N2O,"1,6,7,8",1,99,5,104,E-2-a,Addition
4263,4264,ts_147_1_NO2-A-1-d,20,C4H10N2O4,"1,6,7,8",1,97,5,102,NO2-A-1-d,Addition
4264,4265,ts_147_1_NO2-A-1-e,21,C5H9NO6,"1,6,7,8",1,94,5,99,NO2-A-1-e,Addition
4265,4266,ts_147_1_NO2-A-4-a,24,C9H10FNO3,"1,6,7,8,9",0,97,5,102,NO2-A-4-a,Substitution
4266,4267,ts_147_1_NO2-A-5-d,24,C5H12FN3O3,"1,6,7,8,9",0,100,5,105,NO2-A-5-d,Addition
4267,4268,ts_147_1_NO2-A-6-b,16,C3H8N2O2S,"1,6,7,8,16",0,100,5,105,NO2-A-6-b,Rearrangement
4268,4269,ts_147_1_NO2-A-7-a,28,C9H11NO6S,"1,6,7,8,16",0,100,5,105,NO2-A-7-a,Substitution
4269,4270,ts_147_1_NO2-A-11-d,27,C8H11N3O5,"1,6,7,8",1,95,5,100,NO2-A-11-d,Addition
4270,4271,ts_147_1_NO2-A-11-e,21,C7H9FN2O2,"1,6,7,8,9",0,99,5,104,NO2-A-11-e,Addition
4271,4272,ts_147_1_R-A-7,21,C5H12ClNO2,"1,6,7,8,17",0,100,5,105,R-A-7,Cyclization
4272,4273,ts_147_1_R-B-11,38,C12H22N2O2,"1,6,7,8",1,79,3,82,R-B-11,Cyclization
4273,4274,ts_147_1_R-B-13,27,C10H14O3,"1,6,8",1,98,5,103,R-B-13,Cyclization
4274,4275,ts_147_1_RR-A-9-a,29,C12H14O3,"1,6,8",1,97,5,102,RR-A-9-a,Rearrangement
4275,4276,ts_147_1_RR-A-10,29,C10H16O3,"1,6,8",1,96,5,101,RR-A-10,Rearrangement
4276,4277,ts_147_1_RR-B-6-b,15,C3H6N2O4,"1,6,7,8",1,96,5,101,RR-B-6-b,Rearrangement
4277,4278,ts_147_1_RR-B-7-a,15,C2H6N2O5,"1,6,7,8",1,100,5,105,RR-B-7-a,Rearrangement
4278,4279,ts_147_1_S-A-12,31,C10H14O7,"1,6,8",1,98,5,103,S-A-12,Substitution
4279,4280,ts_147_1_S-A-14,21,C6H9ClO4S,"1,6,8,16,17",0,93,5,98,S-A-14,Substitution
4280,4281,ts_147_1_S-B-3-a,17,C4H10N2O,"1,6,7,8",1,100,5,105,S-B-3-a,Rearrangement
4281,4282,ts_147_1_S-B-13,36,C15H15FN2O3,"1,6,7,8,9",0,78,3,81,S-B-13,Substitution
4282,4283,ts_147_2_A-E-2,18,C4H9NO4,"1,6,7,8",1,98,5,103,A-E-2,Addition
4283,4284,ts_147_2_A-E-8,19,C5H11NO2,"1,6,7,8",1,97,5,102,A-E-8,Addition
4284,4285,ts_147_2_A-E-10,17,C5H9FO2,"1,6,8,9",0,100,5,105,A-E-10,Addition
4285,4286,ts_147_2_A-E-19,24,C10H11FO2,"1,6,8,9",0,97,5,102,A-E-19,Addition
4286,4287,ts_147_2_R-B-10,18,C6H9FO2,"1,6,8,9",0,97,5,102,R-B-10,Cyclization
4287,4288,ts_148_1_A-E-1,16,C5H9ClO,"1,6,8,17",0,95,5,100,A-E-1,Addition
4288,4289,ts_148_1_A-E-8,18,C6H9NO2,"1,6,7,8",1,96,5,101,A-E-8,Addition
4289,4290,ts_148_1_A-F-1,20,C6H9ClO3S,"1,6,8,16,17",0,96,5,101,A-F-1,Addition
4290,4291,ts_148_1_A-F-3,27,C11H11ClO3S,"1,6,8,16,17",0,98,5,103,A-F-3,Addition
4291,4292,ts_148_1_NO2-A-1-e,23,C6H11NO5,"1,6,7,8",1,91,5,96,NO2-A-1-e,Addition
4292,4293,ts_148_1_NO2-A-5-b,24,C7H12N2O3,"1,6,7,8",1,92,5,97,NO2-A-5-b,Rearrangement
4293,4294,ts_148_1_NO2-A-8-e,23,C5H11NO5S,"1,6,7,8,16",0,99,5,104,NO2-A-8-e,Addition
4294,4295,ts_148_1_NO2-B-3-d,21,C5H12N2O2,"1,6,7,8",1,99,5,104,NO2-B-3-d,Addition
4295,4296,ts_148_1_NO2-B-7-e,31,C11H15NO3S,"1,6,7,8,16",0,96,5,101,NO2-B-7-e,Addition
4296,4297,ts_148_1_R-A-6,21,C4H13N3O,"1,6,7,8",1,100,5,105,R-A-6,Cyclization
4297,4298,ts_148_1_RR-A-2-a,18,C8H6F2O2,"1,6,8,9",0,95,5,100,RR-A-2-a,Rearrangement
4298,4299,ts_148_1_RR-A-3-a,25,C13H8F2O2,"1,6,8,9",0,95,5,100,RR-A-3-a,Rearrangement
4299,4300,ts_148_1_RR-A-13-c,31,C13H16O2,"1,6,8",1,97,5,102,RR-A-13-c,Rearrangement
4300,4301,ts_148_1_RR-B-7-a,15,C2H6N2O5,"1,6,7,8",1,97,5,102,RR-B-7-a,Rearrangement
4301,4302,ts_148_1_S-A-3,34,C13H16BrNO3,"1,6,7,8,35",0,76,3,79,S-A-3,Substitution
4302,4303,ts_148_1_S-A-5,26,C8H13ClO4,"1,6,8,17",0,97,5,102,S-A-5,Substitution
4303,4304,ts_148_1_S-B-4-a,26,C10H13NO2,"1,6,7,8",1,100,5,105,S-B-4-a,Rearrangement
4304,4305,ts_148_1_S-B-5-a,14,C4H7FO2,"1,6,8,9",0,97,5,102,S-B-5-a,Rearrangement
4305,4306,ts_148_1_S-B-9,25,C6H12N2O5,"1,6,7,8",1,98,5,103,S-B-9,Substitution
4306,4307,ts_148_1_S-B-11,27,C10H11NO5,"1,6,7,8",1,95,5,100,S-B-11,Substitution
4307,4308,ts_148_1_S-B-12,26,C10H11NO4,"1,6,7,8",1,95,5,100,S-B-12,Substitution
4308,4309,ts_148_1_S-C-4,32,C10H17N3O2,"1,6,7,8",1,100,5,105,S-C-4,Substitution
4309,4310,ts_148_1_S-D-15,29,C9H11NO7S,"1,6,7,8,16",0,75,3,78,S-D-15,Substitution
4310,4311,ts_148_2_A-E-20,16,C5H9BrO,"1,6,8,35",0,98,5,103,A-E-20,Addition
4311,4312,ts_148_2_NO2-A-8-a,23,C5H11NO5S,"1,6,7,8,16",0,97,5,102,NO2-A-8-a,Substitution
4312,4313,ts_148_2_R-A-5,20,C4H12N2O2,"1,6,7,8",1,100,5,105,R-A-5,Cyclization
4313,4314,ts_148_2_R-B-4,19,C6H10BrNO,"1,6,7,8,35",0,99,5,104,R-B-4,Cyclization
4314,4315,ts_149_1_A-E-1,13,C4H7ClO,"1,6,8,17",0,99,5,104,A-E-1,Addition
4315,4316,ts_149_1_A-E-8,22,C6H13NO2,"1,6,7,8",1,100,5,105,A-E-8,Addition
4316,4317,ts_149_1_A-E-18,26,C11H12O3,"1,6,8",1,99,5,104,A-E-18,Addition
4317,4318,ts_149_1_NO2-A-1-e,23,C6H11NO5,"1,6,7,8",1,99,5,104,NO2-A-1-e,Addition
4318,4319,ts_149_1_NO2-A-4-d,26,C10H11NO4,"1,6,7,8",1,96,5,101,NO2-A-4-d,Addition
4319,4320,ts_149_1_NO2-A-11-b,20,C8H8N2O2,"1,6,7,8",1,100,5,105,NO2-A-11-b,Rearrangement
4320,4321,ts_149_1_NO2-A-12-a,15,C4H6N2O3,"1,6,7,8",1,91,5,96,NO2-A-12-a,Substitution
4321,4322,ts_149_1_NO2-B-3-e,19,C5H11NO2,"1,6,7,8",1,98,5,103,NO2-B-3-e,Addition
4322,4323,ts_149_1_R-B-10,18,C6H9BrO2,"1,6,8,35",0,98,5,103,R-B-10,Cyclization
4323,4324,ts_149_1_R-B-13,29,C10H17NO,"1,6,7,8",1,100,5,105,R-B-13,Cyclization
4324,4325,ts_149_1_R-B-14,29,C8H15NO5,"1,6,7,8",1,98,5,103,R-B-14,Cyclization
4325,4326,ts_149_1_RR-A-1,18,C5H11NO,"1,6,7,8",1,100,5,105,RR-A-1,Rearrangement
4326,4327,ts_149_1_RR-A-3-b,31,C15H12O4,"1,6,8",1,76,3,79,RR-A-3-b,Rearrangement
4327,4328,ts_149_1_RR-B-1-b,19,C5H11NO2,"1,6,7,8",1,99,5,104,RR-B-1-b,Rearrangement
4328,4329,ts_149_1_RR-B-8-b,27,C9H14N2O2,"1,6,7,8",1,98,5,103,RR-B-8-b,Rearrangement
4329,4330,ts_149_1_S-B-3-a,9,C2H4BrNO,"1,6,7,8,35",0,99,5,104,S-B-3-a,Rearrangement
4330,4331,ts_149_1_S-B-5-a,14,C4H7FO2,"1,6,8,9",0,97,5,102,S-B-5-a,Rearrangement
4331,4332,ts_149_1_S-B-12,27,C10H11NO5,"1,6,7,8",1,94,5,99,S-B-12,Substitution
4332,4333,ts_149_1_S-B-13,39,C16H16N2O5,"1,6,7,8",1,70,3,73,S-B-13,Substitution
4333,4334,ts_149_1_S-D-8,18,C5H8N2O3,"1,6,7,8",1,90,5,95,S-D-8,Substitution
4334,4335,ts_149_1_S-F-2,10,BrCl2H2NO3S,"1,7,8,16,17,35",0,97,5,102,S-F-2,Substitution
4335,4336,ts_149_1_S-F-3,12,BrClH4N2O3S,"1,7,8,16,17,35",0,99,5,104,S-F-3,Substitution
4336,4337,ts_149_1_S-F-4,22,C5H12N2O3,"1,6,7,8",1,98,5,103,S-F-4,Substitution
4337,4338,ts_149_1_S-G-1,16,C2H6BrCl2NO3S,"1,6,7,8,16,17,35",0,100,5,105,S-G-1,Substitution
4338,4339,ts_149_1_S-G-2,17,C2H7BrClNO4S,"1,6,7,8,16,17,35",0,100,5,105,S-G-2,Substitution
4339,4340,ts_149_1_S-G-4,21,C3H10BrNO5S,"1,6,7,8,16,35",0,98,5,103,S-G-4,Substitution
4340,4341,ts_149_2_A-E-2,17,C5H9NO2,"1,6,7,8",1,92,5,97,A-E-2,Addition
4341,4342,ts_149_2_A-E-9,25,C11H12O2,"1,6,8",1,97,5,102,A-E-9,Addition
4342,4343,ts_149_2_A-E-17,14,C4H6ClNO2,"1,6,7,8,17",0,98,5,103,A-E-17,Addition
4343,4344,ts_149_2_R-A-10,14,C4H7FO2,"1,6,8,9",0,94,5,99,R-A-10,Cyclization
4344,4345,ts_149_2_S-D-9,22,C5H11NO4S,"1,6,7,8,16",0,97,5,102,S-D-9,Substitution
4345,4346,ts_150_1_A-E-6,26,C7H15NO3,"1,6,7,8",1,99,5,104,A-E-6,Addition
4346,4347,ts_150_1_A-E-23,14,C3H6Br2O2S,"1,6,8,16,35",0,99,5,104,A-E-23,Addition
4347,4348,ts_150_1_NO2-A-1-d,22,C5H11NO5,"1,6,7,8",1,97,5,102,NO2-A-1-d,Addition
4348,4349,ts_150_1_NO2-A-4-a,25,C9H11NO4,"1,6,7,8",1,94,5,99,NO2-A-4-a,Substitution
4349,4350,ts_150_1_NO2-A-12-d,14,C3H6N2O3,"1,6,7,8",1,95,5,100,NO2-A-12-d,Addition
4350,4351,ts_150_1_NO2-B-11-b,21,C8H10N2O,"1,6,7,8",1,99,5,104,NO2-B-11-b,Addition
4351,4352,ts_150_1_R-B-3,17,C7H7NO2,"1,6,7,8",1,94,5,99,R-B-3,Cyclization
4352,4353,ts_150_1_RR-A-1,17,C5H10O2,"1,6,8",1,99,5,104,RR-A-1,Rearrangement
4353,4354,ts_150_1_RR-A-2-a,21,C9H8N2O2,"1,6,7,8",1,92,5,97,RR-A-2-a,Rearrangement
4354,4355,ts_150_1_S-A-7,22,C6H10Cl2O4,"1,6,8,17",0,97,5,102,S-A-7,Substitution
4355,4356,ts_150_1_S-A-9,32,C9H18ClNO3,"1,6,7,8,17",0,96,5,101,S-A-9,Substitution
4356,4357,ts_150_1_S-A-14,23,C6H12ClNO2S,"1,6,7,8,16,17",0,96,5,101,S-A-14,Substitution
4357,4358,ts_150_1_S-B-3-b,17,C4H9Br2NO,"1,6,7,8,35",0,99,5,104,S-B-3-b,Rearrangement
4358,4359,ts_150_1_S-B-13,41,C17H18N2O4,"1,6,7,8",1,74,3,77,S-B-13,Substitution
4359,4360,ts_150_1_S-C-2-ab,27,C9H11N3O4,"1,6,7,8",1,89,5,94,S-C-2-ab,Substitution
4360,4361,ts_150_1_S-D-16,38,C15H15N3O4S,"1,6,7,8,16",0,78,3,81,S-D-16,Substitution
4361,4362,ts_150_2_A-E-5,23,C9H12OS,"1,6,8,16",0,100,5,105,A-E-5,Addition
4362,4363,ts_150_2_S-D-2,17,C3H7NO6,"1,6,7,8",1,92,5,97,S-D-2,Substitution
4363,4364,ts_150_2_S-D-9,18,C4H8N2O3S,"1,6,7,8,16",0,92,5,97,S-D-9,Substitution
4364,4365,ts_151_1_A-I-4,14,C2H7N3OS,"1,6,7,8,16",0,99,5,104,A-I-4,Addition
4365,4366,ts_151_1_NO2-A-1-e,23,C5H12N2O4,"1,6,7,8",1,99,5,104,NO2-A-1-e,Addition
4366,4367,ts_151_1_NO2-A-3-a,11,C2H3BrClNO3,"1,6,7,8,17,35",0,95,5,100,NO2-A-3-a,Substitution
4367,4368,ts_151_1_NO2-A-5-d,26,C5H14N4O3,"1,6,7,8",1,99,5,104,NO2-A-5-d,Addition
4368,4369,ts_151_1_NO2-A-11-d,26,C9H11N3O3,"1,6,7,8",1,93,5,98,NO2-A-11-d,Addition
4369,4370,ts_151_1_NO2-B-8-e,24,C5H13NO4S,"1,6,7,8,16",0,100,5,105,NO2-B-8-e,Addition
4370,4371,ts_151_1_NO2-B-12-d,17,C5H6N2O4,"1,6,7,8",1,91,5,96,NO2-B-12-d,Addition
4371,4372,ts_151_1_NO2-B-12-e,15,C4H7ClN2O,"1,6,7,8,17",0,93,5,98,NO2-B-12-e,Addition
4372,4373,ts_151_1_R-B-10,19,C7H9NO2,"1,6,7,8",1,93,5,98,R-B-10,Cyclization
4373,4374,ts_151_1_RR-A-3-a,31,C15H12N2O2,"1,6,7,8",1,73,3,76,RR-A-3-a,Rearrangement
4374,4375,ts_151_1_RR-A-9-a,31,C12H17NO,"1,6,7,8",1,100,5,105,RR-A-9-a,Rearrangement
4375,4376,ts_151_1_RR-A-13-b,31,C12H17NO,"1,6,7,8",1,99,5,104,RR-A-13-b,Rearrangement
4376,4377,ts_151_1_RR-B-6-b,14,C4H6N2O2,"1,6,7,8",1,96,5,101,RR-B-6-b,Rearrangement
4377,4378,ts_151_1_S-B-4-a,25,C10H12O3,"1,6,8",1,99,5,104,S-B-4-a,Rearrangement
4378,4379,ts_151_1_S-B-9,23,C5H12N2O4,"1,6,7,8",1,98,5,103,S-B-9,Substitution
4379,4380,ts_151_1_S-B-13,37,C16H15N3O3,"1,6,7,8",1,76,3,79,S-B-13,Substitution
4380,4381,ts_151_1_S-D-2,15,C3H6N2O4,"1,6,7,8",1,93,5,98,S-D-2,Substitution
4381,4382,ts_151_1_S-D-9,18,C3H9NO4S,"1,6,7,8,16",0,98,5,103,S-D-9,Substitution
4382,4383,ts_151_1_S-D-13,25,C8H11NO4S,"1,6,7,8,16",0,94,5,99,S-D-13,Substitution
4383,4384,ts_151_1_S-D-16,38,C14H16N2O5S,"1,6,7,8,16",0,77,3,80,S-D-16,Substitution
4384,4385,ts_151_1_S-F-4,18,C3H10N2O3,"1,6,7,8",1,100,5,105,S-F-4,Substitution
4385,4386,ts_151_2_A-E-9,26,C11H12O3,"1,6,8",1,98,5,103,A-E-9,Addition
4386,4387,ts_151_2_A-E-10,20,C6H10O4,"1,6,8",1,96,5,101,A-E-10,Addition
4387,4388,ts_151_2_A-F-1,18,C5H7ClO4S,"1,6,8,16,17",0,97,5,102,A-F-1,Addition
4388,4389,ts_151_2_S-A-4,15,C4H6N2O3,"1,6,7,8",1,95,5,100,S-A-4,Substitution
4389,4390,ts_151_2_S-A-9,30,C9H17ClO3,"1,6,8,17",0,95,5,100,S-A-9,Substitution
4390,4391,ts_151_3_S-A-11,20,C5H8O7,"1,6,8",1,95,5,100,S-A-11,Substitution
4391,4392,ts_152_1_A-A-1,14,C3H6N2O3,"1,6,7,8",1,94,5,99,A-A-1,Addition
4392,4393,ts_152_1_A-A-2,24,C9H10N2O3,"1,6,7,8",1,96,5,101,A-A-2,Addition
4393,4394,ts_152_1_A-E-2,18,C5H10O3,"1,6,8",1,98,5,103,A-E-2,Addition
4394,4395,ts_152_1_A-I-3,9,CH3FN2O2,"1,6,7,8,9",0,96,5,101,A-I-3,Addition
4395,4396,ts_152_1_E-2-b,13,C3H6BrNO2,"1,6,7,8,35",0,97,5,102,E-2-b,Addition
4396,4397,ts_152_1_NO2-A-1-e,18,C4H8ClNO4,"1,6,7,8,17",0,97,5,102,NO2-A-1-e,Addition
4397,4398,ts_152_1_NO2-A-7-d,25,C9H10N2O3S,"1,6,7,8,16",0,95,5,100,NO2-A-7-d,Addition
4398,4399,ts_152_1_NO2-A-8-b,15,C3H6FNO3S,"1,6,7,8,9,16",0,100,5,105,NO2-A-8-b,Rearrangement
4399,4400,ts_152_1_NO2-A-8-e,18,C3H8ClNO4S,"1,6,7,8,16,17",0,100,5,105,NO2-A-8-e,Addition
4400,4401,ts_152_1_NO2-A-9-a,12,CH4BrClN2O3,"1,6,7,8,17,35",0,100,5,105,NO2-A-9-a,Substitution
4401,4402,ts_152_1_NO2-A-12-d,14,C4H5N3O2,"1,6,7,8",1,88,5,93,NO2-A-12-d,Addition
4402,4403,ts_152_1_NO2-B-12-d,17,C5H6N2O4,"1,6,7,8",1,90,5,95,NO2-B-12-d,Addition
4403,4404,ts_152_1_R-A-3,20,C6H11ClO2,"1,6,8,17",0,100,5,105,R-A-3,Cyclization
4404,4405,ts_152_1_R-A-10,13,C4H6FNO,"1,6,7,8,9",0,95,5,100,R-A-10,Cyclization
4405,4406,ts_152_1_R-B-7,16,C6H8O2,"1,6,8",1,100,5,105,R-B-7,Cyclization
4406,4407,ts_152_1_RR-A-1,13,C4H7FO,"1,6,8,9",0,100,5,105,RR-A-1,Rearrangement
4407,4408,ts_152_1_RR-A-12,44,C22H18FNO2,"1,6,7,8,9",0,79,3,82,RR-A-12,Rearrangement
4408,4409,ts_152_1_S-A-11,20,C5H8O7,"1,6,8",1,96,5,101,S-A-11,Substitution
4409,4410,ts_152_1_S-A-15,33,C11H16N2O4,"1,6,7,8",1,76,3,79,S-A-15,Substitution
4410,4411,ts_152_1_S-D-11,17,C2H6BrNO6S,"1,6,7,8,16,35",0,97,5,102,S-D-11,Substitution
4411,4412,ts_152_1_S-D-13,22,C7H8BrNO4S,"1,6,7,8,16,35",0,100,5,105,S-D-13,Substitution
4412,4413,ts_152_1_S-F-2,14,CH5Cl2NO4S,"1,6,7,8,16,17",0,100,5,105,S-F-2,Substitution
4413,4414,ts_152_2_A-E-11,16,C5H8N2O,"1,6,7,8",1,96,5,101,A-E-11,Addition
4414,4415,ts_152_2_A-E-23,14,C4H5Br2NOS,"1,6,7,8,16,35",0,95,5,100,A-E-23,Addition
4415,4416,ts_152_2_NO2-A-6-a,18,C4H8N2O3S,"1,6,7,8,16",0,93,5,98,NO2-A-6-a,Substitution
4416,4417,ts_152_2_R-A-7,26,C7H15NO3,"1,6,7,8",1,98,5,103,R-A-7,Cyclization
4417,4418,ts_152_2_R-B-7,16,C6H8O2,"1,6,8",1,98,5,103,R-B-7,Cyclization
4418,4419,ts_153_1_A-E-14,18,C4H8BrClO3S,"1,6,8,16,17,35",0,97,5,102,A-E-14,Addition
4419,4420,ts_153_1_A-E-24,16,C4H8Br2OS,"1,6,8,16,35",0,100,5,105,A-E-24,Addition
4420,4421,ts_153_1_E-2-a,9,C2H4FNO,"1,6,7,8,9",0,98,5,103,E-2-a,Addition
4421,4422,ts_153_1_NO2-A-4-d,24,C8H8N2O6,"1,6,7,8",1,92,5,97,NO2-A-4-d,Addition
4422,4423,ts_153_1_NO2-A-5-d,21,C4H10FN3O3,"1,6,7,8,9",0,99,5,104,NO2-A-5-d,Addition
4423,4424,ts_153_1_NO2-A-10-c,13,CH6N2O4,"1,6,7,8",1,100,5,105,NO2-A-10-c,Addition
4424,4425,ts_153_1_NO2-A-10-d,11,H3N3O5,"1,7,8",1,94,5,99,NO2-A-10-d,Addition
4425,4426,ts_153_1_NO2-A-11-e,21,C6H7N3O5,"1,6,7,8",1,97,5,102,NO2-A-11-e,Addition
4426,4427,ts_153_1_NO2-B-7-d,26,C8H10N2O5S,"1,6,7,8,16",0,99,5,104,NO2-B-7-d,Addition
4427,4428,ts_153_1_NO2-B-11-b,20,C7H7N3O3,"1,6,7,8",1,99,5,104,NO2-B-11-b,Addition
4428,4429,ts_153_1_R-B-11,31,C10H18ClNO,"1,6,7,8,17",0,98,5,103,R-B-11,Cyclization
4429,4430,ts_153_1_R-B-13,28,C10H16O2,"1,6,8",1,100,5,105,R-B-13,Cyclization
4430,4431,ts_153_1_R-B-14,27,C8H12O7,"1,6,8",1,99,5,104,R-B-14,Cyclization
4431,4432,ts_153_1_RR-B-1-b,14,C4H7FO2,"1,6,8,9",0,97,5,102,RR-B-1-b,Rearrangement
4432,4433,ts_153_1_S-B-4-a,26,C11H12O3,"1,6,8",1,99,5,104,S-B-4-a,Rearrangement
4433,4434,ts_153_1_S-B-11,23,C8H8BrNO5,"1,6,7,8,35",0,91,5,96,S-B-11,Substitution
4434,4435,ts_153_1_S-B-12,22,C8H8BrNO4,"1,6,7,8,35",0,95,5,100,S-B-12,Substitution
4435,4436,ts_153_1_S-C-4,31,C11H15N3O2,"1,6,7,8",1,97,5,102,S-C-4,Substitution
4436,4437,ts_153_1_S-F-4,17,C2H7N3O5,"1,6,7,8",1,96,5,101,S-F-4,Substitution
4437,4438,ts_153_1_S-G-1,17,C3H6Cl2N2O3S,"1,6,7,8,16,17",0,90,5,95,S-G-1,Substitution
4438,4439,ts_153_2_A-E-11,15,C3H6N2O4,"1,6,7,8",1,100,5,105,A-E-11,Addition
4439,4440,ts_153_2_R-B-4,20,C7H11NO,"1,6,7,8",1,98,5,103,R-B-4,Cyclization
4440,4441,ts_154_1_A-E-13,9,C2H3Cl3O,"1,6,8,17",0,100,5,105,A-E-13,Addition
4441,4442,ts_154_1_A-E-22,15,C3H6BrClO3S,"1,6,8,16,17,35",0,100,5,105,A-E-22,Addition
4442,4443,ts_154_1_A-I-5,42,C21H17N3O,"1,6,7,8",1,66,3,69,A-I-5,Addition
4443,4444,ts_154_1_NO2-A-1-e,19,C5H8N2O4,"1,6,7,8",1,91,5,96,NO2-A-1-e,Addition
4444,4445,ts_154_1_NO2-A-3-a,11,C2H3BrFNO3,"1,6,7,8,9,35",0,95,5,100,NO2-A-3-a,Substitution
4445,4446,ts_154_1_NO2-A-10-a,11,CH4N2O4,"1,6,7,8",1,96,5,101,NO2-A-10-a,Substitution
4446,4447,ts_154_1_R-A-5,18,C4H10BrNO2,"1,6,7,8,35",0,100,5,105,R-A-5,Cyclization
4447,4448,ts_154_1_R-A-6,19,C4H11BrN2O,"1,6,7,8,35",0,100,5,105,R-A-6,Cyclization
4448,4449,ts_154_1_R-B-3,15,C6H6FNO,"1,6,7,8,9",0,95,5,100,R-B-3,Cyclization
4449,4450,ts_154_1_R-B-13,29,C11H16O2,"1,6,8",1,97,5,102,R-B-13,Cyclization
4450,4451,ts_154_1_RR-A-2-a,21,C10H7NO3,"1,6,7,8",1,91,5,96,RR-A-2-a,Rearrangement
4451,4452,ts_154_1_S-A-1,22,C6H11FO4,"1,6,8,9",0,97,5,102,S-A-1,Substitution
4452,4453,ts_154_1_S-A-4,15,C4H5ClN2O3,"1,6,7,8,17",0,88,5,93,S-A-4,Substitution
4453,4454,ts_154_1_S-A-18,24,C7H10ClNO5,"1,6,7,8,17",0,88,5,93,S-A-18,Substitution
4454,4455,ts_154_2_A-E-1,9,C2H4Cl2O,"1,6,8,17",0,99,5,104,A-E-1,Addition
4455,4456,ts_154_2_A-E-7,33,C15H14ClNO2,"1,6,7,8,17",0,80,3,83,A-E-7,Addition
4456,4457,ts_154_2_A-E-17,10,C2H3Cl2NO2,"1,6,7,8,17",0,98,5,103,A-E-17,Addition
4457,4458,ts_154_2_R-B-4,18,C6H9NO2,"1,6,7,8",1,99,5,104,R-B-4,Cyclization
4458,4459,ts_154_2_S-A-4,15,C4H5ClN2O3,"1,6,7,8,17",0,94,5,99,S-A-4,Substitution
4459,4460,ts_155_1_A-I-5,42,C21H17N3O,"1,6,7,8",1,68,3,71,A-I-5,Addition
4460,4461,ts_155_1_NO2-A-1-e,20,C4H10N2O4,"1,6,7,8",1,100,5,105,NO2-A-1-e,Addition
4461,4462,ts_155_1_NO2-A-3-b,16,C5H7NO3,"1,6,7,8",1,95,5,100,NO2-A-3-b,Rearrangement
4462,4463,ts_155_1_NO2-A-5-a,20,C4H9BrN2O4,"1,6,7,8,35",0,97,5,102,NO2-A-5-a,Substitution
4463,4464,ts_155_1_NO2-A-7-a,30,C10H13NO5S,"1,6,7,8,16",0,96,5,101,NO2-A-7-a,Substitution
4464,4465,ts_155_1_NO2-A-8-b,20,C5H9NO4S,"1,6,7,8,16",0,96,5,101,NO2-A-8-b,Rearrangement
4465,4466,ts_155_1_NO2-A-8-d,16,C2H6BrNO5S,"1,6,7,8,16,35",0,100,5,105,NO2-A-8-d,Addition
4466,4467,ts_155_1_NO2-B-7-e,26,C9H12FNO2S,"1,6,7,8,9,16",0,100,5,105,NO2-B-7-e,Addition
4467,4468,ts_155_1_R-A-3,23,C6H12ClNO3,"1,6,7,8,17",0,100,5,105,R-A-3,Cyclization
4468,4469,ts_155_1_R-B-7,20,C7H10O3,"1,6,8",1,97,5,102,R-B-7,Cyclization
4469,4470,ts_155_1_R-B-10,14,C5H7NO,"1,6,7,8",1,96,5,101,R-B-10,Cyclization
4470,4471,ts_155_1_R-B-15-a,15,C4H6BrClO3,"1,6,8,17,35",0,100,5,105,R-B-15-a,Rearrangement
4471,4472,ts_155_1_RR-B-6-a,18,C4H10N2O2,"1,6,7,8",1,98,5,103,RR-B-6-a,Rearrangement
4472,4473,ts_155_2_A-E-9,21,C9H9BrO2,"1,6,8,35",0,100,5,105,A-E-9,Addition
4473,4474,ts_155_2_A-E-17,10,C2H3BrClNO2,"1,6,7,8,17,35",0,99,5,104,A-E-17,Addition
4474,4475,ts_155_2_NO2-A-10-a,11,H5N3O3,"1,7,8",1,100,5,105,NO2-A-10-a,Substitution
4475,4476,ts_155_2_R-B-10,14,C5H7NO,"1,6,7,8",1,93,5,98,R-B-10,Cyclization
4476,4477,ts_155_2_S-F-1,31,C11H16BrNO2,"1,6,7,8,35",0,97,5,102,S-F-1,Substitution
4477,4478,ts_155_3_R-A-6,22,C5H12N2O3,"1,6,7,8",1,99,5,104,R-A-6,Cyclization
4478,4479,ts_155_4_A-E-2,19,C5H10O4,"1,6,8",1,98,5,103,A-E-2,Addition
4479,4480,ts_156_1_A-E-6,22,C6H12FNO2,"1,6,7,8,9",0,99,5,104,A-E-6,Addition
4480,4481,ts_156_1_A-E-9,26,C10H13NO2,"1,6,7,8",1,100,5,105,A-E-9,Addition
4481,4482,ts_156_1_A-E-21,14,C3H7Br2NO,"1,6,7,8,35",0,100,5,105,A-E-21,Addition
4482,4483,ts_156_1_A-E-24,16,C4H8BrFOS,"1,6,8,9,16,35",0,100,5,105,A-E-24,Addition
4483,4484,ts_156_1_NO2-A-3-b,13,C4H5NO3,"1,6,7,8",1,96,5,101,NO2-A-3-b,Rearrangement
4484,4485,ts_156_1_NO2-A-5-b,22,C5H11N3O3,"1,6,7,8",1,98,5,103,NO2-A-5-b,Rearrangement
4485,4486,ts_156_1_NO2-A-5-c,25,C5H13N3O4,"1,6,7,8",1,97,5,102,NO2-A-5-c,Addition
4486,4487,ts_156_1_NO2-A-7-a,25,C8H11NO4S,"1,6,7,8,16",0,98,5,103,NO2-A-7-a,Substitution
4487,4488,ts_156_1_NO2-A-10-a,14,C2H6N2O4,"1,6,7,8",1,97,5,102,NO2-A-10-a,Substitution
4488,4489,ts_156_1_NO2-B-11-b,23,C8H11N3O,"1,6,7,8",1,99,5,104,NO2-B-11-b,Addition
4489,4490,ts_156_1_NO2-C-3-e,25,C10H11NO3,"1,6,7,8",1,99,5,104,NO2-C-3-e,Addition
4490,4491,ts_156_1_NO2-C-8-e,29,C10H13NO4S,"1,6,7,8,16",0,100,5,105,NO2-C-8-e,Addition
4491,4492,ts_156_1_R-A-1,11,C2H3ClFNO3,"1,6,7,8,9,17",0,100,5,105,R-A-1,Cyclization
4492,4493,ts_156_1_R-B-14,29,C9H14O6,"1,6,8",1,97,5,102,R-B-14,Cyclization
4493,4494,ts_156_1_RR-B-6-a,18,C4H10N2O2,"1,6,7,8",1,98,5,103,RR-B-6-a,Rearrangement
4494,4495,ts_156_1_S-A-2,29,C11H13BrClNO2,"1,6,7,8,17,35",0,94,5,99,S-A-2,Substitution
4495,4496,ts_156_1_S-A-4,15,C4H5FN2O3,"1,6,7,8,9",0,93,5,98,S-A-4,Substitution
4496,4497,ts_156_1_S-A-18,26,C8H12ClNO4,"1,6,7,8,17",0,96,5,101,S-A-18,Substitution
4497,4498,ts_156_1_S-B-4-b,20,C8H7Br2FO2,"1,6,8,9,35",0,100,5,105,S-B-4-b,Rearrangement
4498,4499,ts_156_1_S-B-12,27,C9H12N2O4,"1,6,7,8",1,97,5,102,S-B-12,Substitution
4499,4500,ts_156_1_S-D-12,21,C3H9FN2O5S,"1,6,7,8,9,16",0,98,5,103,S-D-12,Substitution
4500,4501,ts_156_1_S-D-16,35,C13H13FN2O5S,"1,6,7,8,9,16",0,77,3,80,S-D-16,Substitution
4501,4502,ts_156_1_S-G-2,22,C3H11ClN2O4S,"1,6,7,8,16,17",0,100,5,105,S-G-2,Substitution
4502,4503,ts_156_2_A-E-10,20,C5H11NO3,"1,6,7,8",1,100,5,105,A-E-10,Addition
4503,4504,ts_156_2_NO2-A-6-a,20,C3H10N2O4S,"1,6,7,8,16",0,100,5,105,NO2-A-6-a,Substitution
4504,4505,ts_156_2_R-A-6,19,C4H11FN2O,"1,6,7,8,9",0,100,5,105,R-A-6,Cyclization
4505,4506,ts_156_2_S-D-10,16,C2H6FNO5S,"1,6,7,8,9,16",0,99,5,104,S-D-10,Substitution
4506,4507,ts_157_1_A-E-2,15,C4H9FO,"1,6,8,9",0,100,5,105,A-E-2,Addition
4507,4508,ts_157_1_A-E-4,10,C2H5FOS,"1,6,8,9,16",0,100,5,105,A-E-4,Addition
4508,4509,ts_157_1_A-E-5,20,C8H9FOS,"1,6,8,9,16",0,100,5,105,A-E-5,Addition
4509,4510,ts_157_1_A-E-8,17,C5H9FO2,"1,6,8,9",0,100,5,105,A-E-8,Addition
4510,4511,ts_157_1_A-E-9,21,C9H9FO2,"1,6,8,9",0,96,5,101,A-E-9,Addition
4511,4512,ts_157_1_A-E-17,10,C2H3ClFNO2,"1,6,7,8,9,17",0,98,5,103,A-E-17,Addition
4512,4513,ts_157_1_A-E-18,22,C9H9FO3,"1,6,8,9",0,98,5,103,A-E-18,Addition
4513,4514,ts_157_1_A-E-24,16,C4H8BrFOS,"1,6,8,9,16,35",0,100,5,105,A-E-24,Addition
4514,4515,ts_157_1_A-I-5,46,C22H20N2O2,"1,6,7,8",1,76,3,79,A-I-5,Addition
4515,4516,ts_157_1_A-I-6,46,C22H20N2OS,"1,6,7,8,16",0,78,3,81,A-I-6,Addition
4516,4517,ts_157_1_NO2-A-2-a,23,C8H8FNO5,"1,6,7,8,9",0,95,5,100,NO2-A-2-a,Substitution
4517,4518,ts_157_1_NO2-A-2-c,23,C8H8FNO5,"1,6,7,8,9",0,100,5,105,NO2-A-2-c,Addition
4518,4519,ts_157_1_NO2-A-7-d,22,C7H8FNO4S,"1,6,7,8,9,16",0,99,5,104,NO2-A-7-d,Addition
4519,4520,ts_157_1_NO2-A-11-b,16,C6H5FN2O2,"1,6,7,8,9",0,99,5,104,NO2-A-11-b,Rearrangement
4520,4521,ts_157_1_NO2-A-12-a,11,C2H3FN2O3,"1,6,7,8,9",0,93,5,98,NO2-A-12-a,Substitution
4521,4522,ts_157_1_NO2-B-12-e,18,C5H8N2O3,"1,6,7,8",1,90,5,95,NO2-B-12-e,Addition
4522,4523,ts_157_1_NO2-C-8-e,30,C10H13NO5S,"1,6,7,8,16",0,94,5,99,NO2-C-8-e,Addition
4523,4524,ts_157_1_R-A-6,17,C4H10FNO,"1,6,7,8,9",0,100,5,105,R-A-6,Cyclization
4524,4525,ts_157_1_RR-B-7-a,17,C3H9NO4,"1,6,7,8",1,99,5,104,RR-B-7-a,Rearrangement
4525,4526,ts_157_1_S-A-5,24,C7H11ClO5,"1,6,8,17",0,93,5,98,S-A-5,Substitution
4526,4527,ts_157_1_S-A-8,28,C8H13ClO6,"1,6,8,17",0,89,5,94,S-A-8,Substitution
4527,4528,ts_157_1_S-B-8,13,C2H5FN2O3,"1,6,7,8,9",0,96,5,101,S-B-8,Substitution
4528,4529,ts_157_1_S-C-2-aa,24,C9H8N2O5,"1,6,7,8",1,88,5,93,S-C-2-aa,Substitution
4529,4530,ts_157_1_S-F-2,11,Cl2H3NO4S,"1,7,8,16,17",0,98,5,103,S-F-2,Substitution
4530,4531,ts_157_2_A-E-4,10,C2H5FOS,"1,6,8,9,16",0,100,5,105,A-E-4,Addition
4531,4532,ts_157_2_A-E-11,13,C3H6FNO2,"1,6,7,8,9",0,99,5,104,A-E-11,Addition
4532,4533,ts_157_2_A-E-14,18,C4H8ClFO3S,"1,6,8,9,16,17",0,100,5,105,A-E-14,Addition
4533,4534,ts_157_2_R-B-7,21,C7H9NO4,"1,6,7,8",1,95,5,100,R-B-7,Cyclization
4534,4535,ts_157_2_RR-B-5-a,10,C2H3ClFNO2,"1,6,7,8,9,17",0,100,5,105,RR-B-5-a,Rearrangement
4535,4536,ts_157_2_S-D-10,18,C2H8N2O5S,"1,6,7,8,16",0,98,5,103,S-D-10,Substitution
4536,4537,ts_158_1_A-E-4,14,C3H8O2S,"1,6,8,16",0,100,5,105,A-E-4,Addition
4537,4538,ts_158_1_A-E-8,16,C5H8ClFO,"1,6,8,9,17",0,97,5,102,A-E-8,Addition
4538,4539,ts_158_1_A-E-10,19,C5H10O4,"1,6,8",1,98,5,103,A-E-10,Addition
4539,4540,ts_158_1_A-E-17,14,C3H6ClNO3,"1,6,7,8,17",0,99,5,104,A-E-17,Addition
4540,4541,ts_158_1_A-E-20,13,C3H7BrO2,"1,6,8,35",0,99,5,104,A-E-20,Addition
4541,4542,ts_158_1_E-2-b,18,C4H10N2O2,"1,6,7,8",1,98,5,103,E-2-b,Addition
4542,4543,ts_158_1_NO2-A-3-d,15,C3H7NO4,"1,6,7,8",1,100,5,105,NO2-A-3-d,Addition
4543,4544,ts_158_1_NO2-A-5-a,24,C5H12N2O5,"1,6,7,8",1,95,5,100,NO2-A-5-a,Substitution
4544,4545,ts_158_1_NO2-A-5-c,24,C5H12N2O5,"1,6,7,8",1,100,5,105,NO2-A-5-c,Addition
4545,4546,ts_158_1_NO2-A-9-a,12,CH4Cl2N2O3,"1,6,7,8,17",0,100,5,105,NO2-A-9-a,Substitution
4546,4547,ts_158_1_NO2-A-10-c,10,H4N2O4,"1,7,8",1,99,5,104,NO2-A-10-c,Addition
4547,4548,ts_158_1_NO2-B-3-e,17,C4H9NO3,"1,6,7,8",1,99,5,104,NO2-B-3-e,Addition
4548,4549,ts_158_1_NO2-B-8-d,21,C4H11NO4S,"1,6,7,8,16",0,100,5,105,NO2-B-8-d,Addition
4549,4550,ts_158_1_NO2-C-8-e,28,C9H13NO4S,"1,6,7,8,16",0,100,5,105,NO2-C-8-e,Addition
4550,4551,ts_158_1_R-B-7,21,C7H11NO2,"1,6,7,8",1,98,5,103,R-B-7,Cyclization
4551,4552,ts_158_1_RR-A-8-c,16,C4H9NO2,"1,6,7,8",1,100,5,105,RR-A-8-c,Rearrangement
4552,4553,ts_158_1_RR-A-12,46,C23H19NO3,"1,6,7,8",1,74,3,77,RR-A-12,Rearrangement
4553,4554,ts_158_1_RR-B-4-b,20,C5H10N4O,"1,6,7,8",1,92,5,97,RR-B-4-b,Rearrangement
4554,4555,ts_158_1_RR-B-8-b,23,C8H11NO3,"1,6,7,8",1,99,5,104,RR-B-8-b,Rearrangement
4555,4556,ts_158_1_S-B-3-b,13,C3H6Br2O2,"1,6,8,35",0,100,5,105,S-B-3-b,Rearrangement
4556,4557,ts_158_1_S-B-5-b,14,C3H6Br2O3,"1,6,8,35",0,100,5,105,S-B-5-b,Addition
4557,4558,ts_158_1_S-F-2,11,CH2Cl2N2O3S,"1,6,7,8,16,17",0,96,5,101,S-F-2,Substitution
4558,4559,ts_158_2_A-E-2,16,C4H9FO2,"1,6,8,9",0,99,5,104,A-E-2,Addition
4559,4560,ts_158_2_A-E-16,15,C4H7Cl2FS,"1,6,9,16,17",0,100,5,105,A-E-16,Addition
4560,4561,ts_158_2_A-E-20,13,C3H7BrO2,"1,6,8,35",0,100,5,105,A-E-20,Addition
4561,4562,ts_158_2_S-A-4,17,C5H6N2O4,"1,6,7,8",1,89,5,94,S-A-4,Substitution
4562,4563,ts_159_1_A-A-2,27,C9H13NO4,"1,6,7,8",1,100,5,105,A-A-2,Addition
4563,4564,ts_159_1_A-D-1,15,C3H7NO4,"1,6,7,8",1,98,5,103,A-D-1,Addition
4564,4565,ts_159_1_A-E-22,17,C4H7BrO4S,"1,6,8,16,35",0,95,5,100,A-E-22,Addition
4565,4566,ts_159_1_A-I-3,10,C2H3N3O2,"1,6,7,8",1,92,5,97,A-I-3,Addition
4566,4567,ts_159_1_A-I-6,45,C21H20N2OS,"1,6,7,8,16",0,80,3,83,A-I-6,Addition
4567,4568,ts_159_1_E-1,18,C4H10N2O2,"1,6,7,8",1,97,5,102,E-1,Addition
4568,4569,ts_159_1_NO2-A-3-e,15,C3H7NO4,"1,6,7,8",1,97,5,102,NO2-A-3-e,Addition
4569,4570,ts_159_1_NO2-A-7-a,25,C8H10ClNO4S,"1,6,7,8,16,17",0,99,5,104,NO2-A-7-a,Substitution
4570,4571,ts_159_1_NO2-A-7-d,24,C8H9NO5S,"1,6,7,8,16",0,100,5,105,NO2-A-7-d,Addition
4571,4572,ts_159_1_NO2-A-11-d,30,C9H15N3O3,"1,6,7,8",1,100,5,105,NO2-A-11-d,Addition
4572,4573,ts_159_1_NO2-A-12-a,13,C3H4N2O4,"1,6,7,8",1,97,5,102,NO2-A-12-a,Substitution
4573,4574,ts_159_1_NO2-B-7-e,29,C9H14N2O3S,"1,6,7,8,16",0,100,5,105,NO2-B-7-e,Addition
4574,4575,ts_159_1_NO2-C-8-e,30,C9H14N2O4S,"1,6,7,8,16",0,99,5,104,NO2-C-8-e,Addition
4575,4576,ts_159_1_R-A-3,21,C6H9ClO5,"1,6,8,17",0,97,5,102,R-A-3,Cyclization
4576,4577,ts_159_1_R-B-12,20,C7H11ClO,"1,6,8,17",0,100,5,105,R-B-12,Cyclization
4577,4578,ts_159_1_R-B-14,24,C7H11ClO5,"1,6,8,17",0,97,5,102,R-B-14,Cyclization
4578,4579,ts_159_1_RR-A-3-b,28,C14H11ClO2,"1,6,8,17",0,98,5,103,RR-A-3-b,Rearrangement
4579,4580,ts_159_1_RR-A-13-c,27,C11H14O2,"1,6,8",1,98,5,103,RR-A-13-c,Rearrangement
4580,4581,ts_159_1_RR-B-6-b,18,C4H10N2O2,"1,6,7,8",1,100,5,105,RR-B-6-b,Rearrangement
4581,4582,ts_159_1_S-A-14,18,C5H9ClO2S,"1,6,8,16,17",0,95,5,100,S-A-14,Substitution
4582,4583,ts_159_1_S-C-2-aa,28,C10H11NO6,"1,6,7,8",1,97,5,102,S-C-2-aa,Substitution
4583,4584,ts_159_1_S-C-16,25,C11H10N2O2,"1,6,7,8",1,93,5,98,S-C-16,Substitution
4584,4585,ts_159_1_S-D-16,37,C14H14N2O6S,"1,6,7,8,16",0,80,3,83,S-D-16,Substitution
4585,4586,ts_159_2_A-E-9,23,C10H10O3,"1,6,8",1,98,5,103,A-E-9,Addition
4586,4587,ts_159_2_S-D-10,18,C3H7NO6S,"1,6,7,8,16",0,98,5,103,S-D-10,Substitution
4587,4588,ts_160_1_A-D-1,10,C2H3BrO4,"1,6,8,35",0,97,5,102,A-D-1,Addition
4588,4589,ts_160_1_A-E-4,12,C2H7NOS,"1,6,7,8,16",0,100,5,105,A-E-4,Addition
4589,4590,ts_160_1_A-E-6,23,C6H13FN2O,"1,6,7,8,9",0,100,5,105,A-E-6,Addition
4590,4591,ts_160_1_A-I-4,11,C2H3FN2O2S,"1,6,7,8,9,16",0,100,5,105,A-I-4,Addition
4591,4592,ts_160_1_NO2-A-1-e,21,C4H10N2O5,"1,6,7,8",1,95,5,100,NO2-A-1-e,Addition
4592,4593,ts_160_1_NO2-A-11-a,26,C8H12BrN3O2,"1,6,7,8,35",0,100,5,105,NO2-A-11-a,Substitution
4593,4594,ts_160_1_NO2-A-11-d,30,C9H15N3O3,"1,6,7,8",1,100,5,105,NO2-A-11-d,Addition
4594,4595,ts_160_1_NO2-B-7-e,28,C9H13NO4S,"1,6,7,8,16",0,99,5,104,NO2-B-7-e,Addition
4595,4596,ts_160_1_RR-A-12,46,C23H19NO3,"1,6,7,8",1,78,3,81,RR-A-12,Rearrangement
4596,4597,ts_160_1_RR-B-6-b,18,C4H10N2O2,"1,6,7,8",1,100,5,105,RR-B-6-b,Rearrangement
4597,4598,ts_160_1_S-A-6,24,C6H13NO4,"1,6,7,8",1,97,5,102,S-A-6,Substitution
4598,4599,ts_160_1_S-A-13,32,C11H14N2O5,"1,6,7,8",1,78,3,81,S-A-13,Substitution
4599,4600,ts_160_1_S-B-5-a,15,C4H8O3,"1,6,8",1,96,5,101,S-B-5-a,Rearrangement
4600,4601,ts_160_1_S-B-9,23,C5H10N2O6,"1,6,7,8",1,97,5,102,S-B-9,Substitution
4601,4602,ts_160_1_S-B-11,25,C9H9NO6,"1,6,7,8",1,94,5,99,S-B-11,Substitution
4602,4603,ts_160_1_S-C-2-ab,28,C10H11NO6,"1,6,7,8",1,91,5,96,S-C-2-ab,Substitution
4603,4604,ts_160_1_S-D-10,19,C3H7NO7S,"1,6,7,8,16",0,95,5,100,S-D-10,Substitution
4604,4605,ts_160_1_S-D-14,26,C8H9NO7S,"1,6,7,8,16",0,98,5,103,S-D-14,Substitution
4605,4606,ts_160_2_NO2-A-6-a,17,C2H8N2O4S,"1,6,7,8,16",0,99,5,104,NO2-A-6-a,Substitution
4606,4607,ts_160_2_R-B-2,20,C8H10O2,"1,6,8",1,99,5,104,R-B-2,Cyclization
4607,4608,ts_160_2_RR-B-5-a,12,C2H5ClN2O2,"1,6,7,8,17",0,100,5,105,RR-B-5-a,Rearrangement
4608,4609,ts_161_1_A-A-2,27,C9H13NO4,"1,6,7,8",1,100,5,105,A-A-2,Addition
4609,4610,ts_161_1_A-E-1,14,C4H7ClO2,"1,6,8,17",0,99,5,104,A-E-1,Addition
4610,4611,ts_161_1_A-E-9,26,C11H12O3,"1,6,8",1,96,5,101,A-E-9,Addition
4611,4612,ts_161_1_A-E-18,27,C11H12O4,"1,6,8",1,95,5,100,A-E-18,Addition
4612,4613,ts_161_1_A-I-5,42,C20H18N2O2,"1,6,7,8",1,78,3,81,A-I-5,Addition
4613,4614,ts_161_1_NO2-A-1-b,18,C5H7NO5,"1,6,7,8",1,98,5,103,NO2-A-1-b,Rearrangement
4614,4615,ts_161_1_NO2-A-1-e,20,C4H9NO6,"1,6,7,8",1,99,5,104,NO2-A-1-e,Addition
4615,4616,ts_161_1_NO2-A-2-d,28,C10H11NO6,"1,6,7,8",1,95,5,100,NO2-A-2-d,Addition
4616,4617,ts_161_1_NO2-A-3-d,17,C4H7NO5,"1,6,7,8",1,96,5,101,NO2-A-3-d,Addition
4617,4618,ts_161_1_NO2-A-5-e,23,C5H11BrN2O4,"1,6,7,8,35",0,100,5,105,NO2-A-5-e,Addition
4618,4619,ts_161_1_NO2-A-7-d,27,C9H11NO5S,"1,6,7,8,16",0,100,5,105,NO2-A-7-d,Addition
4619,4620,ts_161_1_NO2-A-11-b,21,C8H8N2O3,"1,6,7,8",1,100,5,105,NO2-A-11-b,Rearrangement
4620,4621,ts_161_1_NO2-B-3-d,19,C5H9NO4,"1,6,7,8",1,93,5,98,NO2-B-3-d,Addition
4621,4622,ts_161_1_R-A-3,23,C7H11ClO4,"1,6,8,17",0,94,5,99,R-A-3,Cyclization
4622,4623,ts_161_1_R-A-7,22,C5H13BrN2O,"1,6,7,8,35",0,100,5,105,R-A-7,Cyclization
4623,4624,ts_161_1_R-A-9,33,C9H20N2O2,"1,6,7,8",1,98,5,103,R-A-9,Cyclization
4624,4625,ts_161_1_R-B-10,20,C7H9NO3,"1,6,7,8",1,95,5,100,R-B-10,Cyclization
4625,4626,ts_161_1_R-B-11,31,C10H19NO,"1,6,7,8",1,99,5,104,R-B-11,Cyclization
4626,4627,ts_161_1_RR-A-1,16,C5H8O3,"1,6,8",1,99,5,104,RR-A-1,Rearrangement
4627,4628,ts_161_1_RR-A-3-a,32,C16H12O4,"1,6,8",1,75,3,78,RR-A-3-a,Rearrangement
4628,4629,ts_161_1_RR-B-8-a,30,C11H14FNO3,"1,6,7,8,9",0,98,5,103,RR-B-8-a,Rearrangement
4629,4630,ts_161_1_RR-B-8-b,25,C9H11NO4,"1,6,7,8",1,98,5,103,RR-B-8-b,Rearrangement
4630,4631,ts_161_1_S-A-15,30,C10H14N2O4,"1,6,7,8",1,96,5,101,S-A-15,Substitution
4631,4632,ts_161_1_S-B-4-a,21,C9H9BrO2,"1,6,8,35",0,100,5,105,S-B-4-a,Rearrangement
4632,4633,ts_161_1_S-C-15,26,C11H10ClNO3,"1,6,7,8,17",0,99,5,104,S-C-15,Substitution
4633,4634,ts_161_1_S-D-15,25,C7H9NO7S,"1,6,7,8,16",0,96,5,101,S-D-15,Substitution
4634,4635,ts_161_1_S-F-1,26,C9H13Br2NO,"1,6,7,8,35",0,100,5,105,S-F-1,Substitution
4635,4636,ts_161_1_S-G-5,23,C3H11N3O5S,"1,6,7,8,16",0,97,5,102,S-G-5,Substitution
4636,4637,ts_161_2_A-E-1,14,C4H7ClO2,"1,6,8,17",0,100,5,105,A-E-1,Addition
4637,4638,ts_161_2_A-E-2,17,C4H10FNO,"1,6,7,8,9",0,100,5,105,A-E-2,Addition
4638,4639,ts_161_2_A-E-5,25,C10H12O2S,"1,6,8,16",0,100,5,105,A-E-5,Addition
4639,4640,ts_161_2_A-E-8,17,C6H8FNO,"1,6,7,8,9",0,96,5,101,A-E-8,Addition
4640,4641,ts_161_2_NO2-A-9-e,17,C2H8N2O5,"1,6,7,8",1,100,5,105,NO2-A-9-e,Addition
4641,4642,ts_161_2_R-A-10,15,C4H7FO3,"1,6,8,9",0,99,5,104,R-A-10,Cyclization
4642,4643,ts_161_2_R-B-10,20,C7H9NO3,"1,6,7,8",1,95,5,100,R-B-10,Cyclization
4643,4644,ts_161_2_S-F-3,19,C2H8ClN3O4S,"1,6,7,8,16,17",0,98,5,103,S-F-3,Substitution
4644,4645,ts_161_3_R-B-10,20,C7H9NO3,"1,6,7,8",1,93,5,98,R-B-10,Cyclization
4645,4646,ts_162_1_A-E-10,18,C5H8O5,"1,6,8",1,98,5,103,A-E-10,Addition
4646,4647,ts_162_1_A-E-20,12,C3H5BrO3,"1,6,8,35",0,96,5,101,A-E-20,Addition
4647,4648,ts_162_1_A-E-22,18,C4H7BrO5S,"1,6,8,16,35",0,99,5,104,A-E-22,Addition
4648,4649,ts_162_1_A-E-23,14,C3H4Br2O4S,"1,6,8,16,35",0,100,5,105,A-E-23,Addition
4649,4650,ts_162_1_E-2-a,10,C3H4N2O,"1,6,7,8",1,90,5,95,E-2-a,Addition
4650,4651,ts_162_1_NO2-A-3-d,15,C4H6N2O3,"1,6,7,8",1,89,5,94,NO2-A-3-d,Addition
4651,4652,ts_162_1_NO2-A-7-a,25,C8H10BrNO4S,"1,6,7,8,16,35",0,98,5,103,NO2-A-7-a,Substitution
4652,4653,ts_162_1_NO2-A-8-a,19,C3H7NO7S,"1,6,7,8,16",0,98,5,103,NO2-A-8-a,Substitution
4653,4654,ts_162_1_NO2-B-3-d,17,C5H8N2O2,"1,6,7,8",1,88,5,93,NO2-B-3-d,Addition
4654,4655,ts_162_1_R-A-1,15,C4H7ClO3,"1,6,8,17",0,98,5,103,R-A-1,Cyclization
4655,4656,ts_162_1_R-A-4,27,C8H14ClFO3,"1,6,8,9,17",0,98,5,103,R-A-4,Cyclization
4656,4657,ts_162_1_R-B-10,20,C7H9NO3,"1,6,7,8",1,96,5,101,R-B-10,Cyclization
4657,4658,ts_162_1_RR-A-1,14,C5H7NO,"1,6,7,8",1,97,5,102,RR-A-1,Rearrangement
4658,4659,ts_162_1_RR-A-10,28,C9H16O3,"1,6,8",1,100,5,105,RR-A-10,Rearrangement
4659,4660,ts_162_1_RR-A-13-b,28,C11H14O3,"1,6,8",1,100,5,105,RR-A-13-b,Rearrangement
4660,4661,ts_162_1_S-B-3-b,13,C3H4Br2O4,"1,6,8,35",0,97,5,102,S-B-3-b,Rearrangement
4661,4662,ts_162_1_S-B-5-a,12,C3H5BrO3,"1,6,8,35",0,100,5,105,S-B-5-a,Rearrangement
4662,4663,ts_162_1_S-C-4,34,C11H18N2O3,"1,6,7,8",1,100,5,105,S-C-4,Substitution
4663,4664,ts_162_1_S-C-15,31,C12H14N2O3,"1,6,7,8",1,99,5,104,S-C-15,Substitution
4664,4665,ts_162_1_S-C-16,31,C12H14N2O3,"1,6,7,8",1,98,5,103,S-C-16,Substitution
4665,4666,ts_162_1_S-D-8,12,C3H3N3O3,"1,6,7,8",1,92,5,97,S-D-8,Substitution
4666,4667,ts_162_1_S-D-15,25,C8H8N2O6S,"1,6,7,8,16",0,97,5,102,S-D-15,Substitution
4667,4668,ts_162_2_A-E-11,16,C4H7NO4,"1,6,7,8",1,97,5,102,A-E-11,Addition
4668,4669,ts_162_2_S-D-9,16,C3H6N2O4S,"1,6,7,8,16",0,93,5,98,S-D-9,Substitution
4669,4670,ts_162_2_S-D-10,17,C3H6N2O5S,"1,6,7,8,16",0,95,5,100,S-D-10,Substitution
4670,4671,ts_162_4_R-B-10,20,C7H9NO3,"1,6,7,8",1,89,5,94,R-B-10,Cyclization
4671,4672,ts_163_1_A-A-1,12,CH5NO5,"1,6,7,8",1,100,5,105,A-A-1,Addition
4672,4673,ts_163_1_A-E-1,10,C2H5ClO2,"1,6,8,17",0,100,5,105,A-E-1,Addition
4673,4674,ts_163_1_A-I-6,43,C20H17N3O2S,"1,6,7,8,16",0,77,3,80,A-I-6,Addition
4674,4675,ts_163_1_NO2-A-5-b,18,C4H8N2O4,"1,6,7,8",1,95,5,100,NO2-A-5-b,Rearrangement
4675,4676,ts_163_1_NO2-A-5-d,19,C4H8ClFN2O3,"1,6,7,8,9,17",0,100,5,105,NO2-A-5-d,Addition
4676,4677,ts_163_1_NO2-A-5-e,25,C5H11N3O6,"1,6,7,8",1,97,5,102,NO2-A-5-e,Addition
4677,4678,ts_163_1_NO2-A-8-b,16,C4H6N2O3S,"1,6,7,8,16",0,88,5,93,NO2-A-8-b,Rearrangement
4678,4679,ts_163_1_NO2-C-8-e,28,C9H11NO6S,"1,6,7,8,16",0,100,5,105,NO2-C-8-e,Addition
4679,4680,ts_163_1_R-B-5,24,C6H14N4,"1,6,7",1,100,5,105,R-B-5,Cyclization
4680,4681,ts_163_1_RR-A-12,41,C21H16FNO2,"1,6,7,8,9",0,76,3,79,RR-A-12,Rearrangement
4681,4682,ts_163_1_RR-A-13-c,27,C11H12O4,"1,6,8",1,99,5,104,RR-A-13-c,Rearrangement
4682,4683,ts_163_1_RR-B-5-a,11,C2H4ClNO3,"1,6,7,8,17",0,100,5,105,RR-B-5-a,Rearrangement
4683,4684,ts_163_1_S-A-10,34,C9H20N2O3,"1,6,7,8",1,100,5,105,S-A-10,Substitution
4684,4685,ts_163_1_S-A-12,33,C10H17NO5,"1,6,7,8",1,95,5,100,S-A-12,Substitution
4685,4686,ts_163_1_S-A-15,28,C10H12BrNO4,"1,6,7,8,35",0,94,5,99,S-A-15,Substitution
4686,4687,ts_163_1_S-A-16,30,C12H13ClO3S,"1,6,8,16,17",0,94,5,99,S-A-16,Substitution
4687,4688,ts_163_1_S-D-2,13,C2H4N2O5,"1,6,7,8",1,90,5,95,S-D-2,Substitution
4688,4689,ts_163_1_S-D-13,24,C8H8FNO5S,"1,6,7,8,9,16",0,93,5,98,S-D-13,Substitution
4689,4690,ts_163_1_S-D-15,26,C8H8FNO7S,"1,6,7,8,9,16",0,97,5,102,S-D-15,Substitution
4690,4691,ts_163_1_S-F-4,17,C3H7FN2O4,"1,6,7,8,9",0,96,5,101,S-F-4,Substitution
4691,4692,ts_163_2_R-B-7,24,C9H12O3,"1,6,8",1,94,5,99,R-B-7,Cyclization
4692,4693,ts_163_2_S-F-2,14,CH4Cl2N2O4S,"1,6,7,8,16,17",0,99,5,104,S-F-2,Substitution
4693,4694,ts_163_2_S-F-3,16,CH6ClN3O4S,"1,6,7,8,16,17",0,98,5,103,S-F-3,Substitution
4694,4695,ts_163_4_R-B-7,24,C9H12O3,"1,6,8",1,94,5,99,R-B-7,Cyclization
4695,4696,ts_164_1_A-E-18,23,C10H9NO3,"1,6,7,8",1,91,5,96,A-E-18,Addition
4696,4697,ts_164_1_A-E-20,10,C3H4BrNO,"1,6,7,8,35",0,91,5,96,A-E-20,Addition
4697,4698,ts_164_1_A-E-22,16,C4H6BrNO3S,"1,6,7,8,16,35",0,94,5,99,A-E-22,Addition
4698,4699,ts_164_1_A-I-5,46,C21H21N3O,"1,6,7,8",1,79,3,82,A-I-5,Addition
4699,4700,ts_164_1_E-2-a,9,CH2N2O4,"1,6,7,8",1,95,5,100,E-2-a,Addition
4700,4701,ts_164_1_NO2-A-1-e,19,C4H7NO7,"1,6,7,8",1,96,5,101,NO2-A-1-e,Addition
4701,4702,ts_164_1_NO2-A-6-a,16,C3H6N2O4S,"1,6,7,8,16",0,92,5,97,NO2-A-6-a,Substitution
4702,4703,ts_164_1_NO2-A-9-a,15,C3H5N3O4,"1,6,7,8",1,92,5,97,NO2-A-9-a,Substitution
4703,4704,ts_164_1_NO2-A-9-e,16,C2H6N2O6,"1,6,7,8",1,98,5,103,NO2-A-9-e,Addition
4704,4705,ts_164_1_NO2-A-10-c,13,CH5N3O4,"1,6,7,8",1,98,5,103,NO2-A-10-c,Addition
4705,4706,ts_164_1_R-A-7,27,C6H17N3O,"1,6,7,8",1,100,5,105,R-A-7,Cyclization
4706,4707,ts_164_1_RR-A-8-c,15,C3H6N2O4,"1,6,7,8",1,97,5,102,RR-A-8-c,Rearrangement
4707,4708,ts_164_1_RR-A-9-a,27,C11H12O4,"1,6,8",1,96,5,101,RR-A-9-a,Rearrangement
4708,4709,ts_164_1_RR-A-13-a,27,C11H12O4,"1,6,8",1,99,5,104,RR-A-13-a,Rearrangement
4709,4710,ts_164_1_RR-B-5-a,11,C3H3ClN2O2,"1,6,7,8,17",0,96,5,101,RR-B-5-a,Rearrangement
4710,4711,ts_164_1_S-A-7,10,C2HBrCl2F2O2,"1,6,8,9,17,35",0,95,5,100,S-A-7,Substitution
4711,4712,ts_164_1_S-A-8,29,C8H15ClO5,"1,6,8,17",0,97,5,102,S-A-8,Substitution
4712,4713,ts_164_1_S-A-12,32,C10H16O6,"1,6,8",1,96,5,101,S-A-12,Substitution
4713,4714,ts_164_1_S-A-15,30,C11H13NO5,"1,6,7,8",1,98,5,103,S-A-15,Substitution
4714,4715,ts_164_1_S-B-5-b,13,C2H3Br2NO5,"1,6,7,8,35",0,95,5,100,S-B-5-b,Addition
4715,4716,ts_164_1_S-B-9,22,C5H9ClN2O5,"1,6,7,8,17",0,95,5,100,S-B-9,Substitution
4716,4717,ts_164_1_S-B-12,24,C9H8FNO5,"1,6,7,8,9",0,92,5,97,S-B-12,Substitution
4717,4718,ts_164_1_S-D-11,19,C3H6ClNO7S,"1,6,7,8,16,17",0,92,5,97,S-D-11,Substitution
4718,4719,ts_164_1_S-D-14,25,C8H8ClNO6S,"1,6,7,8,16,17",0,95,5,100,S-D-14,Substitution
4719,4720,ts_164_1_S-D-15,26,C8H8ClNO7S,"1,6,7,8,16,17",0,96,5,101,S-D-15,Substitution
4720,4721,ts_164_2_A-E-19,23,C10H9NO3,"1,6,7,8",1,93,5,98,A-E-19,Addition
4721,4722,ts_164_2_NO2-A-10-c,13,CH5N3O4,"1,6,7,8",1,97,5,102,NO2-A-10-c,Addition
4722,4723,ts_164_2_R-A-11,11,C3H4BrNO2,"1,6,7,8,35",0,96,5,101,R-A-11,Cyclization
4723,4724,ts_165_1_A-E-13,11,C3H3Cl2FO2,"1,6,8,9,17",0,80,4,84,A-E-13,Addition
4724,4725,ts_165_1_A-E-19,24,C10H9FO4,"1,6,8,9",0,98,5,103,A-E-19,Addition
4725,4726,ts_165_1_NO2-A-1-e,21,C5H9NO6,"1,6,7,8",1,96,5,101,NO2-A-1-e,Addition
4726,4727,ts_165_1_NO2-A-3-b,11,C2H2N2O5,"1,6,7,8",1,96,5,101,NO2-A-3-b,Rearrangement
4727,4728,ts_165_1_NO2-A-7-a,30,C9H14N2O4S,"1,6,7,8,16",0,100,5,105,NO2-A-7-a,Substitution
4728,4729,ts_165_1_NO2-A-9-e,18,C3H8N2O5,"1,6,7,8",1,97,5,102,NO2-A-9-e,Addition
4729,4730,ts_165_1_NO2-A-10-c,15,C2H6N2O5,"1,6,7,8",1,100,5,105,NO2-A-10-c,Addition
4730,4731,ts_165_1_NO2-B-11-b,20,C8H7FN2O2,"1,6,7,8,9",0,98,5,103,NO2-B-11-b,Addition
4731,4732,ts_165_1_R-B-3,23,C9H11NO2,"1,6,7,8",1,86,5,91,R-B-3,Cyclization
4732,4733,ts_165_1_RR-B-7-b,18,C4H9NO4,"1,6,7,8",1,98,5,103,RR-B-7-b,Rearrangement
4733,4734,ts_165_1_RR-B-8-a,31,C12H14N2O3,"1,6,7,8",1,86,5,91,RR-B-8-a,Rearrangement
4734,4735,ts_165_1_S-A-8,29,C8H15ClO5,"1,6,8,17",0,97,5,102,S-A-8,Substitution
4735,4736,ts_165_1_S-A-21,19,C5H7ClFNO4,"1,6,7,8,9,17",0,89,5,94,S-A-21,Substitution
4736,4737,ts_165_2_A-A-1,13,C2H4FNO5,"1,6,7,8,9",0,98,5,103,A-A-1,Addition
4737,4738,ts_165_2_A-E-8,21,C7H11FO2,"1,6,8,9",0,97,5,102,A-E-8,Addition
4738,4739,ts_165_2_A-E-18,24,C10H9FO4,"1,6,8,9",0,95,5,100,A-E-18,Addition
4739,4740,ts_165_2_A-E-24,20,C6H10BrFOS,"1,6,8,9,16,35",0,99,5,104,A-E-24,Addition
4740,4741,ts_165_2_R-A-10,12,C3H4F2O3,"1,6,8,9",0,97,5,102,R-A-10,Cyclization
4741,4742,ts_166_1_NO2-A-3-d,12,C2H4ClNO4,"1,6,7,8,17",0,100,5,105,NO2-A-3-d,Addition
4742,4743,ts_166_1_NO2-A-5-a,22,C5H9ClN2O5,"1,6,7,8,17",0,95,5,100,NO2-A-5-a,Substitution
4743,4744,ts_166_1_NO2-A-5-b,19,C5H7ClN2O4,"1,6,7,8,17",0,95,5,100,NO2-A-5-b,Rearrangement
4744,4745,ts_166_1_NO2-A-6-d,17,C3H6ClNO5S,"1,6,7,8,16,17",0,100,5,105,NO2-A-6-d,Addition
4745,4746,ts_166_1_NO2-A-10-c,12,C2H3N3O4,"1,6,7,8",1,94,5,99,NO2-A-10-c,Addition
4746,4747,ts_166_1_NO2-A-11-d,31,C9H16N4O2,"1,6,7,8",1,99,5,104,NO2-A-11-d,Addition
4747,4748,ts_166_1_NO2-B-2-d,30,C11H13NO5,"1,6,7,8",1,96,5,101,NO2-B-2-d,Addition
4748,4749,ts_166_1_R-A-2,20,C5H10ClNO3,"1,6,7,8,17",0,100,5,105,R-A-2,Cyclization
4749,4750,ts_166_1_R-A-10,12,C3H4ClFO3,"1,6,8,9,17",0,99,5,104,R-A-10,Cyclization
4750,4751,ts_166_1_RR-A-10,31,C10H17NO3,"1,6,7,8",1,99,5,104,RR-A-10,Rearrangement
4751,4752,ts_166_1_RR-A-13-b,31,C12H15NO3,"1,6,7,8",1,99,5,104,RR-A-13-b,Rearrangement
4752,4753,ts_166_1_RR-A-18,31,C12H15NO3,"1,6,7,8",1,100,5,105,RR-A-18,Rearrangement
4753,4754,ts_166_1_S-A-1,25,C7H12O6,"1,6,8",1,95,5,100,S-A-1,Substitution
4754,4755,ts_166_1_S-B-5-a,14,C3H5NO5,"1,6,7,8",1,99,5,104,S-B-5-a,Rearrangement
4755,4756,ts_166_1_S-B-5-b,11,C2H3Br2ClO3,"1,6,8,17,35",0,100,5,105,S-B-5-b,Addition
4756,4757,ts_166_1_S-G-2,15,C2H6BrClO4S,"1,6,8,16,17,35",0,98,5,103,S-G-2,Substitution
4757,4758,ts_166_1_S-G-6,21,C4H8N2O6S,"1,6,7,8,16",0,90,5,95,S-G-6,Substitution
4758,4759,ts_166_2_A-E-19,24,C10H9ClO4,"1,6,8,17",0,98,5,103,A-E-19,Addition
4759,4760,ts_166_2_S-A-11,22,C6H8O8,"1,6,8",1,94,5,99,S-A-11,Substitution
4760,4761,ts_167_1_A-E-9,28,C11H13NO3,"1,6,7,8",1,97,5,102,A-E-9,Addition
4761,4762,ts_167_1_A-E-10,22,C6H11NO4,"1,6,7,8",1,94,5,99,A-E-10,Addition
4762,4763,ts_167_1_A-E-16,18,C5H8ClFO2S,"1,6,8,9,16,17",0,99,5,104,A-E-16,Addition
4763,4764,ts_167_1_NO2-A-5-a,27,C6H13N3O5,"1,6,7,8",1,96,5,101,NO2-A-5-a,Substitution
4764,4765,ts_167_1_NO2-A-5-d,23,C4H8N4O7,"1,6,7,8",1,95,5,100,NO2-A-5-d,Addition
4765,4766,ts_167_1_NO2-A-6-d,22,C4H10N2O5S,"1,6,7,8,16",0,98,5,103,NO2-A-6-d,Addition
4766,4767,ts_167_1_NO2-A-8-e,22,C4H9NO7S,"1,6,7,8,16",0,99,5,104,NO2-A-8-e,Addition
4767,4768,ts_167_1_NO2-B-2-e,31,C11H13NO6,"1,6,7,8",1,77,3,80,NO2-B-2-e,Addition
4768,4769,ts_167_1_NO2-B-3-d,14,C3H6ClNO3,"1,6,7,8,17",0,98,5,103,NO2-B-3-d,Addition
4769,4770,ts_167_1_NO2-C-3-e,27,C10H11NO5,"1,6,7,8",1,98,5,103,NO2-C-3-e,Addition
4770,4771,ts_167_1_R-A-3,24,C7H13ClO3,"1,6,8,17",0,98,5,103,R-A-3,Cyclization
4771,4772,ts_167_1_R-A-8,26,C7H15BrFNO,"1,6,7,8,9,35",0,100,5,105,R-A-8,Cyclization
4772,4773,ts_167_1_R-B-4,23,C8H13NO,"1,6,7,8",1,98,5,103,R-B-4,Cyclization
4773,4774,ts_167_1_R-B-12,21,C8H11NO,"1,6,7,8",1,95,5,100,R-B-12,Cyclization
4774,4775,ts_167_1_R-B-13,25,C10H13NO,"1,6,7,8",1,89,5,94,R-B-13,Cyclization
4775,4776,ts_167_1_RR-A-3-a,31,C15H12O4,"1,6,8",1,79,3,82,RR-A-3-a,Rearrangement
4776,4777,ts_167_1_RR-A-10,30,C10H16O4,"1,6,8",1,79,4,83,RR-A-10,Rearrangement
4777,4778,ts_167_1_RR-B-7-a,14,C3H6N2O3,"1,6,7,8",1,85,5,90,RR-B-7-a,Rearrangement
4778,4779,ts_167_1_RR-B-7-b,19,C4H9NO5,"1,6,7,8",1,97,5,102,RR-B-7-b,Rearrangement
4779,4780,ts_167_1_RR-B-8-a,30,C11H15NO3,"1,6,7,8",1,100,5,105,RR-B-8-a,Rearrangement
4780,4781,ts_167_1_S-C-4,30,C10H15BrN2O2,"1,6,7,8,35",0,100,5,105,S-C-4,Substitution
4781,4782,ts_167_1_S-C-5,23,C8H10BrNO3,"1,6,7,8,35",0,100,5,105,S-C-5,Substitution
4782,4783,ts_167_1_S-D-9,19,C3H8N2O5S,"1,6,7,8,16",0,98,5,103,S-D-9,Substitution
4783,4784,ts_167_1_S-F-1,27,C10H13BrN2O,"1,6,7,8,35",0,97,5,102,S-F-1,Substitution
4784,4785,ts_167_1_S-G-2,17,C2H6ClNO6S,"1,6,7,8,16,17",0,100,5,105,S-G-2,Substitution
4785,4786,ts_167_2_A-E-11,20,C5H10N2O3,"1,6,7,8",1,97,5,102,A-E-11,Addition
4786,4787,ts_167_2_A-E-17,17,C4H7ClN2O3,"1,6,7,8,17",0,96,5,101,A-E-17,Addition
4787,4788,ts_168_1_A-E-18,24,C10H9BrO4,"1,6,8,35",0,96,5,101,A-E-18,Addition
4788,4789,ts_168_1_A-E-20,11,C3H4Br2O2,"1,6,8,35",0,100,5,105,A-E-20,Addition
4789,4790,ts_168_1_A-E-23,13,C3H3Br3O3S,"1,6,8,16,35",0,94,5,99,A-E-23,Addition
4790,4791,ts_168_1_A-F-3,22,C9H6BrClO4S,"1,6,8,16,17,35",0,94,5,99,A-F-3,Addition
4791,4792,ts_168_1_A-I-6,41,C20H17BrN2S,"1,6,7,16,35",0,79,3,82,A-I-6,Addition
4792,4793,ts_168_1_NO2-A-5-d,19,C4H8Cl2N2O3,"1,6,7,8,17",0,100,5,105,NO2-A-5-d,Addition
4793,4794,ts_168_1_NO2-A-7-c,24,C8H8BrNO5S,"1,6,7,8,16,35",0,98,5,103,NO2-A-7-c,Addition
4794,4795,ts_168_1_NO2-A-9-b,10,CH3BrN2O3,"1,6,7,8,35",0,98,5,103,NO2-A-9-b,Rearrangement
4795,4796,ts_168_1_NO2-A-10-d,11,CH3BrN2O4,"1,6,7,8,35",0,99,5,104,NO2-A-10-d,Addition
4796,4797,ts_168_1_NO2-B-7-d,26,C9H10BrNO4S,"1,6,7,8,16,35",0,96,5,101,NO2-B-7-d,Addition
4797,4798,ts_168_1_NO2-B-7-e,29,C10H11NO6S,"1,6,7,8,16",0,75,3,78,NO2-B-7-e,Addition
4798,4799,ts_168_1_NO2-C-8-e,30,C10H11NO7S,"1,6,7,8,16",0,77,3,80,NO2-C-8-e,Addition
4799,4800,ts_168_1_R-A-1,9,C2H3Br2ClO,"1,6,8,17,35",0,100,5,105,R-A-1,Cyclization
4800,4801,ts_168_1_R-A-2,19,C5H9ClO4,"1,6,8,17",0,96,5,101,R-A-2,Cyclization
4801,4802,ts_168_1_R-B-3,18,C7H8FNO,"1,6,7,8,9",0,92,5,97,R-B-3,Cyclization
4802,4803,ts_168_1_R-B-9,32,C11H17ClO3,"1,6,8,17",0,98,5,103,R-B-9,Cyclization
4803,4804,ts_168_1_R-B-12,21,C8H11NO,"1,6,7,8",1,89,5,94,R-B-12,Cyclization
4804,4805,ts_168_1_RR-A-6,20,C9H7BrO3,"1,6,8,35",0,99,5,104,RR-A-6,Rearrangement
4805,4806,ts_168_1_RR-B-4-b,20,C5H9N3O3,"1,6,7,8",1,88,5,93,RR-B-4-b,Rearrangement
4806,4807,ts_168_1_RR-B-7-a,15,C3H6FNO4,"1,6,7,8,9",0,99,5,104,RR-B-7-a,Rearrangement
4807,4808,ts_168_1_RR-B-7-b,19,C4H9NO5,"1,6,7,8",1,98,5,103,RR-B-7-b,Rearrangement
4808,4809,ts_168_1_RR-B-8-b,20,C7H8BrNO3,"1,6,7,8,35",0,100,5,105,RR-B-8-b,Rearrangement
4809,4810,ts_168_1_S-B-3-a,9,C4H2N2O,"1,6,7,8",1,86,5,91,S-B-3-a,Rearrangement
4810,4811,ts_168_1_S-D-14,26,C9H8N2O6S,"1,6,7,8,16",0,86,5,91,S-D-14,Substitution
4811,4812,ts_168_1_S-G-6,22,C3H8N2O8S,"1,6,7,8,16",0,98,5,103,S-G-6,Substitution
4812,4813,ts_168_2_A-A-2,24,C8H11NO4,"1,6,7,8",1,99,5,104,A-A-2,Addition
4813,4814,ts_168_2_A-F-1,15,C4H4BrClO4S,"1,6,8,16,17,35",0,96,5,101,A-F-1,Addition
4814,4815,ts_168_2_R-B-9,32,C11H17ClO3,"1,6,8,17",0,92,5,97,R-B-9,Cyclization
4815,4816,ts_168_2_S-D-2,16,C2H6N2O6,"1,6,7,8",1,96,5,101,S-D-2,Substitution
4816,4817,ts_168_2_S-D-9,18,C4H6N2O5S,"1,6,7,8,16",0,88,5,93,S-D-9,Substitution
4817,4818,ts_168_2_S-H-1,18,C2H3Cl5NO5PS,"1,6,7,8,15,16,17",0,89,5,94,S-H-1,Substitution
4818,4819,ts_168_3_A-E-2,18,C5H9FO3,"1,6,8,9",0,98,5,103,A-E-2,Addition
4819,4820,ts_168_4_S-A-4,24,C5H13N3O3,"1,6,7,8",1,100,5,105,S-A-4,Substitution
4820,4821,ts_169_1_A-A-2,24,C8H11NO4,"1,6,7,8",1,99,5,104,A-A-2,Addition
4821,4822,ts_169_1_A-E-10,19,C5H9NO4,"1,6,7,8",1,96,5,101,A-E-10,Addition
4822,4823,ts_169_1_A-E-11,17,C4H8N2O3,"1,6,7,8",1,100,5,105,A-E-11,Addition
4823,4824,ts_169_1_A-I-3,14,C3H4N2O5,"1,6,7,8",1,90,5,95,A-I-3,Addition
4824,4825,ts_169_1_NO2-A-1-d,16,C3H6BrNO5,"1,6,7,8,35",0,99,5,104,NO2-A-1-d,Addition
4825,4826,ts_169_1_NO2-A-2-d,27,C9H10N2O6,"1,6,7,8",1,98,5,103,NO2-A-2-d,Addition
4826,4827,ts_169_1_NO2-A-7-d,26,C8H10N2O5S,"1,6,7,8,16",0,99,5,104,NO2-A-7-d,Addition
4827,4828,ts_169_1_NO2-A-8-e,21,C4H7NO8S,"1,6,7,8,16",0,96,5,101,NO2-A-8-e,Addition
4828,4829,ts_169_1_NO2-A-9-e,18,C3H6N2O7,"1,6,7,8",1,94,5,99,NO2-A-9-e,Addition
4829,4830,ts_169_1_NO2-C-3-e,26,C10H9NO6,"1,6,7,8",1,98,5,103,NO2-C-3-e,Addition
4830,4831,ts_169_1_R-A-1,14,C3H6ClNO3,"1,6,7,8,17",0,99,5,104,R-A-1,Cyclization
4831,4832,ts_169_1_R-B-2,20,C8H10O2,"1,6,8",1,100,5,105,R-B-2,Cyclization
4832,4833,ts_169_1_RR-A-9-a,29,C12H12O5,"1,6,8",1,95,5,100,RR-A-9-a,Rearrangement
4833,4834,ts_169_1_RR-A-13-a,29,C12H12O5,"1,6,8",1,88,5,93,RR-A-13-a,Rearrangement
4834,4835,ts_169_1_RR-A-13-b,29,C12H12O5,"1,6,8",1,96,5,101,RR-A-13-b,Rearrangement
4835,4836,ts_169_1_RR-A-13-c,29,C12H12O5,"1,6,8",1,96,5,101,RR-A-13-c,Rearrangement
4836,4837,ts_169_1_RR-B-1-b,12,C3H5BrO3,"1,6,8,35",0,98,5,103,RR-B-1-b,Rearrangement
4837,4838,ts_169_1_RR-B-8-a,31,C11H15NO4,"1,6,7,8",1,98,5,103,RR-B-8-a,Rearrangement
4838,4839,ts_169_1_S-A-12,33,C11H16O6,"1,6,8",1,77,3,80,S-A-12,Substitution
4839,4840,ts_169_1_S-A-17,25,C6H15NO3,"1,6,7,8",1,99,5,104,S-A-17,Substitution
4840,4841,ts_169_1_S-A-21,18,C6H7ClFNO2,"1,6,7,8,9,17",0,91,5,96,S-A-21,Substitution
4841,4842,ts_169_1_S-B-3-b,15,C4H4Br2O5,"1,6,8,35",0,96,5,101,S-B-3-b,Rearrangement
4842,4843,ts_169_1_S-B-4-a,26,C11H12O3,"1,6,8",1,99,5,104,S-B-4-a,Rearrangement
4843,4844,ts_169_1_S-B-7,22,C5H9NO7,"1,6,7,8",1,97,5,102,S-B-7,Substitution
4844,4845,ts_169_2_A-E-8,16,C5H8F2O,"1,6,8,9",0,98,5,103,A-E-8,Addition
4845,4846,ts_169_2_NO2-A-8-a,20,C3H8N2O6S,"1,6,7,8,16",0,98,5,103,NO2-A-8-a,Substitution
4846,4847,ts_169_2_R-A-5,16,C4H8F2O2,"1,6,8,9",0,100,5,105,R-A-5,Cyclization
4847,4848,ts_169_2_RR-B-5-a,14,C3H5ClN2O3,"1,6,7,8,17",0,100,5,105,RR-B-5-a,Rearrangement
4848,4849,ts_170_1_A-E-4,16,C4H8O3S,"1,6,8,16",0,98,5,103,A-E-4,Addition
4849,4850,ts_170_1_A-E-5,26,C10H12O3S,"1,6,8,16",0,99,5,104,A-E-5,Addition
4850,4851,ts_170_1_A-E-11,19,C5H9NO4,"1,6,7,8",1,98,5,103,A-E-11,Addition
4851,4852,ts_170_1_A-E-19,28,C11H12O5,"1,6,8",1,98,5,103,A-E-19,Addition
4852,4853,ts_170_1_A-E-21,15,C4H6Br2O3,"1,6,8,35",0,100,5,105,A-E-21,Addition
4853,4854,ts_170_1_NO2-A-1-a,22,C5H9NO7,"1,6,7,8",1,96,5,101,NO2-A-1-a,Substitution
4854,4855,ts_170_1_NO2-A-1-d,21,C4H10N2O5,"1,6,7,8",1,99,5,104,NO2-A-1-d,Addition
4855,4856,ts_170_1_NO2-A-8-a,22,C4H9NO7S,"1,6,7,8,16",0,97,5,102,NO2-A-8-a,Substitution
4856,4857,ts_170_1_NO2-A-10-d,15,C2H6N2O5,"1,6,7,8",1,99,5,104,NO2-A-10-d,Addition
4857,4858,ts_170_1_NO2-A-12-a,17,C4H6N2O5,"1,6,7,8",1,96,5,101,NO2-A-12-a,Substitution
4858,4859,ts_170_1_NO2-A-12-d,17,C4H6N2O5,"1,6,7,8",1,95,5,100,NO2-A-12-d,Addition
4859,4860,ts_170_1_NO2-B-2-d,29,C10H12N2O5,"1,6,7,8",1,95,5,100,NO2-B-2-d,Addition
4860,4861,ts_170_1_NO2-B-3-d,19,C4H10N2O3,"1,6,7,8",1,98,5,103,NO2-B-3-d,Addition
4861,4862,ts_170_1_NO2-B-11-b,24,C9H10N2O3,"1,6,7,8",1,98,5,103,NO2-B-11-b,Addition
4862,4863,ts_170_1_RR-A-8-c,18,C4H10N2O2,"1,6,7,8",1,100,5,105,RR-A-8-c,Rearrangement
4863,4864,ts_170_1_RR-B-1-b,17,C4H9NO3,"1,6,7,8",1,97,5,102,RR-B-1-b,Rearrangement
4864,4865,ts_170_1_S-A-2,34,C12H17ClN2O2,"1,6,7,8,17",0,79,3,82,S-A-2,Substitution
4865,4866,ts_170_1_S-A-14,23,C6H12ClNO2S,"1,6,7,8,16,17",0,98,5,103,S-A-14,Substitution
4866,4867,ts_170_1_S-D-2,18,C3H7NO7,"1,6,7,8",1,90,5,95,S-D-2,Substitution
4867,4868,ts_170_2_A-E-8,22,C7H12O3,"1,6,8",1,98,5,103,A-E-8,Addition
4868,4869,ts_170_2_A-E-10,21,C6H10O5,"1,6,8",1,97,5,102,A-E-10,Addition
4869,4870,ts_171_1_A-E-20,12,C4H4BrNO2,"1,6,7,8,35",0,96,5,101,A-E-20,Addition
4870,4871,ts_171_1_NO2-A-1-b,18,C4H8N2O4,"1,6,7,8",1,98,5,103,NO2-A-1-b,Rearrangement
4871,4872,ts_171_1_NO2-A-5-b,20,C6H7N3O4,"1,6,7,8",1,89,5,94,NO2-A-5-b,Rearrangement
4872,4873,ts_171_1_NO2-A-6-a,18,C4H6N2O5S,"1,6,7,8,16",0,92,5,97,NO2-A-6-a,Substitution
4873,4874,ts_171_1_NO2-A-6-b,17,C3H8N2O3S,"1,6,7,8,16",0,99,5,104,NO2-A-6-b,Rearrangement
4874,4875,ts_171_1_NO2-A-11-b,19,C8H5N3O3,"1,6,7,8",1,89,5,94,NO2-A-11-b,Rearrangement
4875,4876,ts_171_1_R-A-10,13,C4H4FNO3,"1,6,7,8,9",0,93,5,98,R-A-10,Cyclization
4876,4877,ts_171_1_R-B-11,28,C9H15BrClNO,"1,6,7,8,17,35",0,99,5,104,R-B-11,Cyclization
4877,4878,ts_171_1_RR-A-1,16,C4H9NO2,"1,6,7,8",1,97,5,102,RR-A-1,Rearrangement
4878,4879,ts_171_1_RR-B-6-a,14,C3H7BrN2O,"1,6,7,8,35",0,97,5,102,RR-B-6-a,Rearrangement
4879,4880,ts_171_1_S-A-4,22,C5H10N2O5,"1,6,7,8",1,94,5,99,S-A-4,Substitution
4880,4881,ts_171_1_S-A-7,13,C3H4Cl2F2O2,"1,6,8,9,17",0,98,5,103,S-A-7,Substitution
4881,4882,ts_171_1_S-A-11,23,C6H10O7,"1,6,8",1,93,5,98,S-A-11,Substitution
4882,4883,ts_171_1_S-B-3-a,14,C5H6O3,"1,6,8",1,96,5,101,S-B-3-a,Rearrangement
4883,4884,ts_171_1_S-B-4-a,22,C9H10ClNO,"1,6,7,8,17",0,100,5,105,S-B-4-a,Rearrangement
4884,4885,ts_171_1_S-B-9,25,C6H10N2O7,"1,6,7,8",1,90,5,95,S-B-9,Substitution
4885,4886,ts_171_1_S-C-1,33,C11H18ClFN2,"1,6,7,9,17",0,80,4,84,S-C-1,Substitution
4886,4887,ts_171_1_S-F-2,14,C2H4Cl3NO3S,"1,6,7,8,16,17",0,95,5,100,S-F-2,Substitution
4887,4888,ts_171_1_S-G-1,19,C3H9Cl2NO3S,"1,6,7,8,16,17",0,99,5,104,S-G-1,Substitution
4888,4889,ts_171_2_A-D-1,14,C3H7NO3,"1,6,7,8",1,99,5,104,A-D-1,Addition
4889,4890,ts_171_2_A-E-9,24,C11H9NO3,"1,6,7,8",1,90,5,95,A-E-9,Addition
4890,4891,ts_171_2_A-F-1,16,C5H4ClNO4S,"1,6,7,8,16,17",0,96,5,101,A-F-1,Addition
4891,4892,ts_171_2_A-F-2,16,C5H4BrNO4S,"1,6,7,8,16,35",0,88,5,93,A-F-2,Addition
4892,4893,ts_171_2_S-A-4,20,C5H8FNO5,"1,6,7,8,9",0,94,5,99,S-A-4,Substitution
4893,4894,ts_171_2_S-A-9,30,C9H17ClO3,"1,6,8,17",0,97,5,102,S-A-9,Substitution
4894,4895,ts_171_2_S-D-2,16,C3H5NO7,"1,6,7,8",1,92,5,97,S-D-2,Substitution
4895,4896,ts_172_1_A-E-8,23,C7H11NO4,"1,6,7,8",1,96,5,101,A-E-8,Addition
4896,4897,ts_172_1_A-E-16,22,C6H10ClNO3S,"1,6,7,8,16,17",0,98,5,103,A-E-16,Addition
4897,4898,ts_172_1_A-I-5,46,C22H20N2O2,"1,6,7,8",1,76,3,79,A-I-5,Addition
4898,4899,ts_172_1_NO2-A-1-d,16,C3H6FNO5,"1,6,7,8,9",0,98,5,103,NO2-A-1-d,Addition
4899,4900,ts_172_1_NO2-A-4-d,26,C10H9NO6,"1,6,7,8",1,97,5,102,NO2-A-4-d,Addition
4900,4901,ts_172_1_NO2-A-6-b,12,C2H4FNO3S,"1,6,7,8,9,16",0,100,5,105,NO2-A-6-b,Rearrangement
4901,4902,ts_172_1_NO2-A-11-b,20,C8H6N2O4,"1,6,7,8",1,98,5,103,NO2-A-11-b,Rearrangement
4902,4903,ts_172_1_NO2-B-12-e,18,C5H8N2O3,"1,6,7,8",1,91,5,96,NO2-B-12-e,Addition
4903,4904,ts_172_1_RR-A-13-b,29,C12H14O3,"1,6,8",1,99,5,104,RR-A-13-b,Rearrangement
4904,4905,ts_172_1_RR-A-18,29,C12H14O3,"1,6,8",1,99,5,104,RR-A-18,Rearrangement
4905,4906,ts_172_1_RR-B-6-b,14,C3H7FN2O,"1,6,7,8,9",0,99,5,104,RR-B-6-b,Rearrangement
4906,4907,ts_172_1_RR-B-7-a,20,C4H10N2O4,"1,6,7,8",1,99,5,104,RR-B-7-a,Rearrangement
4907,4908,ts_172_1_S-A-8,25,C7H12Cl2O4,"1,6,8,17",0,96,5,101,S-A-8,Substitution
4908,4909,ts_172_1_S-C-3,28,C10H13NO4,"1,6,7,8",1,100,5,105,S-C-3,Substitution
4909,4910,ts_172_1_S-C-4,31,C10H16N2O3,"1,6,7,8",1,100,5,105,S-C-4,Substitution
4910,4911,ts_172_1_S-D-10,20,C3H6N2O8S,"1,6,7,8,16",0,90,5,95,S-D-10,Substitution
4911,4912,ts_172_1_S-F-2,15,C3H4Cl2N2O3S,"1,6,7,8,16,17",0,96,5,101,S-F-2,Substitution
4912,4913,ts_172_2_A-E-6,28,C8H14N2O4,"1,6,7,8",1,96,5,101,A-E-6,Addition
4913,4914,ts_172_2_A-F-1,17,C5H5ClO5S,"1,6,8,16,17",0,93,5,98,A-F-1,Addition
4914,4915,ts_172_2_R-B-9,32,C11H17FO3,"1,6,8,9",0,97,5,102,R-B-9,Cyclization
4915,4916,ts_172_2_S-D-10,20,C3H6N2O8S,"1,6,7,8,16",0,94,5,99,S-D-10,Substitution
4916,4917,ts_173_1_A-E-6,28,C8H16N2O2,"1,6,7,8",1,97,5,102,A-E-6,Addition
4917,4918,ts_173_1_A-E-14,24,C6H12ClNO3S,"1,6,7,8,16,17",0,98,5,103,A-E-14,Addition
4918,4919,ts_173_1_NO2-B-3-d,14,C3H6FNO3,"1,6,7,8,9",0,99,5,104,NO2-B-3-d,Addition
4919,4920,ts_173_1_NO2-C-3-e,25,C10H9NO5,"1,6,7,8",1,95,5,100,NO2-C-3-e,Addition
4920,4921,ts_173_1_RR-A-2-a,21,C9H9ClO2,"1,6,8,17",0,100,5,105,RR-A-2-a,Rearrangement
4921,4922,ts_173_1_RR-B-7-a,20,C4H10N2O4,"1,6,7,8",1,97,5,102,RR-B-7-a,Rearrangement
4922,4923,ts_173_1_S-A-16,29,C11H13ClO3S,"1,6,8,16,17",0,97,5,102,S-A-16,Substitution
4923,4924,ts_173_1_S-A-18,25,C7H12ClNO4,"1,6,7,8,17",0,92,5,97,S-A-18,Substitution
4924,4925,ts_173_1_S-C-4,30,C10H15FN2O2,"1,6,7,8,9",0,100,5,105,S-C-4,Substitution
4925,4926,ts_173_1_S-F-2,16,C2H6Cl2N2O3S,"1,6,7,8,16,17",0,99,5,104,S-F-2,Substitution
4926,4927,ts_173_2_A-E-4,17,C5H8O3S,"1,6,8,16",0,99,5,104,A-E-4,Addition
4927,4928,ts_173_2_A-F-2,20,C6H7BrO5S,"1,6,8,16,35",0,90,5,95,A-F-2,Addition
4928,4929,ts_173_2_R-A-5,18,C4H8BrNO4,"1,6,7,8,35",0,98,5,103,R-A-5,Cyclization
4929,4930,ts_173_2_R-B-7,15,C6H6BrNO,"1,6,7,8,35",0,95,5,100,R-B-7,Cyclization
4930,4931,ts_173_2_S-A-4,24,C6H12N2O4,"1,6,7,8",1,93,5,98,S-A-4,Substitution
4931,4932,ts_173_2_S-F-1,28,C10H14BrN3,"1,6,7,35",0,94,5,99,S-F-1,Substitution
4932,4933,ts_174_1_A-E-6,27,C9H14N2O2,"1,6,7,8",1,95,5,100,A-E-6,Addition
4933,4934,ts_174_1_A-E-8,22,C8H11NO2,"1,6,7,8",1,91,5,96,A-E-8,Addition
4934,4935,ts_174_1_A-E-21,14,C4H4Br2O4,"1,6,8,35",0,79,4,83,A-E-21,Addition
4935,4936,ts_174_1_A-F-3,25,C10H7ClO6S,"1,6,8,16,17",0,94,5,99,A-F-3,Addition
4936,4937,ts_174_1_NO2-A-1-b,17,C4H7NO5,"1,6,7,8",1,95,5,100,NO2-A-1-b,Rearrangement
4937,4938,ts_174_1_NO2-A-4-a,27,C10H9NO7,"1,6,7,8",1,94,5,99,NO2-A-4-a,Substitution
4938,4939,ts_174_1_NO2-A-8-d,21,C4H7NO8S,"1,6,7,8,16",0,99,5,104,NO2-A-8-d,Addition
4939,4940,ts_174_1_NO2-A-9-b,14,C2H6N2O4,"1,6,7,8",1,99,5,104,NO2-A-9-b,Rearrangement
4940,4941,ts_174_1_NO2-A-12-a,16,C4H4N2O6,"1,6,7,8",1,85,5,90,NO2-A-12-a,Substitution
4941,4942,ts_174_1_NO2-B-3-d,18,C4H9NO4,"1,6,7,8",1,98,5,103,NO2-B-3-d,Addition
4942,4943,ts_174_1_NO2-B-7-d,29,C10H11NO6S,"1,6,7,8,16",0,77,3,80,NO2-B-7-d,Addition
4943,4944,ts_174_1_NO2-B-7-e,28,C10H11NO5S,"1,6,7,8,16",0,95,5,100,NO2-B-7-e,Addition
4944,4945,ts_174_1_NO2-B-8-d,22,C4H11NO5S,"1,6,7,8,16",0,100,5,105,NO2-B-8-d,Addition
4945,4946,ts_174_1_R-B-4,25,C8H14N2O,"1,6,7,8",1,98,5,103,R-B-4,Cyclization
4946,4947,ts_174_1_RR-A-2-b,25,C10H11ClO3,"1,6,8,17",0,97,5,102,RR-A-2-b,Rearrangement
4947,4948,ts_174_1_RR-A-3-a,28,C14H11BrO2,"1,6,8,35",0,96,5,101,RR-A-3-a,Rearrangement
4948,4949,ts_174_1_RR-A-6,23,C10H8O5,"1,6,8",1,90,5,95,RR-A-6,Rearrangement
4949,4950,ts_174_1_RR-B-7-b,17,C4H7NO5,"1,6,7,8",1,97,5,102,RR-B-7-b,Rearrangement
4950,4951,ts_174_1_RR-B-8-b,24,C8H11NO4,"1,6,7,8",1,100,5,105,RR-B-8-b,Rearrangement
4951,4952,ts_174_1_S-B-7,20,C5H8ClNO5,"1,6,7,8,17",0,92,5,97,S-B-7,Substitution
4952,4953,ts_174_1_S-C-1,33,C11H16ClFN2O2,"1,6,7,8,9,17",0,79,3,82,S-C-1,Substitution
4953,4954,ts_174_1_S-C-4,30,C10H15FN2O2,"1,6,7,8,9",0,100,5,105,S-C-4,Substitution
4954,4955,ts_174_1_S-D-11,21,C4H8ClNO6S,"1,6,7,8,16,17",0,98,5,103,S-D-11,Substitution
4955,4956,ts_174_1_S-D-14,27,C9H10ClNO5S,"1,6,7,8,16,17",0,96,5,101,S-D-14,Substitution
4956,4957,ts_174_2_A-A-1,16,C3H5NO7,"1,6,7,8",1,97,5,102,A-A-1,Addition
4957,4958,ts_174_2_S-D-10,20,C4H8ClNO5S,"1,6,7,8,16,17",0,96,5,101,S-D-10,Substitution
4958,4959,ts_175_1_A-E-1,13,C3H4ClNO4,"1,6,7,8,17",0,91,5,96,A-E-1,Addition
4959,4960,ts_175_1_A-E-8,26,C8H15NO2,"1,6,7,8",1,99,5,104,A-E-8,Addition
4960,4961,ts_175_1_A-E-16,25,C7H14ClNOS,"1,6,7,8,16,17",0,97,5,102,A-E-16,Addition
4961,4962,ts_175_1_A-E-22,19,C4H6BrNO6S,"1,6,7,8,16,35",0,91,5,96,A-E-22,Addition
4962,4963,ts_175_1_E-1,14,C3H7BrN2O,"1,6,7,8,35",0,99,5,104,E-1,Addition
4963,4964,ts_175_1_NO2-A-1-b,17,C4H7NO5,"1,6,7,8",1,98,5,103,NO2-A-1-b,Rearrangement
4964,4965,ts_175_1_NO2-A-3-b,13,C3H5NO4,"1,6,7,8",1,99,5,104,NO2-A-3-b,Rearrangement
4965,4966,ts_175_1_NO2-A-5-d,25,C6H12N2O5,"1,6,7,8",1,96,5,101,NO2-A-5-d,Addition
4966,4967,ts_175_1_NO2-A-6-a,19,C3H6N2O7S,"1,6,7,8,16",0,97,5,102,NO2-A-6-a,Substitution
4967,4968,ts_175_1_NO2-A-10-d,13,CH3N3O6,"1,6,7,8",1,96,5,101,NO2-A-10-d,Addition
4968,4969,ts_175_1_R-A-8,27,C8H15BrN2O,"1,6,7,8,35",0,91,5,96,R-A-8,Cyclization
4969,4970,ts_175_1_RR-A-9-a,28,C12H12O4,"1,6,8",1,99,5,104,RR-A-9-a,Rearrangement
4970,4971,ts_175_1_S-A-10,31,C9H17NO4,"1,6,7,8",1,94,5,99,S-A-10,Substitution
4971,4972,ts_175_1_S-A-12,30,C10H14O6,"1,6,8",1,87,5,92,S-A-12,Substitution
4972,4973,ts_175_1_S-B-3-a,17,C6H8O3,"1,6,8",1,94,5,99,S-B-3-a,Rearrangement
4973,4974,ts_175_1_S-B-4-a,24,C9H12N2O,"1,6,7,8",1,100,5,105,S-B-4-a,Rearrangement
4974,4975,ts_175_1_S-B-9,26,C6H13N3O4,"1,6,7,8",1,96,5,101,S-B-9,Substitution
4975,4976,ts_175_1_S-D-12,27,C5H13N3O5S,"1,6,7,8,16",0,93,5,98,S-D-12,Substitution
4976,4977,ts_175_2_A-E-1,13,C3H4ClNO4,"1,6,7,8,17",0,96,5,101,A-E-1,Addition
4977,4978,ts_175_2_A-E-10,19,C5H7NO6,"1,6,7,8",1,96,5,101,A-E-10,Addition
4978,4979,ts_175_2_A-I-3,18,C4H9N3O2,"1,6,7,8",1,94,5,99,A-I-3,Addition
4979,4980,ts_175_2_RR-B-7-a,15,C3H6BrNO4,"1,6,7,8,35",0,96,5,101,RR-B-7-a,Rearrangement
4980,4981,ts_175_3_S-B-3-a,17,C6H8O3,"1,6,8",1,95,5,100,S-B-3-a,Rearrangement
4981,4982,ts_176_1_A-A-1,17,C3H6N2O6,"1,6,7,8",1,99,5,104,A-A-1,Addition
4982,4983,ts_176_1_A-E-9,27,C11H11NO4,"1,6,7,8",1,93,5,98,A-E-9,Addition
4983,4984,ts_176_1_A-E-14,26,C7H13ClO4S,"1,6,8,16,17",0,99,5,104,A-E-14,Addition
4984,4985,ts_176_1_A-E-16,24,C7H13ClO2S,"1,6,8,16,17",0,99,5,104,A-E-16,Addition
4985,4986,ts_176_1_A-E-21,15,C4H5Br2NO3,"1,6,7,8,35",0,93,5,98,A-E-21,Addition
4986,4987,ts_176_1_A-E-23,17,C4H5Br2NO4S,"1,6,7,8,16,35",0,97,5,102,A-E-23,Addition
4987,4988,ts_176_1_NO2-A-1-b,15,C4H5NO5,"1,6,7,8",1,98,5,103,NO2-A-1-b,Rearrangement
4988,4989,ts_176_1_NO2-A-1-e,22,C6H9NO6,"1,6,7,8",1,97,5,102,NO2-A-1-e,Addition
4989,4990,ts_176_1_NO2-A-5-a,26,C6H11N3O6,"1,6,7,8",1,95,5,100,NO2-A-5-a,Substitution
4990,4991,ts_176_1_NO2-A-8-d,22,C4H8N2O7S,"1,6,7,8,16",0,94,5,99,NO2-A-8-d,Addition
4991,4992,ts_176_1_NO2-B-2-d,27,C10H12FNO3,"1,6,7,8,9",0,97,5,102,NO2-B-2-d,Addition
4992,4993,ts_176_1_NO2-B-2-e,31,C12H13NO5,"1,6,7,8",1,79,3,82,NO2-B-2-e,Addition
4993,4994,ts_176_1_NO2-B-3-d,16,C4H7NO4,"1,6,7,8",1,96,5,101,NO2-B-3-d,Addition
4994,4995,ts_176_1_NO2-B-12-d,16,C4H5N3O4,"1,6,7,8",1,91,5,96,NO2-B-12-d,Addition
4995,4996,ts_176_1_R-B-4,22,C8H11NO2,"1,6,7,8",1,99,5,104,R-B-4,Cyclization
4996,4997,ts_176_1_R-B-12,23,C7H14N2,"1,6,7",1,100,5,105,R-B-12,Cyclization
4997,4998,ts_176_1_R-B-15-a,21,C6H8ClNO5,"1,6,7,8,17",0,96,5,101,R-B-15-a,Rearrangement
4998,4999,ts_176_1_RR-A-1,13,C4H6O3,"1,6,8",1,99,5,104,RR-A-1,Rearrangement
4999,5000,ts_176_1_RR-A-2-b,25,C10H11ClO3,"1,6,8,17",0,100,5,105,RR-A-2-b,Rearrangement
5000,5001,ts_176_1_RR-A-12,43,C21H18N2O2,"1,6,7,8",1,78,3,81,RR-A-12,Rearrangement
5001,5002,ts_176_1_RR-A-13-a,30,C13H14O3,"1,6,8",1,94,5,99,RR-A-13-a,Rearrangement
5002,5003,ts_176_1_S-A-17,26,C6H15NO4,"1,6,7,8",1,99,5,104,S-A-17,Substitution
5003,5004,ts_176_1_S-C-2-ab,26,C8H10N2O6,"1,6,7,8",1,97,5,102,S-C-2-ab,Substitution
5004,5005,ts_176_1_S-D-11,26,C5H12N2O6S,"1,6,7,8,16",0,98,5,103,S-D-11,Substitution
5005,5006,ts_176_1_S-D-13,31,C10H14N2O4S,"1,6,7,8,16",0,97,5,102,S-D-13,Substitution
5006,5007,ts_176_2_A-E-18,28,C11H11NO5,"1,6,7,8",1,96,5,101,A-E-18,Addition
5007,5008,ts_176_2_R-A-5,21,C5H12BrNO2,"1,6,7,8,35",0,100,5,105,R-A-5,Cyclization
5008,5009,ts_176_2_R-A-10,16,C4H6FNO4,"1,6,7,8,9",0,96,5,101,R-A-10,Cyclization
5009,5010,ts_177_1_A-A-1,15,C3H6ClNO4,"1,6,7,8,17",0,100,5,105,A-A-1,Addition
5010,5011,ts_177_1_A-E-4,14,C4H7ClOS,"1,6,8,16,17",0,99,5,104,A-E-4,Addition
5011,5012,ts_177_1_A-E-19,26,C11H11ClO3,"1,6,8,17",0,98,5,103,A-E-19,Addition
5012,5013,ts_177_1_A-I-6,49,C22H23N3S,"1,6,7,16",0,80,3,83,A-I-6,Addition
5013,5014,ts_177_1_R-B-4,25,C9H13NO2,"1,6,7,8",1,98,5,103,R-B-4,Cyclization
5014,5015,ts_177_1_R-B-10,18,C6H10O2,"1,6,8",1,98,5,103,R-B-10,Cyclization
5015,5016,ts_177_1_S-A-4,19,C4H9ClN2O3,"1,6,7,8,17",0,96,5,101,S-A-4,Substitution
5016,5017,ts_177_1_S-A-14,21,C6H9ClO4S,"1,6,8,16,17",0,97,5,102,S-A-14,Substitution
5017,5018,ts_177_1_S-B-4-a,22,C9H10BrNO,"1,6,7,8,35",0,100,5,105,S-B-4-a,Rearrangement
5018,5019,ts_177_1_S-D-10,20,C4H8FNO5S,"1,6,7,8,9,16",0,94,5,99,S-D-10,Substitution
5019,5020,ts_177_1_S-F-3,20,C3H9ClN2O4S,"1,6,7,8,16,17",0,98,5,103,S-F-3,Substitution
5020,5021,ts_177_1_S-G-5,28,C6H14N2O5S,"1,6,7,8,16",0,97,5,102,S-G-5,Substitution
5021,5022,ts_177_2_A-E-10,19,C6H9ClO3,"1,6,8,17",0,99,5,104,A-E-10,Addition
5022,5023,ts_177_2_A-E-23,15,C4H5Br2ClO2S,"1,6,8,16,17,35",0,94,5,99,A-E-23,Addition
5023,5024,ts_177_2_R-A-5,20,C5H11BrO3,"1,6,8,35",0,100,5,105,R-A-5,Cyclization
5024,5025,ts_177_3_R-B-7,19,C7H9BrO2,"1,6,8,35",0,100,5,105,R-B-7,Cyclization
5025,5026,ts_178_1_NO2-A-3-a,16,C3H7NO5,"1,6,7,8",1,97,5,102,NO2-A-3-a,Substitution
5026,5027,ts_178_1_NO2-A-8-a,21,C5H8N2O5S,"1,6,7,8,16",0,96,5,101,NO2-A-8-a,Substitution
5027,5028,ts_178_1_NO2-A-11-d,27,C9H12N4O2,"1,6,7,8",1,92,5,97,NO2-A-11-d,Addition
5028,5029,ts_178_1_R-B-15-a,20,C7H8ClNO3,"1,6,7,8,17",0,90,5,95,R-B-15-a,Rearrangement
5029,5030,ts_178_1_RR-A-13-c,30,C12H15NO2,"1,6,7,8",1,95,5,100,RR-A-13-c,Rearrangement
5030,5031,ts_178_1_S-A-1,23,C7H11NO4,"1,6,7,8",1,92,5,97,S-A-1,Substitution
5031,5032,ts_178_1_S-A-8,26,C8H12ClNO4,"1,6,7,8,17",0,90,5,95,S-A-8,Substitution
5032,5033,ts_178_1_S-A-10,30,C9H16N2O3,"1,6,7,8",1,94,5,99,S-A-10,Substitution
5033,5034,ts_178_1_S-A-12,29,C10H13NO5,"1,6,7,8",1,93,5,98,S-A-12,Substitution
5034,5035,ts_178_1_S-B-4-a,24,C9H10N2O3,"1,6,7,8",1,99,5,104,S-B-4-a,Rearrangement
5035,5036,ts_178_1_S-C-2-aa,21,C7H8ClNO4,"1,6,7,8,17",0,100,5,105,S-C-2-aa,Substitution
5036,5037,ts_178_1_S-C-2-ab,21,C7H8ClNO4,"1,6,7,8,17",0,94,5,99,S-C-2-ab,Substitution
5037,5038,ts_178_1_S-D-11,22,C5H8N2O6S,"1,6,7,8,16",0,93,5,98,S-D-11,Substitution
5038,5039,ts_178_1_S-F-1,27,C9H14Br2N2,"1,6,7,35",0,100,5,105,S-F-1,Substitution
5039,5040,ts_178_1_S-G-2,17,C2H8ClNO4S,"1,6,7,8,16,17",0,100,5,105,S-G-2,Substitution
5040,5041,ts_178_2_A-D-1,9,C2H3BrO3,"1,6,8,35",0,98,5,103,A-D-1,Addition
5041,5042,ts_178_2_A-E-11,18,C6H8N2O2,"1,6,7,8",1,89,5,94,A-E-11,Addition
5042,5043,ts_178_2_R-A-5,18,C5H9BrO3,"1,6,8,35",0,98,5,103,R-A-5,Cyclization
5043,5044,ts_178_2_S-D-9,20,C5H8N2O4S,"1,6,7,8,16",0,89,5,94,S-D-9,Substitution
5044,5045,ts_179_1_A-E-16,20,C6H10BrClOS,"1,6,8,16,17,35",0,100,5,105,A-E-16,Addition
5045,5046,ts_179_1_E-2-a,10,C2H3NO4,"1,6,7,8",1,97,5,102,E-2-a,Addition
5046,5047,ts_179_1_NO2-A-3-e,18,C4H8N2O4,"1,6,7,8",1,98,5,103,NO2-A-3-e,Addition
5047,5048,ts_179_1_NO2-A-5-a,26,C6H13N3O4,"1,6,7,8",1,98,5,103,NO2-A-5-a,Substitution
5048,5049,ts_179_1_NO2-A-9-b,12,CH5N3O3,"1,6,7,8",1,97,5,102,NO2-A-9-b,Rearrangement
5049,5050,ts_179_1_NO2-A-9-e,19,C3H9N3O4,"1,6,7,8",1,100,5,105,NO2-A-9-e,Addition
5050,5051,ts_179_1_NO2-A-12-d,17,C4H7N3O3,"1,6,7,8",1,91,5,96,NO2-A-12-d,Addition
5051,5052,ts_179_1_NO2-B-3-d,16,C3H8N2O3,"1,6,7,8",1,99,5,104,NO2-B-3-d,Addition
5052,5053,ts_179_1_NO2-B-11-b,24,C9H11N3O,"1,6,7,8",1,99,5,104,NO2-B-11-b,Addition
5053,5054,ts_179_1_R-B-10,26,C8H15NO2,"1,6,7,8",1,100,5,105,R-B-10,Cyclization
5054,5055,ts_179_1_R-B-12,23,C7H12N2O2,"1,6,7,8",1,96,5,101,R-B-12,Cyclization
5055,5056,ts_179_1_RR-A-1,13,C3H7NO2,"1,6,7,8",1,100,5,105,RR-A-1,Rearrangement
5056,5057,ts_179_1_RR-A-18,30,C12H15NO2,"1,6,7,8",1,98,5,103,RR-A-18,Rearrangement
5057,5058,ts_179_1_RR-B-1-b,14,C3H7NO3,"1,6,7,8",1,97,5,102,RR-B-1-b,Rearrangement
5058,5059,ts_179_1_S-A-12,28,C9H14O5,"1,6,8",1,94,5,99,S-A-12,Substitution
5059,5060,ts_179_1_S-A-18,24,C7H12ClNO3,"1,6,7,8,17",0,93,5,98,S-A-18,Substitution
5060,5061,ts_179_1_S-B-4-a,24,C9H10N2O3,"1,6,7,8",1,98,5,103,S-B-4-a,Rearrangement
5061,5062,ts_179_1_S-B-12,27,C11H10N2O4,"1,6,7,8",1,92,5,97,S-B-12,Substitution
5062,5063,ts_179_1_S-D-2,17,C4H6N2O5,"1,6,7,8",1,88,5,93,S-D-2,Substitution
5063,5064,ts_179_2_A-E-2,25,C8H14O3,"1,6,8",1,99,5,104,A-E-2,Addition
5064,5065,ts_179_2_A-E-10,21,C6H11NO3,"1,6,7,8",1,98,5,103,A-E-10,Addition
5065,5066,ts_179_2_A-E-14,22,C6H10BrClO3S,"1,6,8,16,17,35",0,96,5,101,A-E-14,Addition
5066,5067,ts_179_2_A-E-15,17,C4H7Cl2NO2S,"1,6,7,8,16,17",0,99,5,104,A-E-15,Addition
5067,5068,ts_179_2_A-E-24,20,C6H10Br2OS,"1,6,8,16,35",0,99,5,104,A-E-24,Addition
5068,5069,ts_179_2_A-F-2,19,C5H8BrNO3S,"1,6,7,8,16,35",0,97,5,102,A-F-2,Addition
5069,5070,ts_179_2_R-A-5,21,C6H11BrO3,"1,6,8,35",0,97,5,102,R-A-5,Cyclization
5070,5071,ts_179_2_R-A-6,22,C6H12BrNO2,"1,6,7,8,35",0,99,5,104,R-A-6,Cyclization
5071,5072,ts_179_2_R-B-10,26,C8H15NO2,"1,6,7,8",1,99,5,104,R-B-10,Cyclization
5072,5073,ts_179_2_S-F-1,29,C9H14BrN3O2,"1,6,7,8,35",0,99,5,104,S-F-1,Substitution
5073,5074,ts_179_4_R-B-7,17,C6H7BrO3,"1,6,8,35",0,98,5,103,R-B-7,Cyclization
5074,5075,ts_180_1_A-E-11,22,C6H12N2O2,"1,6,7,8",1,97,5,102,A-E-11,Addition
5075,5076,ts_180_1_A-E-14,25,C7H11ClO5S,"1,6,8,16,17",0,99,5,104,A-E-14,Addition
5076,5077,ts_180_1_NO2-A-4-d,31,C11H14N2O4,"1,6,7,8",1,99,5,104,NO2-A-4-d,Addition
5077,5078,ts_180_1_NO2-B-8-e,23,C5H11NO5S,"1,6,7,8,16",0,100,5,105,NO2-B-8-e,Addition
5078,5079,ts_180_1_NO2-C-3-e,28,C11H11NO5,"1,6,7,8",1,94,5,99,NO2-C-3-e,Addition
5079,5080,ts_180_1_R-A-2,20,C6H9ClO4,"1,6,8,17",0,93,5,98,R-A-2,Cyclization
5080,5081,ts_180_1_R-B-2,19,C8H9FO,"1,6,8,9",0,99,5,104,R-B-2,Cyclization
5081,5082,ts_180_1_R-B-10,26,C8H15NO2,"1,6,7,8",1,98,5,103,R-B-10,Cyclization
5082,5083,ts_180_1_R-B-12,23,C7H12N2O2,"1,6,7,8",1,100,5,105,R-B-12,Cyclization
5083,5084,ts_180_1_RR-A-3-a,28,C14H11FO2,"1,6,8,9",0,97,5,102,RR-A-3-a,Rearrangement
5084,5085,ts_180_1_RR-A-8-c,18,C5H9NO3,"1,6,7,8",1,99,5,104,RR-A-8-c,Rearrangement
5085,5086,ts_180_1_S-A-2,31,C11H13ClN2O4,"1,6,7,8,17",0,74,3,77,S-A-2,Substitution
5086,5087,ts_180_1_S-A-14,20,C5H8ClNO4S,"1,6,7,8,16,17",0,94,5,99,S-A-14,Substitution
5087,5088,ts_180_1_S-A-26,14,C3H6ClF2NO,"1,6,7,8,9,17",0,96,5,101,S-A-26,Substitution
5088,5089,ts_180_1_S-B-7,17,C4H6FNO5,"1,6,7,8,9",0,98,5,103,S-B-7,Substitution
5089,5090,ts_180_1_S-B-9,21,C5H9FN2O4,"1,6,7,8,9",0,95,5,100,S-B-9,Substitution
5090,5091,ts_180_1_S-C-3,23,C8H10FNO3,"1,6,7,8,9",0,100,5,105,S-C-3,Substitution
5091,5092,ts_180_1_S-D-15,25,C8H8FNO6S,"1,6,7,8,9,16",0,95,5,100,S-D-15,Substitution
5092,5093,ts_180_2_A-E-6,29,C9H15NO4,"1,6,7,8",1,92,5,97,A-E-6,Addition
5093,5094,ts_180_2_A-E-8,24,C8H12O4,"1,6,8",1,97,5,102,A-E-8,Addition
5094,5095,ts_180_2_A-E-10,24,C7H13NO3,"1,6,7,8",1,99,5,104,A-E-10,Addition
5095,5096,ts_180_2_A-E-23,20,C5H9Br2NO2S,"1,6,7,8,16,35",0,99,5,104,A-E-23,Addition
5096,5097,ts_180_2_A-F-3,29,C11H12ClNO3S,"1,6,7,8,16,17",0,100,5,105,A-F-3,Addition
5097,5098,ts_180_2_R-B-7,14,C5H7BrO,"1,6,8,35",0,100,5,105,R-B-7,Cyclization
5098,5099,ts_180_2_RR-B-5-a,19,C5H9ClN2O2,"1,6,7,8,17",0,98,5,103,RR-B-5-a,Rearrangement
5099,5100,ts_181_1_A-E-24,20,C6H11BrOS,"1,6,8,16,35",0,97,5,102,A-E-24,Addition
5100,5101,ts_181_1_A-F-1,17,C5H6ClFO3S,"1,6,8,9,16,17",0,93,5,98,A-F-1,Addition
5101,5102,ts_181_1_NO2-A-2-a,27,C10H10FNO5,"1,6,7,8,9",0,93,5,98,NO2-A-2-a,Substitution
5102,5103,ts_181_1_NO2-A-2-d,27,C10H10FNO5,"1,6,7,8,9",0,95,5,100,NO2-A-2-d,Addition
5103,5104,ts_181_1_NO2-A-5-a,24,C6H11FN2O4,"1,6,7,8,9",0,94,5,99,NO2-A-5-a,Substitution
5104,5105,ts_181_1_NO2-A-5-c,24,C6H11FN2O4,"1,6,7,8,9",0,99,5,104,NO2-A-5-c,Addition
5105,5106,ts_181_1_NO2-A-11-e,23,C8H9FN2O3,"1,6,7,8,9",0,99,5,104,NO2-A-11-e,Addition
5106,5107,ts_181_1_NO2-B-11-b,22,C9H9FN2O,"1,6,7,8,9",0,99,5,104,NO2-B-11-b,Addition
5107,5108,ts_181_1_NO2-B-12-e,14,C4H6N2O2,"1,6,7,8",1,95,5,100,NO2-B-12-e,Addition
5108,5109,ts_181_1_NO2-C-8-e,26,C9H11NO4S,"1,6,7,8,16",0,99,5,104,NO2-C-8-e,Addition
5109,5110,ts_181_1_R-B-13,25,C9H14ClN,"1,6,7,17",0,100,5,105,R-B-13,Cyclization
5110,5111,ts_181_1_RR-A-2-b,25,C10H11FO3,"1,6,8,9",0,99,5,104,RR-A-2-b,Rearrangement
5111,5112,ts_181_1_RR-A-6,22,C10H9FO2,"1,6,8,9",0,98,5,103,RR-A-6,Rearrangement
5112,5113,ts_181_1_RR-A-9-a,31,C13H14O4,"1,6,8",1,97,5,102,RR-A-9-a,Rearrangement
5113,5114,ts_181_1_RR-A-13-a,31,C13H14O4,"1,6,8",1,96,5,101,RR-A-13-a,Rearrangement
5114,5115,ts_181_1_RR-B-6-b,16,C3H9N3O,"1,6,7,8",1,100,5,105,RR-B-6-b,Rearrangement
5115,5116,ts_181_1_RR-B-7-a,16,C4H6N2O4,"1,6,7,8",1,88,5,93,RR-B-7-a,Rearrangement
5116,5117,ts_181_1_S-A-12,29,C8H15NO5,"1,6,7,8",1,95,5,100,S-A-12,Substitution
5117,5118,ts_181_1_S-B-4-a,22,C9H10FNO,"1,6,7,8,9",0,100,5,105,S-B-4-a,Rearrangement
5118,5119,ts_181_1_S-B-5-b,14,C3H4Br2O5,"1,6,8,35",0,98,5,103,S-B-5-b,Addition
5119,5120,ts_181_2_S-D-10,17,C3H6BrNO5S,"1,6,7,8,16,35",0,95,5,100,S-D-10,Substitution
5120,5121,ts_181_3_R-A-5,19,C5H9BrO4,"1,6,8,35",0,97,5,102,R-A-5,Cyclization
5121,5122,ts_181_4_A-E-2,23,C7H12O4,"1,6,8",1,97,5,102,A-E-2,Addition
5122,5123,ts_182_1_A-A-2,25,C8H12N2O3,"1,6,7,8",1,100,5,105,A-A-2,Addition
5123,5124,ts_182_1_A-E-18,28,C12H12O4,"1,6,8",1,97,5,102,A-E-18,Addition
5124,5125,ts_182_1_A-E-24,20,C6H10BrFOS,"1,6,8,9,16,35",0,99,5,104,A-E-24,Addition
5125,5126,ts_182_1_A-I-3,12,C2H5N3O2,"1,6,7,8",1,99,5,104,A-I-3,Addition
5126,5127,ts_182_1_E-2-b,16,C3H9N3O,"1,6,7,8",1,96,5,101,E-2-b,Addition
5127,5128,ts_182_1_NO2-A-4-d,28,C11H11NO5,"1,6,7,8",1,96,5,101,NO2-A-4-d,Addition
5128,5129,ts_182_1_NO2-A-5-c,26,C7H12N2O5,"1,6,7,8",1,92,5,97,NO2-A-5-c,Addition
5129,5130,ts_182_1_NO2-A-8-a,22,C5H9NO6S,"1,6,7,8,16",0,97,5,102,NO2-A-8-a,Substitution
5130,5131,ts_182_1_NO2-A-8-d,22,C5H9NO6S,"1,6,7,8,16",0,98,5,103,NO2-A-8-d,Addition
5131,5132,ts_182_1_NO2-C-8-e,29,C9H10N2O7S,"1,6,7,8,16",0,78,3,81,NO2-C-8-e,Addition
5132,5133,ts_182_1_RR-A-10,25,C9H14O2,"1,6,8",1,96,5,101,RR-A-10,Rearrangement
5133,5134,ts_182_1_RR-B-8-b,23,C8H9NO5,"1,6,7,8",1,100,5,105,RR-B-8-b,Rearrangement
5134,5135,ts_182_1_S-A-8,30,C7H17ClN2O3,"1,6,7,8,17",0,100,5,105,S-A-8,Substitution
5135,5136,ts_182_1_S-C-16,27,C11H12N2O2,"1,6,7,8",1,100,5,105,S-C-16,Substitution
5136,5137,ts_182_1_S-D-10,19,C3H8N2O5S,"1,6,7,8,16",0,100,5,105,S-D-10,Substitution
5137,5138,ts_182_1_S-G-2,16,C3H4ClNO6S,"1,6,7,8,16,17",0,95,5,100,S-G-2,Substitution
5138,5139,ts_182_2_A-E-1,15,C5H7ClO2,"1,6,8,17",0,94,5,99,A-E-1,Addition
5139,5140,ts_182_2_A-E-15,17,C5H6Cl2O3S,"1,6,8,16,17",0,94,5,99,A-E-15,Addition
5140,5141,ts_182_2_A-I-4,12,C2H5N3OS,"1,6,7,8,16",0,99,5,104,A-I-4,Addition
5141,5142,ts_182_2_NO2-A-10-c,12,CH5N3O3,"1,6,7,8",1,100,5,105,NO2-A-10-c,Addition
5142,5143,ts_182_2_R-A-7,26,C6H16N2O2,"1,6,7,8",1,100,5,105,R-A-7,Cyclization
5143,5144,ts_182_2_R-B-3,13,C5H5BrFN,"1,6,7,9,35",0,97,5,102,R-B-3,Cyclization
5144,5145,ts_182_2_R-B-7,14,C5H6BrFO,"1,6,8,9,35",0,99,5,104,R-B-7,Cyclization
5145,5146,ts_182_2_S-F-1,27,C9H14BrFN2,"1,6,7,9,35",0,100,5,105,S-F-1,Substitution
5146,5147,ts_183_1_A-E-1,17,C5H9ClO2,"1,6,8,17",0,99,5,104,A-E-1,Addition
5147,5148,ts_183_1_A-E-9,29,C12H14O3,"1,6,8",1,98,5,103,A-E-9,Addition
5148,5149,ts_183_1_A-H-1,18,C5H9NO3,"1,6,7,8",1,97,5,102,A-H-1,Addition
5149,5150,ts_183_1_NO2-A-2-a,31,C11H13NO6,"1,6,7,8",1,75,3,78,NO2-A-2-a,Substitution
5150,5151,ts_183_1_NO2-A-5-a,28,C7H14N2O5,"1,6,7,8",1,100,5,105,NO2-A-5-a,Substitution
5151,5152,ts_183_1_NO2-A-9-a,15,C2H7BrN2O3,"1,6,7,8,35",0,100,5,105,NO2-A-9-a,Substitution
5152,5153,ts_183_1_NO2-A-12-d,19,C5H8N2O4,"1,6,7,8",1,94,5,99,NO2-A-12-d,Addition
5153,5154,ts_183_1_NO2-B-8-e,21,C4H9NO6S,"1,6,7,8,16",0,98,5,103,NO2-B-8-e,Addition
5154,5155,ts_183_1_R-B-10,24,C8H12O4,"1,6,8",1,99,5,104,R-B-10,Cyclization
5155,5156,ts_183_1_RR-A-1,14,C4H6O4,"1,6,8",1,100,5,105,RR-A-1,Rearrangement
5156,5157,ts_183_1_RR-A-8-c,16,C4H7NO4,"1,6,7,8",1,100,5,105,RR-A-8-c,Rearrangement
5157,5158,ts_183_1_RR-A-18,28,C11H11NO5,"1,6,7,8",1,92,5,97,RR-A-18,Rearrangement
5158,5159,ts_183_1_RR-B-8-b,23,C8H9NO5,"1,6,7,8",1,99,5,104,RR-B-8-b,Rearrangement
5159,5160,ts_183_1_S-A-14,23,C5H13ClN2OS,"1,6,7,8,16,17",0,99,5,104,S-A-14,Substitution
5160,5161,ts_183_1_S-C-2-aa,23,C8H9NO5,"1,6,7,8",1,91,5,96,S-C-2-aa,Substitution
5161,5162,ts_183_1_S-F-4,18,C3H7N3O5,"1,6,7,8",1,93,5,98,S-F-4,Substitution
5162,5163,ts_183_2_A-E-6,27,C8H15NO3,"1,6,7,8",1,97,5,102,A-E-6,Addition
5163,5164,ts_183_2_A-E-8,22,C7H12O3,"1,6,8",1,97,5,102,A-E-8,Addition
5164,5165,ts_183_2_R-A-10,18,C5H9FO3,"1,6,8,9",0,99,5,104,R-A-10,Cyclization
5165,5166,ts_183_2_R-B-10,24,C8H12O4,"1,6,8",1,99,5,104,R-B-10,Cyclization
5166,5167,ts_183_2_S-D-10,19,C3H6N2O7S,"1,6,7,8,16",0,99,5,104,S-D-10,Substitution
5167,5168,ts_183_3_R-B-10,24,C8H12O4,"1,6,8",1,97,5,102,R-B-10,Cyclization
5168,5169,ts_184_1_A-E-8,21,C7H11ClO2,"1,6,8,17",0,100,5,105,A-E-8,Addition
5169,5170,ts_184_1_A-E-9,30,C13H14O3,"1,6,8",1,96,5,101,A-E-9,Addition
5170,5171,ts_184_1_A-E-17,19,C6H8ClNO3,"1,6,7,8,17",0,97,5,102,A-E-17,Addition
5171,5172,ts_184_1_NO2-A-9-b,11,CH4N2O4,"1,6,7,8",1,97,5,102,NO2-A-9-b,Rearrangement
5172,5173,ts_184_1_NO2-B-3-d,15,C4H6N2O3,"1,6,7,8",1,94,5,99,NO2-B-3-d,Addition
5173,5174,ts_184_1_R-B-13,27,C9H14N2O2,"1,6,7,8",1,99,5,104,R-B-13,Cyclization
5174,5175,ts_184_1_R-B-14,22,C7H10BrNO3,"1,6,7,8,35",0,91,5,96,R-B-14,Cyclization
5175,5176,ts_184_1_RR-A-3-a,30,C15H12O3,"1,6,8",1,76,3,79,RR-A-3-a,Rearrangement
5176,5177,ts_184_1_RR-B-1-b,13,C3H6O4,"1,6,8",1,98,5,103,RR-B-1-b,Rearrangement
5177,5178,ts_184_1_S-A-2,33,C11H17ClN2O2,"1,6,7,8,17",0,100,5,105,S-A-2,Substitution
5178,5179,ts_184_1_S-A-10,33,C8H20N2O3,"1,6,7,8",1,97,5,102,S-A-10,Substitution
5179,5180,ts_184_1_S-A-12,32,C9H17NO5,"1,6,7,8",1,100,5,105,S-A-12,Substitution
5180,5181,ts_184_1_S-A-14,22,C5H12ClNO2S,"1,6,7,8,16,17",0,99,5,104,S-A-14,Substitution
5181,5182,ts_184_1_S-A-15,32,C11H15NO5,"1,6,7,8",1,97,5,102,S-A-15,Substitution
5182,5183,ts_184_1_S-C-2-ab,24,C8H9NO6,"1,6,7,8",1,94,5,99,S-C-2-ab,Substitution
5183,5184,ts_184_1_S-D-2,15,C2H4N2O7,"1,6,7,8",1,87,5,92,S-D-2,Substitution
5184,5185,ts_184_1_S-D-16,36,C14H13ClN2O5S,"1,6,7,8,16,17",0,80,3,83,S-D-16,Substitution
5185,5186,ts_184_2_A-E-2,21,C6H12O3,"1,6,8",1,99,5,104,A-E-2,Addition
5186,5187,ts_184_2_A-E-6,26,C8H14ClNO2,"1,6,7,8,17",0,97,5,102,A-E-6,Addition
5187,5188,ts_184_2_A-E-24,20,C6H10BrClOS,"1,6,8,16,17,35",0,100,5,105,A-E-24,Addition
5188,5189,ts_184_2_S-D-10,17,C3H6ClNO5S,"1,6,7,8,16,17",0,99,5,104,S-D-10,Substitution
5189,5190,ts_184_3_S-A-9,31,C8H18ClNO3,"1,6,7,8,17",0,100,5,105,S-A-9,Substitution
5190,5191,ts_185_1_A-A-2,25,C8H10N2O5,"1,6,7,8",1,99,5,104,A-A-2,Addition
5191,5192,ts_185_1_A-E-1,10,C3H4ClFO,"1,6,8,9,17",0,98,5,103,A-E-1,Addition
5192,5193,ts_185_1_A-E-8,23,C7H11NO4,"1,6,7,8",1,97,5,102,A-E-8,Addition
5193,5194,ts_185_1_A-E-21,10,C3H3Br2FO,"1,6,8,9,35",0,100,5,105,A-E-21,Addition
5194,5195,ts_185_1_A-I-5,46,C21H19N3O3,"1,6,7,8",1,78,3,81,A-I-5,Addition
5195,5196,ts_185_1_A-I-6,46,C21H19N3O2S,"1,6,7,8,16",0,80,3,83,A-I-6,Addition
5196,5197,ts_185_1_NO2-A-5-c,21,C5H9FN2O4,"1,6,7,8,9",0,96,5,101,NO2-A-5-c,Addition
5197,5198,ts_185_1_NO2-A-6-d,16,C3H6FNO4S,"1,6,7,8,9,16",0,95,5,100,NO2-A-6-d,Addition
5198,5199,ts_185_1_NO2-A-7-a,31,C9H15N3O3S,"1,6,7,8,16",0,99,5,104,NO2-A-7-a,Substitution
5199,5200,ts_185_1_NO2-B-7-e,26,C9H10ClNO4S,"1,6,7,8,16,17",0,100,5,105,NO2-B-7-e,Addition
5200,5201,ts_185_1_R-B-4,15,C5H7BrClN,"1,6,7,17,35",0,100,5,105,R-B-4,Cyclization
5201,5202,ts_185_1_RR-A-1,12,C4H5NO2,"1,6,7,8",1,94,5,99,RR-A-1,Rearrangement
5202,5203,ts_185_1_RR-A-2-b,26,C11H11NO3,"1,6,7,8",1,90,5,95,RR-A-2-b,Rearrangement
5203,5204,ts_185_1_RR-A-13-a,26,C11H11ClO3,"1,6,8,17",0,96,5,101,RR-A-13-a,Rearrangement
5204,5205,ts_185_1_RR-B-7-a,17,C3H6N2O6,"1,6,7,8",1,97,5,102,RR-B-7-a,Rearrangement
5205,5206,ts_185_1_S-A-7,15,C4H3Cl2NO5,"1,6,7,8,17",0,92,5,97,S-A-7,Substitution
5206,5207,ts_185_1_S-B-9,23,C5H11ClN2O4,"1,6,7,8,17",0,97,5,102,S-B-9,Substitution
5207,5208,ts_185_1_S-B-11,24,C9H8ClNO5,"1,6,7,8,17",0,96,5,101,S-B-11,Substitution
5208,5209,ts_185_1_S-C-2-aa,22,C8H8N2O4,"1,6,7,8",1,89,5,94,S-C-2-aa,Substitution
5209,5210,ts_185_1_S-D-14,26,C8H10ClNO5S,"1,6,7,8,16,17",0,96,5,101,S-D-14,Substitution
5210,5211,ts_185_1_S-D-15,27,C8H10ClNO6S,"1,6,7,8,16,17",0,96,5,101,S-D-15,Substitution
5211,5212,ts_185_1_S-G-2,17,C2H4ClNO8S,"1,6,7,8,16,17",0,96,5,101,S-G-2,Substitution
5212,5213,ts_185_2_A-E-4,11,C3H5FOS,"1,6,8,9,16",0,97,5,102,A-E-4,Addition
5213,5214,ts_185_2_A-E-11,14,C4H6FNO2,"1,6,7,8,9",0,98,5,103,A-E-11,Addition
5214,5215,ts_185_2_A-E-23,12,C3H3Br2FO2S,"1,6,8,9,16,35",0,94,5,99,A-E-23,Addition
5215,5216,ts_185_2_R-B-2,14,C6H6BrCl,"1,6,17,35",0,100,5,105,R-B-2,Cyclization
5216,5217,ts_185_2_R-B-6,25,C7H14N2O2,"1,6,7,8",1,100,5,105,R-B-6,Cyclization
5217,5218,ts_186_1_A-E-26,21,C9H8BrClOS,"1,6,8,16,17,35",0,96,5,101,A-E-26,Addition
5218,5219,ts_186_1_NO2-A-1-b,14,C4H4N2O4,"1,6,7,8",1,90,5,95,NO2-A-1-b,Rearrangement
5219,5220,ts_186_1_NO2-A-2-d,24,C9H8BrNO5,"1,6,7,8,35",0,97,5,102,NO2-A-2-d,Addition
5220,5221,ts_186_1_NO2-A-3-b,11,C3H2FNO4,"1,6,7,8,9",0,95,5,100,NO2-A-3-b,Rearrangement
5221,5222,ts_186_1_NO2-A-9-b,11,C2H3N3O3,"1,6,7,8",1,95,5,100,NO2-A-9-b,Rearrangement
5222,5223,ts_186_1_NO2-B-2-d,30,C10H14N2O4,"1,6,7,8",1,99,5,104,NO2-B-2-d,Addition
5223,5224,ts_186_1_R-A-8,30,C8H16N2O4,"1,6,7,8",1,96,5,101,R-A-8,Cyclization
5224,5225,ts_186_1_R-B-7,19,C6H9NO3,"1,6,7,8",1,97,5,102,R-B-7,Cyclization
5225,5226,ts_186_1_R-B-9,31,C10H17BrO3,"1,6,8,35",0,96,5,101,R-B-9,Cyclization
5226,5227,ts_186_1_RR-A-10,26,C9H13ClO3,"1,6,8,17",0,97,5,102,RR-A-10,Rearrangement
5227,5228,ts_186_1_RR-A-18,26,C11H11ClO3,"1,6,8,17",0,95,5,100,RR-A-18,Rearrangement
5228,5229,ts_186_1_RR-B-6-b,14,C3H7ClN2O,"1,6,7,8,17",0,100,5,105,RR-B-6-b,Rearrangement
5229,5230,ts_186_1_S-A-7,18,C4H6Cl2O6,"1,6,8,17",0,95,5,100,S-A-7,Substitution
5230,5231,ts_186_1_S-B-3-a,15,C4H9NO,"1,6,7,8",1,99,5,104,S-B-3-a,Rearrangement
5231,5232,ts_186_1_S-D-2,15,C2H6ClNO5,"1,6,7,8,17",0,95,5,100,S-D-2,Substitution
5232,5233,ts_186_1_S-H-1,19,C2H4Cl5N2O4PS,"1,6,7,8,15,16,17",0,91,5,96,S-H-1,Substitution
5233,5234,ts_186_2_A-E-2,22,C6H11NO4,"1,6,7,8",1,99,5,104,A-E-2,Addition
5234,5235,ts_186_2_A-E-6,28,C8H16N2O2,"1,6,7,8",1,98,5,103,A-E-6,Addition
5235,5236,ts_186_2_A-F-3,21,C9H6BrClO3S,"1,6,8,16,17,35",0,93,5,98,A-F-3,Addition
5236,5237,ts_186_2_S-H-1,19,C2H4Cl5N2O4PS,"1,6,7,8,15,16,17",0,95,5,100,S-H-1,Substitution
5237,5238,ts_187_1_A-E-2,22,C6H13NO2,"1,6,7,8",1,100,5,105,A-E-2,Addition
5238,5239,ts_187_1_A-E-10,18,C5H9NO3,"1,6,7,8",1,97,5,102,A-E-10,Addition
5239,5240,ts_187_1_A-E-16,21,C7H10ClNOS,"1,6,7,8,16,17",0,94,5,99,A-E-16,Addition
5240,5241,ts_187_1_A-E-19,25,C10H11NO3,"1,6,7,8",1,96,5,101,A-E-19,Addition
5241,5242,ts_187_1_NO2-A-5-a,23,C5H11N3O4,"1,6,7,8",1,97,5,102,NO2-A-5-a,Substitution
5242,5243,ts_187_1_NO2-A-6-d,18,C3H8N2O4S,"1,6,7,8,16",0,99,5,104,NO2-A-6-d,Addition
5243,5244,ts_187_1_NO2-B-2-d,25,C9H10FNO4,"1,6,7,8,9",0,95,5,100,NO2-B-2-d,Addition
5244,5245,ts_187_1_NO2-B-11-b,21,C8H9N3O,"1,6,7,8",1,97,5,102,NO2-B-11-b,Addition
5245,5246,ts_187_1_NO2-B-12-d,18,C4H9N3O2,"1,6,7,8",1,97,5,102,NO2-B-12-d,Addition
5246,5247,ts_187_1_R-B-2,16,C6H8BrN,"1,6,7,35",0,99,5,104,R-B-2,Cyclization
5247,5248,ts_187_1_R-B-15-a,18,C5H8ClNO3,"1,6,7,8,17",0,99,5,104,R-B-15-a,Rearrangement
5248,5249,ts_187_1_RR-B-8-a,27,C10H13NO3,"1,6,7,8",1,100,5,105,RR-B-8-a,Rearrangement
5249,5250,ts_187_1_S-A-1,25,C6H13NO5,"1,6,7,8",1,96,5,101,S-A-1,Substitution
5250,5251,ts_187_1_S-B-3-b,14,C3H5Br2NO3,"1,6,7,8,35",0,100,5,105,S-B-3-b,Rearrangement
5251,5252,ts_187_2_A-E-6,27,C9H14N2O2,"1,6,7,8",1,88,5,93,A-E-6,Addition
5252,5253,ts_187_2_A-E-8,22,C8H11NO2,"1,6,7,8",1,93,5,98,A-E-8,Addition
5253,5254,ts_187_2_A-E-18,25,C10H11NO3,"1,6,7,8",1,97,5,102,A-E-18,Addition
5254,5255,ts_187_2_A-F-3,23,C9H8ClNO3S,"1,6,7,8,16,17",0,97,5,102,A-F-3,Addition
5255,5256,ts_188_1_A-E-9,24,C10H9NO4,"1,6,7,8",1,94,5,99,A-E-9,Addition
5256,5257,ts_188_1_A-E-10,18,C5H7NO5,"1,6,7,8",1,97,5,102,A-E-10,Addition
5257,5258,ts_188_1_A-E-17,13,C3H3ClN2O4,"1,6,7,8,17",0,95,5,100,A-E-17,Addition
5258,5259,ts_188_1_A-I-6,45,C22H19N3S,"1,6,7,16",0,76,3,79,A-I-6,Addition
5259,5260,ts_188_1_E-1,12,C3H6BrNO,"1,6,7,8,35",0,96,5,101,E-1,Addition
5260,5261,ts_188_1_E-2-b,14,C3H7ClN2O,"1,6,7,8,17",0,95,5,100,E-2-b,Addition
5261,5262,ts_188_1_NO2-A-9-b,12,C2H3FN2O4,"1,6,7,8,9",0,98,5,103,NO2-A-9-b,Rearrangement
5262,5263,ts_188_1_NO2-A-10-c,13,C2H5N3O3,"1,6,7,8",1,93,5,98,NO2-A-10-c,Addition
5263,5264,ts_188_1_NO2-A-12-d,14,C3H3N3O5,"1,6,7,8",1,92,5,97,NO2-A-12-d,Addition
5264,5265,ts_188_1_RR-A-18,28,C11H13NO3,"1,6,7,8",1,99,5,104,RR-A-18,Rearrangement
5265,5266,ts_188_1_RR-B-7-b,17,C3H8N2O4,"1,6,7,8",1,100,5,105,RR-B-7-b,Rearrangement
5266,5267,ts_188_1_S-A-1,27,C7H15NO4,"1,6,7,8",1,97,5,102,S-A-1,Substitution
5267,5268,ts_188_1_S-A-10,34,C9H20N2O3,"1,6,7,8",1,96,5,101,S-A-10,Substitution
5268,5269,ts_188_1_S-A-13,33,C12H17NO3,"1,6,7,8",1,98,5,103,S-A-13,Substitution
5269,5270,ts_188_1_S-A-18,23,C6H9ClN2O5,"1,6,7,8,17",0,95,5,100,S-A-18,Substitution
5270,5271,ts_188_1_S-C-16,28,C12H12N2O2,"1,6,7,8",1,88,5,93,S-C-16,Substitution
5271,5272,ts_188_2_A-E-1,12,C3H4ClNO3,"1,6,7,8,17",0,97,5,102,A-E-1,Addition
5272,5273,ts_188_2_A-E-4,13,C3H5NO3S,"1,6,7,8,16",0,96,5,101,A-E-4,Addition
5273,5274,ts_188_2_A-E-5,23,C9H9NO3S,"1,6,7,8,16",0,98,5,103,A-E-5,Addition
5274,5275,ts_188_2_A-E-17,13,C3H3ClN2O4,"1,6,7,8,17",0,97,5,102,A-E-17,Addition
5275,5276,ts_188_2_A-F-3,23,C9H6ClNO5S,"1,6,7,8,16,17",0,96,5,101,A-F-3,Addition
5276,5277,ts_188_2_R-B-7,22,C7H11NO3,"1,6,7,8",1,98,5,103,R-B-7,Cyclization
5277,5278,ts_188_2_RR-B-7-a,14,C3H6FNO3,"1,6,7,8,9",0,100,5,105,RR-B-7-a,Rearrangement
5278,5279,ts_188_3_S-A-4,21,C4H11N3O3,"1,6,7,8",1,96,5,101,S-A-4,Substitution
5279,5280,ts_189_1_A-E-1,10,C3H4Cl2O,"1,6,8,17",0,96,5,101,A-E-1,Addition
5280,5281,ts_189_1_A-E-10,16,C5H7ClO3,"1,6,8,17",0,97,5,102,A-E-10,Addition
5281,5282,ts_189_1_A-E-22,16,C4H6BrClO3S,"1,6,8,16,17,35",0,99,5,104,A-E-22,Addition
5282,5283,ts_189_1_A-E-24,24,C7H13BrO2S,"1,6,8,16,35",0,99,5,104,A-E-24,Addition
5283,5284,ts_189_1_A-H-1,11,C3H4ClNO2,"1,6,7,8,17",0,94,5,99,A-H-1,Addition
5284,5285,ts_189_1_A-I-5,45,C22H19N3O,"1,6,7,8",1,76,3,79,A-I-5,Addition
5285,5286,ts_189_1_E-1,12,C3H6FNO,"1,6,7,8,9",0,98,5,103,E-1,Addition
5286,5287,ts_189_1_NO2-A-1-b,15,C4H4ClNO5,"1,6,7,8,17",0,96,5,101,NO2-A-1-b,Rearrangement
5287,5288,ts_189_1_NO2-A-1-d,18,C4H6ClNO6,"1,6,7,8,17",0,96,5,101,NO2-A-1-d,Addition
5288,5289,ts_189_1_NO2-A-2-a,24,C9H8ClNO5,"1,6,7,8,17",0,95,5,100,NO2-A-2-a,Substitution
5289,5290,ts_189_1_NO2-A-4-a,23,C9H8ClNO4,"1,6,7,8,17",0,98,5,103,NO2-A-4-a,Substitution
5290,5291,ts_189_1_NO2-A-6-a,16,C3H6ClNO4S,"1,6,7,8,16,17",0,95,5,100,NO2-A-6-a,Substitution
5291,5292,ts_189_1_NO2-A-7-d,23,C8H8ClNO4S,"1,6,7,8,16,17",0,97,5,102,NO2-A-7-d,Addition
5292,5293,ts_189_1_NO2-B-2-d,29,C10H13NO5,"1,6,7,8",1,96,5,101,NO2-B-2-d,Addition
5293,5294,ts_189_1_NO2-B-7-e,27,C10H10N2O4S,"1,6,7,8,16",0,93,5,98,NO2-B-7-e,Addition
5294,5295,ts_189_1_NO2-B-12-d,18,C4H7N3O4,"1,6,7,8",1,89,5,94,NO2-B-12-d,Addition
5295,5296,ts_189_1_R-A-6,24,C6H14N2O2,"1,6,7,8",1,99,5,104,R-A-6,Cyclization
5296,5297,ts_189_1_RR-A-1,13,C4H5ClO3,"1,6,8,17",0,98,5,103,RR-A-1,Rearrangement
5297,5298,ts_189_1_RR-A-2-a,24,C10H10O4,"1,6,8",1,96,5,101,RR-A-2-a,Rearrangement
5298,5299,ts_189_1_RR-A-8-c,15,C4H6ClNO3,"1,6,7,8,17",0,96,5,101,RR-A-8-c,Rearrangement
5299,5300,ts_189_1_S-A-1,27,C7H15NO4,"1,6,7,8",1,96,5,101,S-A-1,Substitution
5300,5301,ts_189_1_S-C-15,29,C11H14N2O2,"1,6,7,8",1,97,5,102,S-C-15,Substitution
5301,5302,ts_189_1_S-D-8,16,C3H5N3O5,"1,6,7,8",1,97,5,102,S-D-8,Substitution
5302,5303,ts_189_1_S-D-9,20,C3H8N2O6S,"1,6,7,8,16",0,96,5,101,S-D-9,Substitution
5303,5304,ts_189_1_S-D-13,27,C8H10N2O6S,"1,6,7,8,16",0,97,5,102,S-D-13,Substitution
5304,5305,ts_189_2_S-C-16,29,C11H14N2O2,"1,6,7,8",1,100,5,105,S-C-16,Substitution
5305,5306,ts_190_1_A-E-10,18,C5H9ClO3,"1,6,8,17",0,100,5,105,A-E-10,Addition
5306,5307,ts_190_1_A-E-20,12,C3H6BrClO,"1,6,8,17,35",0,100,5,105,A-E-20,Addition
5307,5308,ts_190_1_A-E-25,25,C9H10Cl2O3S,"1,6,8,16,17",0,100,5,105,A-E-25,Addition
5308,5309,ts_190_1_NO2-A-2-d,26,C9H10ClNO5,"1,6,7,8,17",0,96,5,101,NO2-A-2-d,Addition
5309,5310,ts_190_1_NO2-A-3-e,15,C4H4N2O5,"1,6,7,8",1,88,5,93,NO2-A-3-e,Addition
5310,5311,ts_190_1_NO2-A-5-c,23,C5H11ClN2O4,"1,6,7,8,17",0,99,5,104,NO2-A-5-c,Addition
5311,5312,ts_190_1_NO2-B-2-d,27,C10H11NO5,"1,6,7,8",1,94,5,99,NO2-B-2-d,Addition
5312,5313,ts_190_1_NO2-B-2-e,27,C10H10BrNO5,"1,6,7,8,35",0,95,5,100,NO2-B-2-e,Addition
5313,5314,ts_190_1_NO2-B-7-e,26,C9H10BrNO4S,"1,6,7,8,16,35",0,98,5,103,NO2-B-7-e,Addition
5314,5315,ts_190_1_NO2-B-11-b,21,C8H9ClN2O,"1,6,7,8,17",0,99,5,104,NO2-B-11-b,Addition
5315,5316,ts_190_1_R-B-3,21,C7H10N2O2,"1,6,7,8",1,95,5,100,R-B-3,Cyclization
5316,5317,ts_190_1_R-B-10,23,C7H13NO2,"1,6,7,8",1,98,5,103,R-B-10,Cyclization
5317,5318,ts_190_1_RR-A-2-a,22,C10H9NO2,"1,6,7,8",1,89,5,94,RR-A-2-a,Rearrangement
5318,5319,ts_190_1_RR-A-3-b,33,C15H15NO2,"1,6,7,8",1,76,3,79,RR-A-3-b,Rearrangement
5319,5320,ts_190_1_RR-A-6,21,C9H9ClO2,"1,6,8,17",0,99,5,104,RR-A-6,Rearrangement
5320,5321,ts_190_1_RR-A-9-a,27,C12H11NO3,"1,6,7,8",1,96,5,101,RR-A-9-a,Rearrangement
5321,5322,ts_190_1_RR-A-10,27,C10H13NO3,"1,6,7,8",1,86,5,91,RR-A-10,Rearrangement
5322,5323,ts_190_1_RR-A-12,43,C21H16N2O4,"1,6,7,8",1,76,3,79,RR-A-12,Rearrangement
5323,5324,ts_190_1_RR-B-6-a,16,C3H9N3O,"1,6,7,8",1,98,5,103,RR-B-6-a,Rearrangement
5324,5325,ts_190_1_RR-B-8-b,22,C8H8ClNO4,"1,6,7,8,17",0,100,5,105,RR-B-8-b,Rearrangement
5325,5326,ts_190_1_S-C-2-ab,21,C7H6BrNO6,"1,6,7,8,35",0,97,5,102,S-C-2-ab,Substitution
5326,5327,ts_190_1_S-D-14,31,C9H14N2O5S,"1,6,7,8,16",0,97,5,102,S-D-14,Substitution
5327,5328,ts_190_1_S-G-5,20,C3H10N2O4S,"1,6,7,8,16",0,100,5,105,S-G-5,Substitution
5328,5329,ts_190_2_A-E-1,12,C3H6Cl2O,"1,6,8,17",0,100,5,105,A-E-1,Addition
5329,5330,ts_190_2_A-E-2,24,C7H14O3,"1,6,8",1,99,5,104,A-E-2,Addition
5330,5331,ts_190_2_A-E-6,28,C9H15NO3,"1,6,7,8",1,96,5,101,A-E-6,Addition
5331,5332,ts_190_2_A-E-23,14,C3H5Br2ClO2S,"1,6,8,16,17,35",0,100,5,105,A-E-23,Addition
5332,5333,ts_190_2_S-F-4,23,C4H13N3O3,"1,6,7,8",1,98,5,103,S-F-4,Substitution
5333,5334,ts_191_1_A-D-1,12,C2H6FNO2,"1,6,7,8,9",0,100,5,105,A-D-1,Addition
5334,5335,ts_191_1_A-E-10,18,C5H9FO3,"1,6,8,9",0,99,5,104,A-E-10,Addition
5335,5336,ts_191_1_A-E-20,12,C3H6BrFO,"1,6,8,9,35",0,100,5,105,A-E-20,Addition
5336,5337,ts_191_1_NO2-A-2-d,26,C9H10FNO5,"1,6,7,8,9",0,99,5,104,NO2-A-2-d,Addition
5337,5338,ts_191_1_NO2-A-5-a,23,C5H11FN2O4,"1,6,7,8,9",0,94,5,99,NO2-A-5-a,Substitution
5338,5339,ts_191_1_NO2-A-6-b,19,C4H8N2O4S,"1,6,7,8,16",0,98,5,103,NO2-A-6-b,Rearrangement
5339,5340,ts_191_1_NO2-A-8-e,18,C3H6BrNO6S,"1,6,7,8,16,35",0,95,5,100,NO2-A-8-e,Addition
5340,5341,ts_191_1_NO2-B-2-d,28,C10H11NO6,"1,6,7,8",1,95,5,100,NO2-B-2-d,Addition
5341,5342,ts_191_1_NO2-B-7-d,27,C9H12FNO3S,"1,6,7,8,9,16",0,100,5,105,NO2-B-7-d,Addition
5342,5343,ts_191_1_NO2-C-8-e,27,C9H10BrNO5S,"1,6,7,8,16,35",0,99,5,104,NO2-C-8-e,Addition
5343,5344,ts_191_1_R-A-8,30,C9H17NO3,"1,6,7,8",1,96,5,101,R-A-8,Cyclization
5344,5345,ts_191_1_R-B-4,17,C6H8BrNO,"1,6,7,8,35",0,98,5,103,R-B-4,Cyclization
5345,5346,ts_191_1_S-A-15,30,C10H14N2O4,"1,6,7,8",1,96,5,101,S-A-15,Substitution
5346,5347,ts_191_1_S-A-24,32,C10H18ClNO2,"1,6,7,8,17",0,98,5,103,S-A-24,Substitution
5347,5348,ts_191_1_S-B-1,26,C7H14ClN3O,"1,6,7,8,17",0,93,5,98,S-B-1,Substitution
5348,5349,ts_191_1_S-B-9,24,C6H11N3O4,"1,6,7,8",1,90,5,95,S-B-9,Substitution
5349,5350,ts_191_1_S-C-2-ab,23,C7H8N2O6,"1,6,7,8",1,95,5,100,S-C-2-ab,Substitution
5350,5351,ts_191_2_A-E-4,13,C3H7FOS,"1,6,8,9,16",0,100,5,105,A-E-4,Addition
5351,5352,ts_191_2_NO2-B-3-d,21,C5H10N2O4,"1,6,7,8",1,99,5,104,NO2-B-3-d,Addition
5352,5353,ts_191_2_R-B-4,17,C6H8BrNO,"1,6,7,8,35",0,99,5,104,R-B-4,Cyclization
5353,5354,ts_191_2_RR-B-7-a,16,C3H8N2O3,"1,6,7,8",1,100,5,105,RR-B-7-a,Rearrangement
5354,5355,ts_192_1_A-E-11,16,C4H8BrNO2,"1,6,7,8,35",0,100,5,105,A-E-11,Addition
5355,5356,ts_192_1_E-2-a,11,C2H4N2O3,"1,6,7,8",1,96,5,101,E-2-a,Addition
5356,5357,ts_192_1_NO2-A-9-a,17,C2H8N2O5,"1,6,7,8",1,100,5,105,NO2-A-9-a,Substitution
5357,5358,ts_192_1_NO2-A-10-a,16,C2H8N2O4,"1,6,7,8",1,100,5,105,NO2-A-10-a,Substitution
5358,5359,ts_192_1_NO2-A-12-a,14,C3H5BrN2O3,"1,6,7,8,35",0,93,5,98,NO2-A-12-a,Substitution
5359,5360,ts_192_1_NO2-B-12-e,15,C4H5FN2O3,"1,6,7,8,9",0,89,5,94,NO2-B-12-e,Addition
5360,5361,ts_192_1_R-A-7,22,C6H12BrNO2,"1,6,7,8,35",0,98,5,103,R-A-7,Cyclization
5361,5362,ts_192_1_R-A-9,33,C8H21N3O,"1,6,7,8",1,100,5,105,R-A-9,Cyclization
5362,5363,ts_192_1_RR-A-13-a,26,C11H11BrO3,"1,6,8,35",0,98,5,103,RR-A-13-a,Rearrangement
5363,5364,ts_192_1_S-A-14,18,C4H9Cl2NOS,"1,6,7,8,16,17",0,99,5,104,S-A-14,Substitution
5364,5365,ts_192_1_S-B-3-a,11,C4H5NO,"1,6,7,8",1,95,5,100,S-B-3-a,Rearrangement
5365,5366,ts_192_1_S-B-9,27,C6H14N2O5,"1,6,7,8",1,97,5,102,S-B-9,Substitution
5366,5367,ts_192_1_S-C-2-ab,22,C8H6N2O6,"1,6,7,8",1,91,5,96,S-C-2-ab,Substitution
5367,5368,ts_192_1_S-F-1,29,C10H13BrN2O3,"1,6,7,8,35",0,98,5,103,S-F-1,Substitution
5368,5369,ts_192_2_A-E-19,25,C10H11BrO3,"1,6,8,35",0,99,5,104,A-E-19,Addition
5369,5370,ts_192_2_A-E-26,23,C9H10BrClOS,"1,6,8,16,17,35",0,100,5,105,A-E-26,Addition
5370,5371,ts_192_2_A-F-3,23,C9H8BrClO3S,"1,6,8,16,17,35",0,100,5,105,A-F-3,Addition
5371,5372,ts_192_2_NO2-A-3-a,18,C4H8N2O4,"1,6,7,8",1,94,5,99,NO2-A-3-a,Substitution
5372,5373,ts_193_1_A-D-1,12,C2H6BrNO2,"1,6,7,8,35",0,96,5,101,A-D-1,Addition
5373,5374,ts_193_1_A-E-20,13,C4H6BrNO,"1,6,7,8,35",0,96,5,101,A-E-20,Addition
5374,5375,ts_193_1_E-2-b,16,C3H7N3O3,"1,6,7,8",1,98,5,103,E-2-b,Addition
5375,5376,ts_193_1_NO2-A-4-a,26,C10H10N2O4,"1,6,7,8",1,88,5,93,NO2-A-4-a,Substitution
5376,5377,ts_193_1_NO2-B-7-d,28,C10H12N2O3S,"1,6,7,8,16",0,93,5,98,NO2-B-7-d,Addition
5377,5378,ts_193_1_NO2-B-12-d,17,C5H7N3O2,"1,6,7,8",1,89,5,94,NO2-B-12-d,Addition
5378,5379,ts_193_1_R-A-5,18,C5H9BrO3,"1,6,8,35",0,100,5,105,R-A-5,Cyclization
5379,5380,ts_193_1_R-A-10,14,C4H6FNO2,"1,6,7,8,9",0,91,5,96,R-A-10,Cyclization
5380,5381,ts_193_1_R-B-4,15,C5H7Br2N,"1,6,7,35",0,99,5,104,R-B-4,Cyclization
5381,5382,ts_193_1_RR-A-3-b,30,C15H12O3,"1,6,8",1,77,3,80,RR-A-3-b,Rearrangement
5382,5383,ts_193_1_RR-A-6,22,C10H9NO2,"1,6,7,8",1,88,5,93,RR-A-6,Rearrangement
5383,5384,ts_193_1_RR-A-10,26,C9H13FO3,"1,6,8,9",0,96,5,101,RR-A-10,Rearrangement
5384,5385,ts_193_1_RR-A-13-b,26,C11H11FO3,"1,6,8,9",0,99,5,104,RR-A-13-b,Rearrangement
5385,5386,ts_193_1_RR-B-6-a,14,C3H7BrN2O,"1,6,7,8,35",0,100,5,105,RR-B-6-a,Rearrangement
5386,5387,ts_193_1_S-A-9,29,C7H17ClN2O2,"1,6,7,8,17",0,100,5,105,S-A-9,Substitution
5387,5388,ts_193_1_S-A-12,30,C8H16N2O4,"1,6,7,8",1,97,5,102,S-A-12,Substitution
5388,5389,ts_193_1_S-A-26,9,C2H3BrClFO,"1,6,8,9,17,35",0,96,5,101,S-A-26,Substitution
5389,5390,ts_193_1_S-C-15,30,C12H14N2O2,"1,6,7,8",1,99,5,104,S-C-15,Substitution
5390,5391,ts_193_1_S-D-8,17,C4H7N3O3,"1,6,7,8",1,98,5,103,S-D-8,Substitution
5391,5392,ts_193_1_S-F-2,14,CH5Cl2FN2O2S,"1,6,7,8,9,16,17",0,99,5,104,S-F-2,Substitution
5392,5393,ts_193_2_A-E-9,25,C11H11NO2,"1,6,7,8",1,95,5,100,A-E-9,Addition
5393,5394,ts_193_2_A-E-16,23,C7H11ClO3S,"1,6,8,16,17",0,96,5,101,A-E-16,Addition
5394,5395,ts_193_2_A-E-17,14,C4H5ClN2O2,"1,6,7,8,17",0,90,5,95,A-E-17,Addition
5395,5396,ts_193_2_R-B-2,14,C6H6Br2,"1,6,35",0,100,5,105,R-B-2,Cyclization
5396,5397,ts_193_2_R-B-3,21,C8H9NO3,"1,6,7,8",1,98,5,103,R-B-3,Cyclization
5397,5398,ts_193_2_S-D-9,21,C4H10N2O4S,"1,6,7,8,16",0,97,5,102,S-D-9,Substitution
5398,5399,ts_193_2_S-F-1,27,C10H13BrClNO,"1,6,7,8,17,35",0,97,5,102,S-F-1,Substitution
5399,5400,ts_193_2_S-F-4,21,C4H11N3O3,"1,6,7,8",1,98,5,103,S-F-4,Substitution
5400,5401,ts_193_4_R-B-7,20,C7H8O5,"1,6,8",1,100,5,105,R-B-7,Cyclization
5401,5402,ts_194_1_A-E-8,21,C7H12O2,"1,6,8",1,98,5,103,A-E-8,Addition
5402,5403,ts_194_1_A-E-24,20,C6H11BrOS,"1,6,8,16,35",0,98,5,103,A-E-24,Addition
5403,5404,ts_194_1_A-E-25,27,C9H12ClNO3S,"1,6,7,8,16,17",0,100,5,105,A-E-25,Addition
5404,5405,ts_194_1_NO2-A-8-e,18,C3H6FNO6S,"1,6,7,8,9,16",0,97,5,102,NO2-A-8-e,Addition
5405,5406,ts_194_1_NO2-A-10-d,14,CH7N3O3,"1,6,7,8",1,100,5,105,NO2-A-10-d,Addition
5406,5407,ts_194_1_NO2-C-3-e,27,C10H11NO5,"1,6,7,8",1,97,5,102,NO2-C-3-e,Addition
5407,5408,ts_194_1_R-A-5,21,C6H10O5,"1,6,8",1,97,5,102,R-A-5,Cyclization
5408,5409,ts_194_1_R-B-11,33,C10H20N2O,"1,6,7,8",1,99,5,104,R-B-11,Cyclization
5409,5410,ts_194_1_R-B-15-a,20,C5H10ClNO3,"1,6,7,8,17",0,100,5,105,R-B-15-a,Rearrangement
5410,5411,ts_194_1_RR-A-6,23,C9H11NO2,"1,6,7,8",1,100,5,105,RR-A-6,Rearrangement
5411,5412,ts_194_1_RR-A-9-a,26,C11H11FO3,"1,6,8,9",0,97,5,102,RR-A-9-a,Rearrangement
5412,5413,ts_194_1_S-A-7,15,C3H5Cl2FO4,"1,6,8,9,17",0,97,5,102,S-A-7,Substitution
5413,5414,ts_194_1_S-A-13,28,C10H14FNO2,"1,6,7,8,9",0,100,5,105,S-A-13,Substitution
5414,5415,ts_194_1_S-A-17,24,C5H14N2O3,"1,6,7,8",1,97,5,102,S-A-17,Substitution
5415,5416,ts_194_1_S-B-3-a,10,C2H3NO4,"1,6,7,8",1,97,5,102,S-B-3-a,Rearrangement
5416,5417,ts_194_1_S-B-5-b,15,C3H5Br2NO4,"1,6,7,8,35",0,98,5,103,S-B-5-b,Addition
5417,5418,ts_194_1_S-D-2,18,C3H8N2O5,"1,6,7,8",1,93,5,98,S-D-2,Substitution
5418,5419,ts_194_1_S-D-16,39,C14H16FN3O4S,"1,6,7,8,9,16",0,79,3,82,S-D-16,Substitution
5419,5420,ts_194_2_A-E-1,14,C3H8ClNO,"1,6,7,8,17",0,100,5,105,A-E-1,Addition
5420,5421,ts_194_2_A-E-8,21,C7H12O2,"1,6,8",1,99,5,104,A-E-8,Addition
5421,5422,ts_194_2_R-A-6,22,C6H11NO4,"1,6,7,8",1,95,5,100,R-A-6,Cyclization
5422,5423,ts_194_2_S-C-15,28,C11H13FN2O,"1,6,7,8,9",0,100,5,105,S-C-15,Substitution
5423,5424,ts_195_1_A-E-14,22,C6H10ClFO3S,"1,6,8,9,16,17",0,99,5,104,A-E-14,Addition
5424,5425,ts_195_1_A-E-17,15,C3H5ClN2O4,"1,6,7,8,17",0,98,5,103,A-E-17,Addition
5425,5426,ts_195_1_A-F-2,18,C4H6BrNO5S,"1,6,7,8,16,35",0,96,5,101,A-F-2,Addition
5426,5427,ts_195_1_E-1,16,C3H9N3O,"1,6,7,8",1,99,5,104,E-1,Addition
5427,5428,ts_195_1_NO2-A-1-b,17,C4H6N2O5,"1,6,7,8",1,99,5,104,NO2-A-1-b,Rearrangement
5428,5429,ts_195_1_NO2-A-2-a,28,C9H10N2O7,"1,6,7,8",1,95,5,100,NO2-A-2-a,Substitution
5429,5430,ts_195_1_NO2-A-4-d,27,C9H10N2O6,"1,6,7,8",1,95,5,100,NO2-A-4-d,Addition
5430,5431,ts_195_1_NO2-B-2-e,31,C11H13NO6,"1,6,7,8",1,80,3,83,NO2-B-2-e,Addition
5431,5432,ts_195_1_NO2-B-11-d,25,C8H11N3O3,"1,6,7,8",1,97,5,102,NO2-B-11-d,Addition
5432,5433,ts_195_1_R-B-14,24,C7H12O5,"1,6,8",1,98,5,103,R-B-14,Cyclization
5433,5434,ts_195_1_RR-A-10,30,C10H16O4,"1,6,8",1,97,5,102,RR-A-10,Rearrangement
5434,5435,ts_195_1_RR-A-13-c,30,C12H14O4,"1,6,8",1,97,5,102,RR-A-13-c,Rearrangement
5435,5436,ts_195_1_RR-A-18,30,C12H14O4,"1,6,8",1,100,5,105,RR-A-18,Rearrangement
5436,5437,ts_195_1_S-A-14,20,C5H10ClNO2S,"1,6,7,8,16,17",0,99,5,104,S-A-14,Substitution
5437,5438,ts_195_1_S-A-21,18,C5H8ClFN2O,"1,6,7,8,9,17",0,91,5,96,S-A-21,Substitution
5438,5439,ts_195_1_S-B-3-b,16,C4H6Br2O4,"1,6,8,35",0,94,5,99,S-B-3-b,Rearrangement
5439,5440,ts_195_1_S-C-2-aa,23,C7H6N2O8,"1,6,7,8",1,94,5,99,S-C-2-aa,Substitution
5440,5441,ts_195_1_S-D-16,39,C14H16ClN3O4S,"1,6,7,8,16,17",0,80,3,83,S-D-16,Substitution
5441,5442,ts_195_1_S-F-4,19,C3H10ClN3O2,"1,6,7,8,17",0,98,5,103,S-F-4,Substitution
5442,5443,ts_195_2_A-E-10,20,C5H9NO5,"1,6,7,8",1,97,5,102,A-E-10,Addition
5443,5444,ts_195_2_A-E-19,27,C10H11NO5,"1,6,7,8",1,95,5,100,A-E-19,Addition
5444,5445,ts_195_2_A-E-24,20,C6H10BrFOS,"1,6,8,9,16,35",0,100,5,105,A-E-24,Addition
5445,5446,ts_195_2_A-E-26,25,C9H10ClNO3S,"1,6,7,8,16,17",0,99,5,104,A-E-26,Addition
5446,5447,ts_195_2_R-B-10,22,C8H11NO2,"1,6,7,8",1,91,5,96,R-B-10,Cyclization
5447,5448,ts_195_2_RR-B-7-a,14,C3H6ClNO3,"1,6,7,8,17",0,97,5,102,RR-B-7-a,Rearrangement
5448,5449,ts_196_1_A-E-8,22,C6H13NO2,"1,6,7,8",1,98,5,103,A-E-8,Addition
5449,5450,ts_196_1_A-E-19,30,C11H15NO3,"1,6,7,8",1,100,5,105,A-E-19,Addition
5450,5451,ts_196_1_A-E-22,23,C5H12BrNO3S,"1,6,7,8,16,35",0,100,5,105,A-E-22,Addition
5451,5452,ts_196_1_NO2-A-3-b,15,C4H5NO5,"1,6,7,8",1,93,5,98,NO2-A-3-b,Rearrangement
5452,5453,ts_196_1_NO2-A-3-d,18,C4H7NO6,"1,6,7,8",1,97,5,102,NO2-A-3-d,Addition
5453,5454,ts_196_1_NO2-A-7-a,26,C9H10BrNO4S,"1,6,7,8,16,35",0,97,5,102,NO2-A-7-a,Substitution
5454,5455,ts_196_1_NO2-A-8-a,24,C4H12N2O5S,"1,6,7,8,16",0,99,5,104,NO2-A-8-a,Substitution
5455,5456,ts_196_1_NO2-A-8-b,17,C3H6N2O5S,"1,6,7,8,16",0,99,5,104,NO2-A-8-b,Rearrangement
5456,5457,ts_196_1_NO2-A-9-c,19,C3H8N2O6,"1,6,7,8",1,100,5,105,NO2-A-9-c,Addition
5457,5458,ts_196_1_NO2-B-7-d,32,C10H16N2O3S,"1,6,7,8,16",0,100,5,105,NO2-B-7-d,Addition
5458,5459,ts_196_1_NO2-B-7-e,32,C10H16N2O3S,"1,6,7,8,16",0,99,5,104,NO2-B-7-e,Addition
5459,5460,ts_196_1_NO2-B-8-e,22,C4H10N2O5S,"1,6,7,8,16",0,98,5,103,NO2-B-8-e,Addition
5460,5461,ts_196_1_R-A-2,19,C5H9ClO4,"1,6,8,17",0,98,5,103,R-A-2,Cyclization
5461,5462,ts_196_1_R-A-7,26,C7H15NO3,"1,6,7,8",1,100,5,105,R-A-7,Cyclization
5462,5463,ts_196_1_R-B-5,24,C8H12N2O2,"1,6,7,8",1,96,5,101,R-B-5,Cyclization
5463,5464,ts_196_1_R-B-7,17,C6H7FO3,"1,6,8,9",0,95,5,100,R-B-7,Cyclization
5464,5465,ts_196_1_R-B-14,24,C7H12O5,"1,6,8",1,99,5,104,R-B-14,Cyclization
5465,5466,ts_196_1_RR-A-2-a,21,C8H7NO5,"1,6,7,8",1,97,5,102,RR-A-2-a,Rearrangement
5466,5467,ts_196_1_RR-A-6,26,C10H13NO2,"1,6,7,8",1,100,5,105,RR-A-6,Rearrangement
5467,5468,ts_196_1_S-A-12,28,C8H14BrNO4,"1,6,7,8,35",0,95,5,100,S-A-12,Substitution
5468,5469,ts_196_1_S-A-24,35,C11H20ClNO2,"1,6,7,8,17",0,97,5,102,S-A-24,Substitution
5469,5470,ts_196_1_S-C-16,28,C11H13BrN2O,"1,6,7,8,35",0,100,5,105,S-C-16,Substitution
5470,5471,ts_196_1_S-D-14,27,C8H11BrN2O4S,"1,6,7,8,16,35",0,99,5,104,S-D-14,Substitution
5471,5472,ts_196_1_S-F-2,16,CH5Cl2N3O4S,"1,6,7,8,16,17",0,97,5,102,S-F-2,Substitution
5472,5473,ts_196_1_S-F-4,19,C3H10BrN3O2,"1,6,7,8,35",0,100,5,105,S-F-4,Substitution
5473,5474,ts_196_1_S-G-5,26,C5H12N2O6S,"1,6,7,8,16",0,97,5,102,S-G-5,Substitution
5474,5475,ts_196_1_S-H-1,18,C2H3BrCl5O5PS,"1,6,8,15,16,17,35",0,95,5,100,S-H-1,Substitution
5475,5476,ts_196_2_A-E-25,30,C10H14ClNO3S,"1,6,7,8,16,17",0,100,5,105,A-E-25,Addition
5476,5477,ts_196_2_R-A-5,19,C5H10O4,"1,6,8",1,99,5,104,R-A-5,Cyclization
5477,5478,ts_196_2_S-D-9,19,C3H9BrN2O3S,"1,6,7,8,16,35",0,97,5,102,S-D-9,Substitution
5478,5479,ts_196_2_S-F-2,16,CH5Cl2N3O4S,"1,6,7,8,16,17",0,99,5,104,S-F-2,Substitution
5479,5480,ts_197_1_A-E-14,22,C5H11Cl2NO2S,"1,6,7,8,16,17",0,100,5,105,A-E-14,Addition
5480,5481,ts_197_1_A-E-25,29,C10H13ClO4S,"1,6,8,16,17",0,100,5,105,A-E-25,Addition
5481,5482,ts_197_1_A-I-5,48,C22H22N2O2,"1,6,7,8",1,79,3,82,A-I-5,Addition
5482,5483,ts_197_1_A-I-6,48,C22H22N2OS,"1,6,7,8,16",0,80,3,83,A-I-6,Addition
5483,5484,ts_197_1_E-2-b,14,C3H7BrN2O,"1,6,7,8,35",0,99,5,104,E-2-b,Addition
5484,5485,ts_197_1_NO2-A-5-a,27,C6H14N2O5,"1,6,7,8",1,98,5,103,NO2-A-5-a,Substitution
5485,5486,ts_197_1_NO2-B-7-e,32,C10H16N2O3S,"1,6,7,8,16",0,100,5,105,NO2-B-7-e,Addition
5486,5487,ts_197_1_R-A-5,20,C5H10O5,"1,6,8",1,100,5,105,R-A-5,Cyclization
5487,5488,ts_197_1_R-B-7,15,C5H7FO2,"1,6,8,9",0,99,5,104,R-B-7,Cyclization
5488,5489,ts_197_1_R-B-14,26,C8H14O4,"1,6,8",1,98,5,103,R-B-14,Cyclization
5489,5490,ts_197_1_RR-A-1,17,C5H8O4,"1,6,8",1,99,5,104,RR-A-1,Rearrangement
5490,5491,ts_197_1_RR-A-2-b,28,C10H12N2O4,"1,6,7,8",1,92,5,97,RR-A-2-b,Rearrangement
5491,5492,ts_197_1_RR-A-12,41,C21H16ClNO2,"1,6,7,8,17",0,80,3,83,RR-A-12,Rearrangement
5492,5493,ts_197_1_RR-B-1-b,18,C5H8O5,"1,6,8",1,97,5,102,RR-B-1-b,Rearrangement
5493,5494,ts_197_1_S-A-9,30,C8H16ClNO4,"1,6,7,8,17",0,96,5,101,S-A-9,Substitution
5494,5495,ts_197_1_S-A-19,20,C5H10BrNO3,"1,6,7,8,35",0,96,5,101,S-A-19,Substitution
5495,5496,ts_197_1_S-B-5-a,14,C4H5ClO4,"1,6,8,17",0,98,5,103,S-B-5-a,Rearrangement
5496,5497,ts_197_2_R-A-7,23,C7H12N2O2,"1,6,7,8",1,87,5,92,R-A-7,Cyclization
5497,5498,ts_197_2_S-A-9,30,C8H16ClNO4,"1,6,7,8,17",0,94,5,99,S-A-9,Substitution
5498,5499,ts_197_2_S-A-20,21,C7H8ClFN2O2,"1,6,7,8,9,17",0,94,5,99,S-A-20,Substitution
5499,5500,ts_198_1_A-E-24,22,C5H11BrN2O2S,"1,6,7,8,16,35",0,97,5,102,A-E-24,Addition
5500,5501,ts_198_1_A-E-26,26,C10H12ClNOS,"1,6,7,8,16,17",0,99,5,104,A-E-26,Addition
5501,5502,ts_198_1_A-I-5,48,C22H22N2O2,"1,6,7,8",1,76,3,79,A-I-5,Addition
5502,5503,ts_198_1_NO2-A-11-b,22,C8H9N3O2,"1,6,7,8",1,99,5,104,NO2-A-11-b,Rearrangement
5503,5504,ts_198_1_NO2-B-2-d,29,C10H12N2O5,"1,6,7,8",1,98,5,103,NO2-B-2-d,Addition
5504,5505,ts_198_1_NO2-B-2-e,33,C11H16N2O4,"1,6,7,8",1,80,3,83,NO2-B-2-e,Addition
5505,5506,ts_198_1_NO2-B-7-e,32,C10H16N2O3S,"1,6,7,8,16",0,100,5,105,NO2-B-7-e,Addition
5506,5507,ts_198_1_NO2-B-8-d,24,C5H11NO6S,"1,6,7,8,16",0,97,5,102,NO2-B-8-d,Addition
5507,5508,ts_198_1_R-A-4,34,C11H19ClO3,"1,6,8,17",0,98,5,103,R-A-4,Cyclization
5508,5509,ts_198_1_R-B-2,17,C7H8O2,"1,6,8",1,98,5,103,R-B-2,Cyclization
5509,5510,ts_198_1_R-B-9,30,C10H17ClO2,"1,6,8,17",0,98,5,103,R-B-9,Cyclization
5510,5511,ts_198_1_RR-A-2-a,19,C8H7ClO3,"1,6,8,17",0,98,5,103,RR-A-2-a,Rearrangement
5511,5512,ts_198_1_RR-B-6-a,14,C3H7FN2O,"1,6,7,8,9",0,96,5,101,RR-B-6-a,Rearrangement
5512,5513,ts_198_1_S-F-3,17,C2H7ClN4O2S,"1,6,7,8,16,17",0,95,5,100,S-F-3,Substitution
5513,5514,ts_198_1_S-G-6,27,C6H13NO6S,"1,6,7,8,16",0,95,5,100,S-G-6,Substitution
5514,5515,ts_198_1_S-H-1,13,Cl6HO4PS,"1,8,15,16,17",0,96,5,101,S-H-1,Substitution
5515,5516,ts_198_2_A-E-1,15,C4H8ClNO,"1,6,7,8,17",0,99,5,104,A-E-1,Addition
5516,5517,ts_198_2_A-E-25,28,C10H12ClNO3S,"1,6,7,8,16,17",0,97,5,102,A-E-25,Addition
5517,5518,ts_198_2_S-D-10,22,C3H11N3O4S,"1,6,7,8,16",0,100,5,105,S-D-10,Substitution
5518,5519,ts_198_2_S-F-3,17,C2H7ClN4O2S,"1,6,7,8,16,17",0,88,5,93,S-F-3,Substitution
5519,5520,ts_198_3_A-I-4,15,C2H8N4S,"1,6,7,16",0,100,5,105,A-I-4,Addition
5520,5521,ts_198_3_S-C-15,30,C11H15N3O,"1,6,7,8",1,100,5,105,S-C-15,Substitution
5521,5522,ts_199_1_A-A-1,15,C2H7FN2O3,"1,6,7,8,9",0,100,5,105,A-A-1,Addition
5522,5523,ts_199_1_A-E-20,13,C3H7BrFN,"1,6,7,9,35",0,100,5,105,A-E-20,Addition
5523,5524,ts_199_1_A-I-5,48,C22H22N2O2,"1,6,7,8",1,78,3,81,A-I-5,Addition
5524,5525,ts_199_1_E-2-a,11,C3H3NO4,"1,6,7,8",1,98,5,103,E-2-a,Addition
5525,5526,ts_199_1_NO2-A-1-d,19,C5H6N2O6,"1,6,7,8",1,94,5,99,NO2-A-1-d,Addition
5526,5527,ts_199_1_NO2-A-3-b,12,C4H2N2O4,"1,6,7,8",1,89,5,94,NO2-A-3-b,Rearrangement
5527,5528,ts_199_1_NO2-A-11-e,23,C7H10FN3O2,"1,6,7,8,9",0,100,5,105,NO2-A-11-e,Addition
5528,5529,ts_199_1_NO2-B-7-d,28,C9H13FN2O2S,"1,6,7,8,9,16",0,100,5,105,NO2-B-7-d,Addition
5529,5530,ts_199_1_NO2-B-7-e,31,C10H15NO4S,"1,6,7,8,16",0,99,5,104,NO2-B-7-e,Addition
5530,5531,ts_199_1_R-A-2,21,C5H12ClNO2,"1,6,7,8,17",0,100,5,105,R-A-2,Cyclization
5531,5532,ts_199_1_R-A-4,34,C11H19ClO3,"1,6,8,17",0,96,5,101,R-A-4,Cyclization
5532,5533,ts_199_1_R-A-10,14,C3H7F2NO,"1,6,7,8,9",0,100,5,105,R-A-10,Cyclization
5533,5534,ts_199_1_R-B-14,26,C7H15NO3,"1,6,7,8",1,100,5,105,R-B-14,Cyclization
5534,5535,ts_199_1_RR-A-3-a,26,C13H9ClO3,"1,6,8,17",0,96,5,101,RR-A-3-a,Rearrangement
5535,5536,ts_199_1_RR-A-6,22,C9H10FNO,"1,6,7,8,9",0,100,5,105,RR-A-6,Rearrangement
5536,5537,ts_199_1_RR-A-12,41,C21H16ClNO2,"1,6,7,8,17",0,78,3,81,RR-A-12,Rearrangement
5537,5538,ts_199_1_RR-A-13-a,32,C12H17NO2,"1,6,7,8",1,100,5,105,RR-A-13-a,Rearrangement
5538,5539,ts_199_1_RR-B-8-b,23,C9H8N2O4,"1,6,7,8",1,97,5,102,RR-B-8-b,Rearrangement
5539,5540,ts_199_1_S-D-8,20,C4H10N4O2,"1,6,7,8",1,97,5,102,S-D-8,Substitution
5540,5541,ts_199_2_A-I-3,14,C3H6N4O,"1,6,7,8",1,99,5,104,A-I-3,Addition
5541,5542,ts_199_2_R-A-10,14,C3H7F2NO,"1,6,7,8,9",0,100,5,105,R-A-10,Cyclization
5542,5543,ts_199_3_S-B-8,18,C5H7NO5,"1,6,7,8",1,89,5,94,S-B-8,Substitution
5543,5544,ts_200_1_A-E-2,22,C5H14N2O,"1,6,7,8",1,100,5,105,A-E-2,Addition
5544,5545,ts_200_1_A-I-5,47,C22H20N2O3,"1,6,7,8",1,78,3,81,A-I-5,Addition
5545,5546,ts_200_1_E-2-b,9,C2H4ClNO,"1,6,7,8,17",0,96,5,101,E-2-b,Addition
5546,5547,ts_200_1_NO2-A-2-a,27,C9H11ClN2O4,"1,6,7,8,17",0,98,5,103,NO2-A-2-a,Substitution
5547,5548,ts_200_1_NO2-A-3-a,15,C4H4N2O5,"1,6,7,8",1,92,5,97,NO2-A-3-a,Substitution
5548,5549,ts_200_1_NO2-A-4-d,26,C9H11ClN2O3,"1,6,7,8,17",0,97,5,102,NO2-A-4-d,Addition
5549,5550,ts_200_1_NO2-A-5-e,24,C6H11FN2O4,"1,6,7,8,9",0,95,5,100,NO2-A-5-e,Addition
5550,5551,ts_200_1_NO2-A-8-b,16,C4H4N2O5S,"1,6,7,8,16",0,92,5,97,NO2-A-8-b,Rearrangement
5551,5552,ts_200_1_NO2-A-11-a,29,C9H15N3O2,"1,6,7,8",1,97,5,102,NO2-A-11-a,Substitution
5552,5553,ts_200_1_NO2-A-11-e,23,C7H10ClN3O2,"1,6,7,8,17",0,100,5,105,NO2-A-11-e,Addition
5553,5554,ts_200_1_NO2-B-3-d,18,C5H7NO5,"1,6,7,8",1,95,5,100,NO2-B-3-d,Addition
5554,5555,ts_200_1_NO2-B-8-d,21,C5H8N2O5S,"1,6,7,8,16",0,92,5,97,NO2-B-8-d,Addition
5555,5556,ts_200_1_RR-A-8-c,16,C5H6N2O3,"1,6,7,8",1,93,5,98,RR-A-8-c,Rearrangement
5556,5557,ts_200_1_RR-A-13-c,31,C12H16O3,"1,6,8",1,100,5,105,RR-A-13-c,Rearrangement
5557,5558,ts_200_1_S-A-5,23,C5H11ClN2O4,"1,6,7,8,17",0,96,5,101,S-A-5,Substitution
5558,5559,ts_200_1_S-A-17,25,C6H13NO5,"1,6,7,8",1,98,5,103,S-A-17,Substitution
5559,5560,ts_200_1_S-A-18,24,C6H13ClN2O2,"1,6,7,8,17",0,99,5,104,S-A-18,Substitution
5560,5561,ts_200_1_S-A-26,19,C5H9ClFNO2,"1,6,7,8,9,17",0,91,5,96,S-A-26,Substitution
5561,5562,ts_200_1_S-B-9,21,C4H10FN3O3,"1,6,7,8,9",0,95,5,100,S-B-9,Substitution
5562,5563,ts_200_1_S-B-12,31,C10H15N3O3,"1,6,7,8",1,99,5,104,S-B-12,Substitution
5563,5564,ts_200_1_S-C-2-ab,23,C8H8FNO5,"1,6,7,8,9",0,95,5,100,S-C-2-ab,Substitution
5564,5565,ts_200_1_S-D-10,17,C2H7FN2O4S,"1,6,7,8,9,16",0,96,5,101,S-D-10,Substitution
5565,5566,ts_200_1_S-F-2,11,Cl2FH3N2O2S,"1,7,8,9,16,17",0,98,5,103,S-F-2,Substitution
5566,5567,ts_200_2_A-E-1,13,C3H7Cl2N,"1,6,7,17",0,100,5,105,A-E-1,Addition
5567,5568,ts_200_2_A-E-6,27,C8H15N3O,"1,6,7,8",1,96,5,101,A-E-6,Addition
5568,5569,ts_200_2_A-E-10,19,C5H10ClNO2,"1,6,7,8,17",0,100,5,105,A-E-10,Addition
5569,5570,ts_200_2_E-2-a,14,C4H5NO4,"1,6,7,8",1,98,5,103,E-2-a,Addition
5570,5571,ts_200_2_NO2-A-10-c,18,C2H10N4O2,"1,6,7,8",1,100,5,105,NO2-A-10-c,Addition
5571,5572,ts_200_2_R-B-3,13,C5H5ClFN,"1,6,7,9,17",0,97,5,102,R-B-3,Cyclization
5572,5573,ts_200_2_S-A-9,29,C7H15ClN2O4,"1,6,7,8,17",0,100,5,105,S-A-9,Substitution
5573,5574,ts_200_3_S-A-4,23,C5H12N2O4,"1,6,7,8",1,100,5,105,S-A-4,Substitution
5574,5575,ts_201_1_A-E-6,31,C8H19N3O,"1,6,7,8",1,99,5,104,A-E-6,Addition
5575,5576,ts_201_1_A-E-20,13,C3H7Br2N,"1,6,7,35",0,100,5,105,A-E-20,Addition
5576,5577,ts_201_1_E-2-a,14,C4H5NO4,"1,6,7,8",1,97,5,102,E-2-a,Addition
5577,5578,ts_201_1_NO2-A-7-d,26,C8H11BrN2O3S,"1,6,7,8,16,35",0,100,5,105,NO2-A-7-d,Addition
5578,5579,ts_201_1_NO2-A-11-d,21,C7H9BrN2O2,"1,6,7,8,35",0,100,5,105,NO2-A-11-d,Addition
5579,5580,ts_201_1_NO2-B-7-e,32,C11H15NO4S,"1,6,7,8,16",0,77,3,80,NO2-B-7-e,Addition
5580,5581,ts_201_1_NO2-B-11-b,22,C8H10BrN3,"1,6,7,35",0,99,5,104,NO2-B-11-b,Addition
5581,5582,ts_201_1_NO2-B-12-e,21,C6H10N2O3,"1,6,7,8",1,91,5,96,NO2-B-12-e,Addition
5582,5583,ts_201_1_R-A-4,32,C10H19ClO2,"1,6,8,17",0,99,5,104,R-A-4,Cyclization
5583,5584,ts_201_1_R-A-5,20,C6H9NO4,"1,6,7,8",1,93,5,98,R-A-5,Cyclization
5584,5585,ts_201_1_R-B-15-a,19,C5H9BrClNO2,"1,6,7,8,17,35",0,100,5,105,R-B-15-a,Rearrangement
5585,5586,ts_201_1_RR-A-6,22,C9H10BrNO,"1,6,7,8,35",0,100,5,105,RR-A-6,Rearrangement
5586,5587,ts_201_1_RR-A-10,31,C10H18O3,"1,6,8",1,99,5,104,RR-A-10,Rearrangement
5587,5588,ts_201_1_S-A-21,15,C4H6ClFN2O,"1,6,7,8,9,17",0,86,5,91,S-A-21,Substitution
5588,5589,ts_201_1_S-B-9,23,C4H10N4O5,"1,6,7,8",1,94,5,99,S-B-9,Substitution
5589,5590,ts_201_1_S-G-6,25,C5H13NO5S,"1,6,7,8,16",0,97,5,102,S-G-6,Substitution
5590,5591,ts_201_2_A-E-6,31,C8H19N3O,"1,6,7,8",1,99,5,104,A-E-6,Addition
5591,5592,ts_201_2_A-I-4,10,CH4FN3S,"1,6,7,9,16",0,99,5,104,A-I-4,Addition
5592,5593,ts_201_2_S-A-9,26,C7H15ClO3,"1,6,8,17",0,95,5,100,S-A-9,Substitution
5593,5594,ts_201_2_S-C-15,25,C10H11FN2O,"1,6,7,8,9",0,100,5,105,S-C-15,Substitution
5594,5595,ts_201_2_S-D-10,19,C2H7N3O6S,"1,6,7,8,16",0,91,5,96,S-D-10,Substitution
5595,5596,ts_202_1_A-A-1,17,C2H7N3O5,"1,6,7,8",1,100,5,105,A-A-1,Addition
5596,5597,ts_202_1_A-D-2,27,C7H12N2O6,"1,6,7,8",1,95,5,100,A-D-2,Addition
5597,5598,ts_202_1_A-E-8,25,C7H15NO2,"1,6,7,8",1,99,5,104,A-E-8,Addition
5598,5599,ts_202_1_A-I-3,12,CH4N4O3,"1,6,7,8",1,93,5,98,A-I-3,Addition
5599,5600,ts_202_1_NO2-A-3-e,20,C5H9NO5,"1,6,7,8",1,98,5,103,NO2-A-3-e,Addition
5600,5601,ts_202_1_NO2-A-8-e,24,C5H11NO6S,"1,6,7,8,16",0,98,5,103,NO2-A-8-e,Addition
5601,5602,ts_202_1_NO2-A-10-d,15,CH6N4O4,"1,6,7,8",1,95,5,100,NO2-A-10-d,Addition
5602,5603,ts_202_1_NO2-B-2-d,30,C11H11NO7,"1,6,7,8",1,76,3,79,NO2-B-2-d,Addition
5603,5604,ts_202_1_NO2-C-3-e,29,C11H13NO4,"1,6,7,8",1,97,5,102,NO2-C-3-e,Addition
5604,5605,ts_202_1_R-A-2,21,C6H11ClO3,"1,6,8,17",0,97,5,102,R-A-2,Cyclization
5605,5606,ts_202_1_R-A-6,25,C6H14N2O3,"1,6,7,8",1,98,5,103,R-A-6,Cyclization
5606,5607,ts_202_1_R-B-7,19,C6H10FNO,"1,6,7,8,9",0,100,5,105,R-B-7,Cyclization
5607,5608,ts_202_1_RR-A-13-a,32,C13H16O3,"1,6,8",1,97,5,102,RR-A-13-a,Rearrangement
5608,5609,ts_202_1_RR-B-5-a,16,C3H6ClN3O3,"1,6,7,8,17",0,95,5,100,RR-B-5-a,Rearrangement
5609,5610,ts_202_1_RR-B-7-a,16,C3H8BrNO3,"1,6,7,8,35",0,100,5,105,RR-B-7-a,Rearrangement
5610,5611,ts_202_1_S-A-7,12,C3H2Cl3NO3,"1,6,7,8,17",0,92,5,97,S-A-7,Substitution
5611,5612,ts_202_1_S-A-9,30,C8H18ClNO2,"1,6,7,8,17",0,100,5,105,S-A-9,Substitution
5612,5613,ts_202_1_S-B-9,21,C4H10ClN3O3,"1,6,7,8,17",0,97,5,102,S-B-9,Substitution
5613,5614,ts_202_2_A-E-2,25,C6H16N2O,"1,6,7,8",1,100,5,105,A-E-2,Addition
5614,5615,ts_202_2_A-E-5,26,C9H12N2O2S,"1,6,7,8,16",0,100,5,105,A-E-5,Addition
5615,5616,ts_202_2_A-E-8,25,C7H15NO2,"1,6,7,8",1,100,5,105,A-E-8,Addition
5616,5617,ts_202_2_A-E-9,27,C10H12N2O3,"1,6,7,8",1,99,5,104,A-E-9,Addition
5617,5618,ts_202_2_A-I-3,12,CH4N4O3,"1,6,7,8",1,99,5,104,A-I-3,Addition
5618,5619,ts_202_2_E-2-a,12,C3H3NO5,"1,6,7,8",1,98,5,103,E-2-a,Addition
5619,5620,ts_202_2_NO2-A-10-a,12,H4N4O4,"1,7,8",1,97,5,102,NO2-A-10-a,Substitution
5620,5621,ts_202_2_R-B-10,21,C6H13NO,"1,6,7,8",1,100,5,105,R-B-10,Cyclization
5621,5622,ts_203_1_A-E-9,27,C10H14N2O,"1,6,7,8",1,98,5,103,A-E-9,Addition
5622,5623,ts_203_1_A-E-17,16,C3H8ClN3O,"1,6,7,8,17",0,100,5,105,A-E-17,Addition
5623,5624,ts_203_1_A-E-19,28,C10H14N2O2,"1,6,7,8",1,100,5,105,A-E-19,Addition
5624,5625,ts_203_1_A-I-3,11,C2H4N4O,"1,6,7,8",1,89,5,94,A-I-3,Addition
5625,5626,ts_203_1_E-2-a,11,C2H2N2O5,"1,6,7,8",1,91,5,96,E-2-a,Addition
5626,5627,ts_203_1_NO2-A-8-a,22,C3H11N3O4S,"1,6,7,8,16",0,100,5,105,NO2-A-8-a,Substitution
5627,5628,ts_203_1_NO2-A-11-a,31,C9H16N4O2,"1,6,7,8",1,100,5,105,NO2-A-11-a,Substitution
5628,5629,ts_203_1_NO2-B-3-d,21,C6H9NO5,"1,6,7,8",1,96,5,101,NO2-B-3-d,Addition
5629,5630,ts_203_1_NO2-B-7-d,30,C9H15N3O2S,"1,6,7,8,16",0,100,5,105,NO2-B-7-d,Addition
5630,5631,ts_203_1_NO2-B-7-e,27,C9H13NO3S,"1,6,7,8,16",0,100,5,105,NO2-B-7-e,Addition
5631,5632,ts_203_1_NO2-B-11-b,24,C8H12N4,"1,6,7",1,100,5,105,NO2-B-11-b,Addition
5632,5633,ts_203_1_NO2-B-11-d,28,C10H12N2O4,"1,6,7,8",1,98,5,103,NO2-B-11-d,Addition
5633,5634,ts_203_1_R-B-3,14,C6H5FN2,"1,6,7,9",0,91,5,96,R-B-3,Cyclization
5634,5635,ts_203_1_RR-A-12,45,C22H19NO3,"1,6,7,8",1,77,3,80,RR-A-12,Rearrangement
5635,5636,ts_203_1_RR-A-18,32,C13H16O3,"1,6,8",1,99,5,104,RR-A-18,Rearrangement
5636,5637,ts_203_1_RR-B-8-a,30,C10H15FN2O2,"1,6,7,8,9",0,99,5,104,RR-B-8-a,Rearrangement
5637,5638,ts_203_1_S-A-3,32,C11H17BrN2O,"1,6,7,8,35",0,100,5,105,S-A-3,Substitution
5638,5639,ts_203_1_S-A-5,24,C6H14ClNO2,"1,6,7,8,17",0,98,5,103,S-A-5,Substitution
5639,5640,ts_203_1_S-A-6,22,C5H11NO5,"1,6,7,8",1,96,5,101,S-A-6,Substitution
5640,5641,ts_203_1_S-A-16,26,C10H9ClO5S,"1,6,8,16,17",0,93,5,98,S-A-16,Substitution
5641,5642,ts_203_1_S-B-3-b,13,C3H6Br2O2,"1,6,8,35",0,100,5,105,S-B-3-b,Rearrangement
5642,5643,ts_203_1_S-B-12,23,C8H9ClN2O3,"1,6,7,8,17",0,96,5,101,S-B-12,Substitution
5643,5644,ts_203_1_S-B-13,35,C14H14ClN3O3,"1,6,7,8,17",0,80,3,83,S-B-13,Substitution
5644,5645,ts_203_1_S-F-4,16,C2H8BrN3O2,"1,6,7,8,35",0,97,5,102,S-F-4,Substitution
5645,5646,ts_203_2_A-E-25,28,C9H13ClN2O2S,"1,6,7,8,16,17",0,99,5,104,A-E-25,Addition
5646,5647,ts_203_2_R-B-10,20,C6H12O2,"1,6,8",1,100,5,105,R-B-10,Cyclization
5647,5648,ts_203_2_S-B-5-a,14,C4H5BrO4,"1,6,8,35",0,98,5,103,S-B-5-a,Rearrangement
5648,5649,ts_203_2_S-C-16,26,C11H11N3O,"1,6,7,8",1,95,5,100,S-C-16,Substitution
5649,5650,ts_203_2_S-D-9,16,C2H7BrN2O3S,"1,6,7,8,16,35",0,96,5,101,S-D-9,Substitution
5650,5651,ts_203_2_S-F-1,32,C11H17BrN2O,"1,6,7,8,35",0,99,5,104,S-F-1,Substitution
5651,5652,ts_204_1_A-D-1,8,C2H2BrNO2,"1,6,7,8,35",0,94,5,99,A-D-1,Addition
5652,5653,ts_204_1_A-E-5,25,C10H12N2S,"1,6,7,16",0,93,5,98,A-E-5,Addition
5653,5654,ts_204_1_A-E-13,14,C4H6Cl2N2,"1,6,7,17",0,92,5,97,A-E-13,Addition
5654,5655,ts_204_1_A-E-19,27,C11H12N2O2,"1,6,7,8",1,94,5,99,A-E-19,Addition
5655,5656,ts_204_1_E-2-b,13,C4H6N2O,"1,6,7,8",1,93,5,98,E-2-b,Addition
5656,5657,ts_204_1_NO2-A-3-b,14,C4H3NO6,"1,6,7,8",1,96,5,101,NO2-A-3-b,Rearrangement
5657,5658,ts_204_1_NO2-A-5-b,22,C6H10N4O2,"1,6,7,8",1,93,5,98,NO2-A-5-b,Rearrangement
5658,5659,ts_204_1_NO2-A-7-a,31,C10H14N2O4S,"1,6,7,8,16",0,98,5,103,NO2-A-7-a,Substitution
5659,5660,ts_204_1_NO2-A-9-e,16,C2H8N2O4,"1,6,7,8",1,100,5,105,NO2-A-9-e,Addition
5660,5661,ts_204_1_NO2-A-11-b,21,C8H8N4O,"1,6,7,8",1,96,5,101,NO2-A-11-b,Rearrangement
5661,5662,ts_204_1_NO2-B-2-e,28,C10H12FNO4,"1,6,7,8,9",0,99,5,104,NO2-B-2-e,Addition
5662,5663,ts_204_1_NO2-B-7-d,29,C10H13N3O2S,"1,6,7,8,16",0,92,5,97,NO2-B-7-d,Addition
5663,5664,ts_204_1_NO2-C-8-e,28,C9H12FNO4S,"1,6,7,8,9,16",0,100,5,105,NO2-C-8-e,Addition
5664,5665,ts_204_1_R-A-8,31,C9H17NO4,"1,6,7,8",1,99,5,104,R-A-8,Cyclization
5665,5666,ts_204_1_R-A-9,28,C8H16FN3,"1,6,7,9",0,97,5,102,R-A-9,Cyclization
5666,5667,ts_204_1_RR-A-10,27,C9H16O2,"1,6,8",1,99,5,104,RR-A-10,Rearrangement
5667,5668,ts_204_1_RR-B-1-b,19,C6H8O5,"1,6,8",1,97,5,102,RR-B-1-b,Rearrangement
5668,5669,ts_204_1_RR-B-8-a,32,C11H16N2O3,"1,6,7,8",1,99,5,104,RR-B-8-a,Rearrangement
5669,5670,ts_204_1_S-A-2,31,C11H16ClNO2,"1,6,7,8,17",0,100,5,105,S-A-2,Substitution
5670,5671,ts_204_1_S-A-3,31,C11H16BrNO2,"1,6,7,8,35",0,97,5,102,S-A-3,Substitution
5671,5672,ts_204_1_S-A-24,34,C12H18ClNO2,"1,6,7,8,17",0,95,5,100,S-A-24,Substitution
5672,5673,ts_204_1_S-A-26,14,C3H6ClF2NO,"1,6,7,8,9,17",0,99,5,104,S-A-26,Substitution
5673,5674,ts_204_1_S-C-2-ab,22,C7H8N2O5,"1,6,7,8",1,94,5,99,S-C-2-ab,Substitution
5674,5675,ts_204_1_S-G-2,20,C4H9ClO5S,"1,6,8,16,17",0,99,5,104,S-G-2,Substitution
5675,5676,ts_204_1_S-G-5,23,C4H11FN2O4S,"1,6,7,8,9,16",0,99,5,104,S-G-5,Substitution
5676,5677,ts_204_2_A-E-2,22,C6H13NO2,"1,6,7,8",1,98,5,103,A-E-2,Addition
5677,5678,ts_204_2_A-E-16,25,C7H14ClNOS,"1,6,7,8,16,17",0,99,5,104,A-E-16,Addition
5678,5679,ts_204_2_S-A-4,22,C6H9NO6,"1,6,7,8",1,91,5,96,S-A-4,Substitution
5679,5680,ts_204_2_S-F-2,11,BrCl2H3N2O2S,"1,7,8,16,17,35",0,98,5,103,S-F-2,Substitution
5680,5681,ts_204_3_S-B-8,19,C5H7NO6,"1,6,7,8",1,94,5,99,S-B-8,Substitution
5681,5682,ts_205_1_A-E-4,19,C4H12N2S,"1,6,7,16",0,100,5,105,A-E-4,Addition
5682,5683,ts_205_1_A-E-11,22,C5H13N3O,"1,6,7,8",1,100,5,105,A-E-11,Addition
5683,5684,ts_205_1_A-E-14,22,C5H11BrClNO2S,"1,6,7,8,16,17,35",0,100,5,105,A-E-14,Addition
5684,5685,ts_205_1_A-E-16,20,C5H11BrClNS,"1,6,7,16,17,35",0,100,5,105,A-E-16,Addition
5685,5686,ts_205_1_A-I-4,10,CH4BrN3S,"1,6,7,16,35",0,100,5,105,A-I-4,Addition
5686,5687,ts_205_1_NO2-A-1-d,21,C5H7NO8,"1,6,7,8",1,93,5,98,NO2-A-1-d,Addition
5687,5688,ts_205_1_NO2-B-12-e,16,C4H7FN2O2,"1,6,7,8,9",0,87,5,92,NO2-B-12-e,Addition
5688,5689,ts_205_1_R-B-6,23,C7H12N2O2,"1,6,7,8",1,96,5,101,R-B-6,Cyclization
5689,5690,ts_205_1_RR-A-10,27,C9H15FO2,"1,6,8,9",0,100,5,105,RR-A-10,Rearrangement
5690,5691,ts_205_1_S-B-3-b,13,C3H5Br2FO2,"1,6,8,9,35",0,100,5,105,S-B-3-b,Rearrangement
5691,5692,ts_206_1_A-A-2,23,C8H10FNO3,"1,6,7,8,9",0,100,5,105,A-A-2,Addition
5692,5693,ts_206_1_NO2-A-2-c,24,C8H9FN2O4,"1,6,7,8,9",0,98,5,103,NO2-A-2-c,Addition
5693,5694,ts_206_1_NO2-A-3-e,15,C3H6FNO4,"1,6,7,8,9",0,99,5,104,NO2-A-3-e,Addition
5694,5695,ts_206_1_NO2-A-9-b,14,C2H3N3O6,"1,6,7,8",1,94,5,99,NO2-A-9-b,Rearrangement
5695,5696,ts_206_1_NO2-B-2-e,28,C10H12ClNO4,"1,6,7,8,17",0,97,5,102,NO2-B-2-e,Addition
5696,5697,ts_206_1_S-A-5,22,C6H11ClO4,"1,6,8,17",0,93,5,98,S-A-5,Substitution
5697,5698,ts_206_1_S-A-8,26,C7H13ClO5,"1,6,8,17",0,100,5,105,S-A-8,Substitution
5698,5699,ts_206_1_S-A-19,18,C4H8BrNO4,"1,6,7,8,35",0,99,5,104,S-A-19,Substitution
5699,5700,ts_206_1_S-A-24,34,C12H18ClNO2,"1,6,7,8,17",0,98,5,103,S-A-24,Substitution
5700,5701,ts_206_1_S-B-13,34,C15H12BrN3O3,"1,6,7,8,35",0,80,3,83,S-B-13,Substitution
5701,5702,ts_206_1_S-F-1,27,C9H14BrFN2,"1,6,7,9,35",0,100,5,105,S-F-1,Substitution
5702,5703,ts_206_1_S-G-2,18,C3H7ClO6S,"1,6,8,16,17",0,98,5,103,S-G-2,Substitution
5703,5704,ts_206_2_A-E-5,21,C8H10FNS,"1,6,7,9,16",0,100,5,105,A-E-5,Addition
5704,5705,ts_206_2_A-E-8,24,C7H13NO3,"1,6,7,8",1,100,5,105,A-E-8,Addition
5705,5706,ts_206_2_A-E-24,23,C6H12BrNO2S,"1,6,7,8,16,35",0,98,5,103,A-E-24,Addition
5706,5707,ts_206_2_R-B-4,20,C7H9NO3,"1,6,7,8",1,95,5,100,R-B-4,Cyclization
5707,5708,ts_206_3_R-B-10,19,C6H10O3,"1,6,8",1,100,5,105,R-B-10,Cyclization
5708,5709,ts_207_1_A-E-4,13,C2H6N2O2S,"1,6,7,8,16",0,99,5,104,A-E-4,Addition
5709,5710,ts_207_1_A-E-8,21,C6H13NO,"1,6,7,8",1,100,5,105,A-E-8,Addition
5710,5711,ts_207_1_A-E-9,24,C9H10N2O3,"1,6,7,8",1,99,5,104,A-E-9,Addition
5711,5712,ts_207_1_A-E-25,25,C8H9ClN2O4S,"1,6,7,8,16,17",0,97,5,102,A-E-25,Addition
5712,5713,ts_207_1_A-I-3,9,C2H2BrN3O,"1,6,7,8,35",0,85,5,90,A-I-3,Addition
5713,5714,ts_207_1_NO2-A-3-e,15,C3H6ClNO4,"1,6,7,8,17",0,98,5,103,NO2-A-3-e,Addition
5714,5715,ts_207_1_NO2-A-4-d,25,C8H9N3O5,"1,6,7,8",1,92,5,97,NO2-A-4-d,Addition
5715,5716,ts_207_1_NO2-A-11-b,19,C6H6N4O3,"1,6,7,8",1,99,5,104,NO2-A-11-b,Rearrangement
5716,5717,ts_207_1_NO2-B-2-e,28,C10H12ClNO4,"1,6,7,8,17",0,97,5,102,NO2-B-2-e,Addition
5717,5718,ts_207_1_NO2-B-3-d,20,C5H8N2O5,"1,6,7,8",1,97,5,102,NO2-B-3-d,Addition
5718,5719,ts_207_1_NO2-B-8-d,22,C4H8N2O7S,"1,6,7,8,16",0,95,5,100,NO2-B-8-d,Addition
5719,5720,ts_207_1_R-A-9,31,C7H16N4O4,"1,6,7,8",1,99,5,104,R-A-9,Cyclization
5720,5721,ts_207_1_RR-A-2-a,23,C9H10O4,"1,6,8",1,97,5,102,RR-A-2-a,Rearrangement
5721,5722,ts_207_1_S-A-9,28,C8H15ClO4,"1,6,8,17",0,97,5,102,S-A-9,Substitution
5722,5723,ts_207_1_S-A-16,28,C10H12ClNO3S,"1,6,7,8,16,17",0,99,5,104,S-A-16,Substitution
5723,5724,ts_207_1_S-B-8,16,C3H6N2O5,"1,6,7,8",1,94,5,99,S-B-8,Substitution
5724,5725,ts_207_1_S-B-11,23,C9H7FN2O4,"1,6,7,8,9",0,94,5,99,S-B-11,Substitution
5725,5726,ts_207_1_S-B-12,22,C9H7FN2O3,"1,6,7,8,9",0,91,5,96,S-B-12,Substitution
5726,5727,ts_207_1_S-G-6,25,C5H11NO7S,"1,6,7,8,16",0,97,5,102,S-G-6,Substitution
5727,5728,ts_207_2_A-E-11,16,C3H7N3O3,"1,6,7,8",1,100,5,105,A-E-11,Addition
5728,5729,ts_207_2_A-E-19,25,C9H10N2O4,"1,6,7,8",1,97,5,102,A-E-19,Addition
5729,5730,ts_207_2_NO2-A-1-b,17,C4H4N2O7,"1,6,7,8",1,97,5,102,NO2-A-1-b,Rearrangement
5730,5731,ts_207_2_NO2-A-9-b,14,C2H3N3O6,"1,6,7,8",1,99,5,104,NO2-A-9-b,Rearrangement
5731,5732,ts_207_2_R-A-6,23,C6H11NO5,"1,6,7,8",1,96,5,101,R-A-6,Cyclization
5732,5733,ts_207_2_R-A-10,13,C2H5FN2O3,"1,6,7,8,9",0,96,5,101,R-A-10,Cyclization
5733,5734,ts_207_2_S-A-17,26,C6H14N2O4,"1,6,7,8",1,95,5,100,S-A-17,Substitution
5734,5735,ts_208_1_A-E-24,20,C5H11BrFNS,"1,6,7,9,16,35",0,100,5,105,A-E-24,Addition
5735,5736,ts_208_1_E-2-a,11,C3H4ClNO2,"1,6,7,8,17",0,99,5,104,E-2-a,Addition
5736,5737,ts_208_1_NO2-A-1-d,22,C5H8N2O7,"1,6,7,8",1,94,5,99,NO2-A-1-d,Addition
5737,5738,ts_208_1_NO2-A-6-d,17,C3H7N3O3S,"1,6,7,8,16",0,94,5,99,NO2-A-6-d,Addition
5738,5739,ts_208_1_NO2-B-8-d,24,C5H10N2O6S,"1,6,7,8,16",0,95,5,100,NO2-B-8-d,Addition
5739,5740,ts_208_1_R-A-2,16,C4H8Cl2O2,"1,6,8,17",0,100,5,105,R-A-2,Cyclization
5740,5741,ts_208_1_R-A-8,29,C8H16FNO3,"1,6,7,8,9",0,99,5,104,R-A-8,Cyclization
5741,5742,ts_208_1_R-B-12,24,C9H12O3,"1,6,8",1,98,5,103,R-B-12,Cyclization
5742,5743,ts_208_1_RR-A-8-c,19,C5H8N2O4,"1,6,7,8",1,97,5,102,RR-A-8-c,Rearrangement
5743,5744,ts_208_1_RR-B-1-b,18,C5H7NO5,"1,6,7,8",1,92,5,97,RR-B-1-b,Rearrangement
5744,5745,ts_208_1_RR-B-7-a,18,C3H8N2O5,"1,6,7,8",1,99,5,104,RR-B-7-a,Rearrangement
5745,5746,ts_208_1_S-A-14,21,C6H11ClO2S,"1,6,8,16,17",0,97,5,102,S-A-14,Substitution
5746,5747,ts_208_1_S-A-21,12,C3H4BrClF2O,"1,6,8,9,17,35",0,96,5,101,S-A-21,Substitution
5747,5748,ts_208_1_S-A-26,19,C4H10ClFN2O,"1,6,7,8,9,17",0,95,5,100,S-A-26,Substitution
5748,5749,ts_208_1_S-B-3-b,13,C3H5Br3O2,"1,6,8,35",0,99,5,104,S-B-3-b,Rearrangement
5749,5750,ts_208_1_S-B-5-a,16,C4H7NO4,"1,6,7,8",1,96,5,101,S-B-5-a,Rearrangement
5750,5751,ts_208_1_S-F-3,13,C2H3ClN4O2S,"1,6,7,8,16,17",0,89,5,94,S-F-3,Substitution
5751,5752,ts_208_2_A-E-9,23,C10H10N2O,"1,6,7,8",1,95,5,100,A-E-9,Addition
5752,5753,ts_208_2_R-A-5,19,C5H9FO4,"1,6,8,9",0,100,5,105,R-A-5,Cyclization
5753,5754,ts_208_2_R-A-7,24,C6H14N2O2,"1,6,7,8",1,98,5,103,R-A-7,Cyclization
5754,5755,ts_208_2_R-A-11,12,C3H5BrN2O,"1,6,7,8,35",0,94,5,99,R-A-11,Cyclization
5755,5756,ts_209_1_A-D-1,9,CH2BrNO4,"1,6,7,8,35",0,93,5,98,A-D-1,Addition
5756,5757,ts_209_1_A-E-4,11,C2H6ClNS,"1,6,7,16,17",0,100,5,105,A-E-4,Addition
5757,5758,ts_209_1_A-E-14,23,C5H12ClNO3S,"1,6,7,8,16,17",0,100,5,105,A-E-14,Addition
5758,5759,ts_209_1_NO2-A-3-d,16,C4H6ClNO4,"1,6,7,8,17",0,96,5,101,NO2-A-3-d,Addition
5759,5760,ts_209_1_NO2-A-7-d,23,C7H9ClN2O3S,"1,6,7,8,16,17",0,100,5,105,NO2-A-7-d,Addition
5760,5761,ts_209_1_NO2-A-8-d,17,C2H7ClN2O4S,"1,6,7,8,16,17",0,99,5,104,NO2-A-8-d,Addition
5761,5762,ts_209_1_NO2-A-10-d,10,ClH4N3O2,"1,7,8,17",0,100,5,105,NO2-A-10-d,Addition
5762,5763,ts_209_1_NO2-A-11-e,20,C6H8ClN3O2,"1,6,7,8,17",0,100,5,105,NO2-A-11-e,Addition
5763,5764,ts_209_1_NO2-B-12-e,16,C4H7BrN2O2,"1,6,7,8,35",0,97,5,102,NO2-B-12-e,Addition
5764,5765,ts_209_1_R-A-5,17,C5H9NO2,"1,6,7,8",1,98,5,103,R-A-5,Cyclization
5765,5766,ts_209_1_R-A-6,18,C5H10N2O,"1,6,7,8",1,96,5,101,R-A-6,Cyclization
5766,5767,ts_209_1_R-B-3,16,C6H6FNO2,"1,6,7,8,9",0,97,5,102,R-B-3,Cyclization
5767,5768,ts_209_1_R-B-9,33,C11H20O2,"1,6,8",1,98,5,103,R-B-9,Cyclization
5768,5769,ts_209_1_R-B-14,21,C6H12O3,"1,6,8",1,98,5,103,R-B-14,Cyclization
5769,5770,ts_209_1_RR-A-8-c,19,C5H8N2O4,"1,6,7,8",1,99,5,104,RR-A-8-c,Rearrangement
5770,5771,ts_209_1_RR-B-7-b,16,C3H8BrNO3,"1,6,7,8,35",0,99,5,104,RR-B-7-b,Rearrangement
5771,5772,ts_209_1_S-A-26,19,C4H10ClFN2O,"1,6,7,8,9,17",0,98,5,103,S-A-26,Substitution
5772,5773,ts_209_1_S-B-5-a,15,C5H5NO4,"1,6,7,8",1,89,5,94,S-B-5-a,Rearrangement
5773,5774,ts_209_1_S-B-9,21,C4H8BrN3O5,"1,6,7,8,35",0,95,5,100,S-B-9,Substitution
5774,5775,ts_209_2_A-E-6,27,C7H16N2O2,"1,6,7,8",1,100,5,105,A-E-6,Addition
5775,5776,ts_209_2_A-E-15,12,C2H4Cl3NOS,"1,6,7,8,16,17",0,99,5,104,A-E-15,Addition
5776,5777,ts_209_2_A-E-25,23,C8H9Cl2NO2S,"1,6,7,8,16,17",0,100,5,105,A-E-25,Addition
5777,5778,ts_209_2_NO2-A-8-a,17,C2H7ClN2O4S,"1,6,7,8,16,17",0,98,5,103,NO2-A-8-a,Substitution
5778,5779,ts_209_2_NO2-A-8-b,19,C4H6N2O6S,"1,6,7,8,16",0,100,5,105,NO2-A-8-b,Rearrangement
5779,5780,ts_210_1_A-D-2,22,C6H10BrNO4,"1,6,7,8,35",0,96,5,101,A-D-2,Addition
5780,5781,ts_210_1_E-2-a,12,C4H4N2O2,"1,6,7,8",1,93,5,98,E-2-a,Addition
5781,5782,ts_210_1_NO2-A-1-d,20,C5H8ClNO5,"1,6,7,8,17",0,95,5,100,NO2-A-1-d,Addition
5782,5783,ts_210_1_NO2-A-3-b,13,C4H4ClNO3,"1,6,7,8,17",0,96,5,101,NO2-A-3-b,Rearrangement
5783,5784,ts_210_1_NO2-A-4-a,23,C8H9BrN2O3,"1,6,7,8,35",0,96,5,101,NO2-A-4-a,Substitution
5784,5785,ts_210_1_NO2-A-5-a,21,C4H10BrN3O3,"1,6,7,8,35",0,96,5,101,NO2-A-5-a,Substitution
5785,5786,ts_210_1_NO2-B-3-e,19,C4H8N2O5,"1,6,7,8",1,96,5,101,NO2-B-3-e,Addition
5786,5787,ts_210_1_NO2-B-12-e,18,C4H7N3O4,"1,6,7,8",1,94,5,99,NO2-B-12-e,Addition
5787,5788,ts_210_1_R-A-4,31,C9H16ClNO4,"1,6,7,8,17",0,95,5,100,R-A-4,Cyclization
5788,5789,ts_210_1_R-A-8,28,C8H16N2O2,"1,6,7,8",1,95,5,100,R-A-8,Cyclization
5789,5790,ts_210_1_R-B-15-a,16,C4H7BrClNO2,"1,6,7,8,17,35",0,100,5,105,R-B-15-a,Rearrangement
5790,5791,ts_210_1_RR-A-9-a,27,C11H13BrO2,"1,6,8,35",0,99,5,104,RR-A-9-a,Rearrangement
5791,5792,ts_210_1_RR-A-18,27,C11H13BrO2,"1,6,8,35",0,99,5,104,RR-A-18,Rearrangement
5792,5793,ts_210_1_S-C-16,24,C11H9FN2O,"1,6,7,8,9",0,93,5,98,S-C-16,Substitution
5793,5794,ts_210_1_S-D-8,10,C2H2ClFN2O2,"1,6,7,8,9,17",0,93,5,98,S-D-8,Substitution
5794,5795,ts_210_2_A-E-2,21,C5H13NO2,"1,6,7,8",1,100,5,105,A-E-2,Addition
5795,5796,ts_210_2_A-E-16,20,C5H11Cl2NS,"1,6,7,16,17",0,100,5,105,A-E-16,Addition
5796,5797,ts_210_2_NO2-A-8-a,17,C2H7BrN2O4S,"1,6,7,8,16,35",0,99,5,104,NO2-A-8-a,Substitution
5797,5798,ts_211_1_A-E-13,9,C3H2Cl3N,"1,6,7,17",0,94,5,99,A-E-13,Addition
5798,5799,ts_211_1_A-E-18,22,C10H8ClNO2,"1,6,7,8,17",0,93,5,98,A-E-18,Addition
5799,5800,ts_211_1_A-E-20,9,C3H3BrClN,"1,6,7,17,35",0,95,5,100,A-E-20,Addition
5800,5801,ts_211_1_A-E-23,11,C3H2Br2ClNOS,"1,6,7,8,16,17,35",0,97,5,102,A-E-23,Addition
5801,5802,ts_211_1_A-E-25,22,C9H7Cl2NO2S,"1,6,7,8,16,17",0,93,5,98,A-E-25,Addition
5802,5803,ts_211_1_A-F-2,13,C4H3BrClNO2S,"1,6,7,8,16,17,35",0,95,5,100,A-F-2,Addition
5803,5804,ts_211_1_NO2-A-1-d,20,C5H8ClNO5,"1,6,7,8,17",0,95,5,100,NO2-A-1-d,Addition
5804,5805,ts_211_1_NO2-A-4-a,22,C9H7ClN2O3,"1,6,7,8,17",0,88,5,93,NO2-A-4-a,Substitution
5805,5806,ts_211_1_NO2-A-7-d,22,C8H7ClN2O3S,"1,6,7,8,16,17",0,93,5,98,NO2-A-7-d,Addition
5806,5807,ts_211_1_NO2-A-9-a,20,C4H8N2O6,"1,6,7,8",1,93,5,98,NO2-A-9-a,Substitution
5807,5808,ts_211_1_NO2-B-3-d,19,C6H8N2O3,"1,6,7,8",1,91,5,96,NO2-B-3-d,Addition
5808,5809,ts_211_1_NO2-B-7-e,29,C9H12N2O5S,"1,6,7,8,16",0,99,5,104,NO2-B-7-e,Addition
5809,5810,ts_211_1_NO2-B-11-d,25,C9H11ClN2O2,"1,6,7,8,17",0,97,5,102,NO2-B-11-d,Addition
5810,5811,ts_211_1_R-B-4,15,C5H8FN,"1,6,7,9",0,98,5,103,R-B-4,Cyclization
5811,5812,ts_211_1_RR-A-12,43,C21H18ClNO2,"1,6,7,8,17",0,79,3,82,RR-A-12,Rearrangement
5812,5813,ts_211_1_RR-B-7-a,20,C4H11NO4,"1,6,7,8",1,100,5,105,RR-B-7-a,Rearrangement
5813,5814,ts_211_1_S-A-6,20,C4H10N2O4,"1,6,7,8",1,95,5,100,S-A-6,Substitution
5814,5815,ts_211_1_S-A-15,35,C12H18N2O3,"1,6,7,8",1,76,3,79,S-A-15,Substitution
5815,5816,ts_211_1_S-B-5-a,15,C5H5NO4,"1,6,7,8",1,91,5,96,S-B-5-a,Rearrangement
5816,5817,ts_211_1_S-B-5-b,16,C5H5Br2NO3,"1,6,7,8,35",0,93,5,98,S-B-5-b,Addition
5817,5818,ts_211_1_S-C-16,25,C10H9ClN2O3,"1,6,7,8,17",0,98,5,103,S-C-16,Substitution
5818,5819,ts_211_2_A-E-4,10,C3H4ClNS,"1,6,7,16,17",0,94,5,99,A-E-4,Addition
5819,5820,ts_211_2_A-E-11,13,C4H5ClN2O,"1,6,7,8,17",0,95,5,100,A-E-11,Addition
5820,5821,ts_211_2_A-E-20,9,C3H3BrClN,"1,6,7,17,35",0,98,5,103,A-E-20,Addition
5821,5822,ts_211_2_A-F-3,20,C9H5Cl2NO2S,"1,6,7,8,16,17",0,90,5,95,A-F-3,Addition
5822,5823,ts_211_2_R-A-10,10,C3H3ClFNO,"1,6,7,8,9,17",0,93,5,98,R-A-10,Cyclization
5823,5824,ts_211_2_S-B-5-a,15,C5H5NO4,"1,6,7,8",1,95,5,100,S-B-5-a,Rearrangement
5824,5825,ts_211_3_E-2-a,13,C3H6N2O2,"1,6,7,8",1,98,5,103,E-2-a,Addition
5825,5826,ts_212_1_A-E-1,9,C3H3BrClN,"1,6,7,17,35",0,90,5,95,A-E-1,Addition
5826,5827,ts_212_1_A-E-6,28,C7H17N3O,"1,6,7,8",1,99,5,104,A-E-6,Addition
5827,5828,ts_212_1_A-E-8,23,C6H14N2O,"1,6,7,8",1,100,5,105,A-E-8,Addition
5828,5829,ts_212_1_A-E-10,15,C5H6BrNO2,"1,6,7,8,35",0,96,5,101,A-E-10,Addition
5829,5830,ts_212_1_A-E-11,13,C4H5BrN2O,"1,6,7,8,35",0,98,5,103,A-E-11,Addition
5830,5831,ts_212_1_NO2-A-5-a,20,C5H8BrN3O3,"1,6,7,8,35",0,94,5,99,NO2-A-5-a,Substitution
5831,5832,ts_212_1_NO2-A-6-a,15,C3H5BrN2O3S,"1,6,7,8,16,35",0,93,5,98,NO2-A-6-a,Substitution
5832,5833,ts_212_1_NO2-A-7-d,22,C8H7BrN2O3S,"1,6,7,8,16,35",0,95,5,100,NO2-A-7-d,Addition
5833,5834,ts_212_1_NO2-A-11-e,19,C7H6BrN3O2,"1,6,7,8,35",0,93,5,98,NO2-A-11-e,Addition
5834,5835,ts_212_1_R-A-7,24,C7H13NO3,"1,6,7,8",1,98,5,103,R-A-7,Cyclization
5835,5836,ts_212_1_RR-A-6,18,C9H6BrNO,"1,6,7,8,35",0,90,5,95,RR-A-6,Rearrangement
5836,5837,ts_212_1_RR-A-10,29,C9H15NO4,"1,6,7,8",1,96,5,101,RR-A-10,Rearrangement
5837,5838,ts_212_1_RR-B-5-a,10,C3H2BrClN2O,"1,6,7,8,17,35",0,98,5,103,RR-B-5-a,Rearrangement
5838,5839,ts_212_1_S-C-2-ab,25,C7H11N3O4,"1,6,7,8",1,94,5,99,S-C-2-ab,Substitution
5839,5840,ts_212_1_S-G-1,14,C2H6Cl2O3S,"1,6,8,16,17",0,100,5,105,S-G-1,Substitution
5840,5841,ts_212_1_S-G-5,24,C3H13N3O4S,"1,6,7,8,16",0,100,5,105,S-G-5,Substitution
5841,5842,ts_212_2_A-E-8,23,C6H14N2O,"1,6,7,8",1,99,5,104,A-E-8,Addition
5842,5843,ts_212_2_A-E-19,22,C10H8BrNO2,"1,6,7,8,35",0,94,5,99,A-E-19,Addition
5843,5844,ts_212_2_A-F-1,13,C4H3BrClNO2S,"1,6,7,8,16,17,35",0,89,5,94,A-F-1,Addition
5844,5845,ts_212_2_A-F-3,20,C9H5BrClNO2S,"1,6,7,8,16,17,35",0,85,5,90,A-F-3,Addition
5845,5846,ts_212_2_NO2-A-6-a,15,C3H5BrN2O3S,"1,6,7,8,16,35",0,96,5,101,NO2-A-6-a,Substitution
5846,5847,ts_212_2_S-D-9,14,C2H5BrFNO3S,"1,6,7,8,9,16,35",0,96,5,101,S-D-9,Substitution
5847,5848,ts_213_1_A-E-19,24,C10H8N2O4,"1,6,7,8",1,94,5,99,A-E-19,Addition
5848,5849,ts_213_1_NO2-A-1-e,24,C5H12N2O5,"1,6,7,8",1,95,5,100,NO2-A-1-e,Addition
5849,5850,ts_213_1_NO2-A-2-a,25,C9H7N3O6,"1,6,7,8",1,92,5,97,NO2-A-2-a,Substitution
5850,5851,ts_213_1_NO2-A-6-b,17,C5H6N2O3S,"1,6,7,8,16",0,94,5,99,NO2-A-6-b,Rearrangement
5851,5852,ts_213_1_NO2-A-7-a,29,C9H12N2O5S,"1,6,7,8,16",0,96,5,101,NO2-A-7-a,Substitution
5852,5853,ts_213_1_NO2-A-11-a,28,C9H14N2O3,"1,6,7,8",1,100,5,105,NO2-A-11-a,Substitution
5853,5854,ts_213_1_NO2-B-11-d,26,C10H11N3O2,"1,6,7,8",1,93,5,98,NO2-B-11-d,Addition
5854,5855,ts_213_1_R-A-9,27,C7H16F2N2,"1,6,7,9",0,100,5,105,R-A-9,Cyclization
5855,5856,ts_213_1_RR-A-9-a,32,C12H17NO2,"1,6,7,8",1,100,5,105,RR-A-9-a,Rearrangement
5856,5857,ts_213_1_RR-A-18,32,C12H17NO2,"1,6,7,8",1,100,5,105,RR-A-18,Rearrangement
5857,5858,ts_213_1_S-A-9,27,C7H16ClNO2,"1,6,7,8,17",0,99,5,104,S-A-9,Substitution
5858,5859,ts_213_1_S-A-18,24,C6H13ClN2O2,"1,6,7,8,17",0,99,5,104,S-A-18,Substitution
5859,5860,ts_213_1_S-B-4-a,25,C10H11NO3,"1,6,7,8",1,95,5,100,S-B-4-a,Rearrangement
5860,5861,ts_213_1_S-B-8,18,C4H9NO4,"1,6,7,8",1,98,5,103,S-B-8,Substitution
5861,5862,ts_213_1_S-D-10,17,C2H5FN2O6S,"1,6,7,8,9,16",0,95,5,100,S-D-10,Substitution
5862,5863,ts_213_1_S-F-3,11,Cl2FH3N2O2S,"1,7,8,9,16,17",0,98,5,103,S-F-3,Substitution
5863,5864,ts_213_2_A-E-1,11,C3H3ClN2O2,"1,6,7,8,17",0,94,5,99,A-E-1,Addition
5864,5865,ts_213_2_R-B-10,16,C5H9FO,"1,6,8,9",0,99,5,104,R-B-10,Cyclization
5865,5866,ts_213_2_S-B-3-a,12,C4H5ClO2,"1,6,8,17",0,100,5,105,S-B-3-a,Rearrangement
5866,5867,ts_213_2_S-B-5-a,18,C5H8O5,"1,6,8",1,98,5,103,S-B-5-a,Rearrangement
5867,5868,ts_214_1_A-E-19,23,C11H8N2O2,"1,6,7,8",1,78,5,83,A-E-19,Addition
5868,5869,ts_214_1_A-E-24,25,C6H15BrN2S,"1,6,7,16,35",0,100,5,105,A-E-24,Addition
5869,5870,ts_214_1_NO2-A-5-e,21,C4H9N3O5,"1,6,7,8",1,100,5,105,NO2-A-5-e,Addition
5870,5871,ts_214_1_NO2-A-7-a,29,C9H12N2O5S,"1,6,7,8,16",0,97,5,102,NO2-A-7-a,Substitution
5871,5872,ts_214_1_NO2-A-8-b,19,C4H8N2O4S,"1,6,7,8,16",0,94,5,99,NO2-A-8-b,Rearrangement
5872,5873,ts_214_1_NO2-A-8-e,24,C4H12N2O5S,"1,6,7,8,16",0,99,5,104,NO2-A-8-e,Addition
5873,5874,ts_214_1_NO2-B-3-e,18,C5H8N2O3,"1,6,7,8",1,94,5,99,NO2-B-3-e,Addition
5874,5875,ts_214_1_NO2-B-7-e,28,C10H12N2O3S,"1,6,7,8,16",0,88,5,93,NO2-B-7-e,Addition
5875,5876,ts_214_1_NO2-B-11-d,27,C9H13N3O2,"1,6,7,8",1,99,5,104,NO2-B-11-d,Addition
5876,5877,ts_214_1_R-B-13,28,C10H15NO2,"1,6,7,8",1,97,5,102,R-B-13,Cyclization
5877,5878,ts_214_1_RR-A-2-a,20,C9H7NO3,"1,6,7,8",1,91,5,96,RR-A-2-a,Rearrangement
5878,5879,ts_214_1_RR-A-10,32,C10H19NO2,"1,6,7,8",1,99,5,104,RR-A-10,Rearrangement
5879,5880,ts_214_1_S-A-4,18,C4H8BrNO4,"1,6,7,8,35",0,99,5,104,S-A-4,Substitution
5880,5881,ts_214_1_S-A-10,27,C7H16FNO2,"1,6,7,8,9",0,99,5,104,S-A-10,Substitution
5881,5882,ts_214_1_S-A-15,34,C12H17NO4,"1,6,7,8",1,77,3,80,S-A-15,Substitution
5882,5883,ts_214_1_S-F-4,18,C2H6N4O6,"1,6,7,8",1,96,5,101,S-F-4,Substitution
5883,5884,ts_214_2_A-E-24,25,C6H15BrN2S,"1,6,7,16,35",0,100,5,105,A-E-24,Addition
5884,5885,ts_214_2_R-B-5,27,C8H15N3O,"1,6,7,8",1,100,5,105,R-B-5,Cyclization
5885,5886,ts_215_1_A-E-5,20,C9H8FNS,"1,6,7,9,16",0,94,5,99,A-E-5,Addition
5886,5887,ts_215_1_A-E-15,11,C3H2Cl2FNOS,"1,6,7,8,9,16,17",0,95,5,100,A-E-15,Addition
5887,5888,ts_215_1_A-E-16,24,C6H14ClNOS,"1,6,7,8,16,17",0,100,5,105,A-E-16,Addition
5888,5889,ts_215_1_A-E-19,22,C10H8FNO2,"1,6,7,8,9",0,89,5,94,A-E-19,Addition
5889,5890,ts_215_1_E-2-b,15,C4H7N3O,"1,6,7,8",1,97,5,102,E-2-b,Addition
5890,5891,ts_215_1_NO2-A-1-d,22,C5H10N2O5,"1,6,7,8",1,97,5,102,NO2-A-1-d,Addition
5891,5892,ts_215_1_NO2-B-11-d,27,C9H13N3O2,"1,6,7,8",1,98,5,103,NO2-B-11-d,Addition
5892,5893,ts_215_1_R-A-6,23,C6H13N3O,"1,6,7,8",1,97,5,102,R-A-6,Cyclization
5893,5894,ts_215_1_R-A-8,32,C9H19N3O,"1,6,7,8",1,96,5,101,R-A-8,Cyclization
5894,5895,ts_215_1_R-B-9,34,C10H18N2O4,"1,6,7,8",1,98,5,103,R-B-9,Cyclization
5895,5896,ts_215_1_R-B-14,22,C6H12O4,"1,6,8",1,99,5,104,R-B-14,Cyclization
5896,5897,ts_215_1_RR-A-12,43,C21H18FNO2,"1,6,7,8,9",0,78,3,81,RR-A-12,Rearrangement
5897,5898,ts_215_1_RR-B-6-b,15,C4H7N3O,"1,6,7,8",1,96,5,101,RR-B-6-b,Rearrangement
5898,5899,ts_215_1_RR-B-7-b,17,C4H8N2O3,"1,6,7,8",1,93,5,98,RR-B-7-b,Rearrangement
5899,5900,ts_215_1_S-A-3,29,C11H14BrNO2,"1,6,7,8,35",0,97,5,102,S-A-3,Substitution
5900,5901,ts_215_1_S-A-9,27,C8H15ClO3,"1,6,8,17",0,96,5,101,S-A-9,Substitution
5901,5902,ts_215_1_S-A-14,18,C5H9ClO2S,"1,6,8,16,17",0,97,5,102,S-A-14,Substitution
5902,5903,ts_215_1_S-A-24,27,C9H14BrClO2,"1,6,8,17,35",0,96,5,101,S-A-24,Substitution
5903,5904,ts_215_1_S-B-3-a,17,C5H9NO2,"1,6,7,8",1,98,5,103,S-B-3-a,Rearrangement
5904,5905,ts_215_1_S-B-4-a,25,C10H11NO3,"1,6,7,8",1,100,5,105,S-B-4-a,Rearrangement
5905,5906,ts_215_1_S-D-12,20,C3H8Cl2N2O4S,"1,6,7,8,16,17",0,96,5,101,S-D-12,Substitution
5906,5907,ts_215_2_A-E-9,21,C10H8FNO,"1,6,7,8,9",0,94,5,99,A-E-9,Addition
5907,5908,ts_215_2_A-E-23,11,C3H2Br2FNOS,"1,6,7,8,9,16,35",0,96,5,101,A-E-23,Addition
5908,5909,ts_215_2_S-B-3-a,17,C5H9NO2,"1,6,7,8",1,99,5,104,S-B-3-a,Rearrangement
5909,5910,ts_215_2_S-B-8,19,C5H9NO4,"1,6,7,8",1,95,5,100,S-B-8,Substitution
5910,5911,ts_216_1_A-I-5,44,C21H19ClN2O,"1,6,7,8,17",0,78,3,81,A-I-5,Addition
5911,5912,ts_216_1_E-2-b,11,C2H6N2O,"1,6,7,8",1,98,5,103,E-2-b,Addition
5912,5913,ts_216_1_NO2-A-5-a,21,C4H8ClN3O5,"1,6,7,8,17",0,96,5,101,NO2-A-5-a,Substitution
5913,5914,ts_216_1_NO2-A-6-d,16,C2H5ClN2O5S,"1,6,7,8,16,17",0,96,5,101,NO2-A-6-d,Addition
5914,5915,ts_216_1_NO2-A-12-d,12,C2H2ClN3O4,"1,6,7,8,17",0,94,5,99,NO2-A-12-d,Addition
5915,5916,ts_216_1_R-B-14,21,C6H10O5,"1,6,8",1,93,5,98,R-B-14,Cyclization
5916,5917,ts_216_1_RR-A-10,28,C10H15NO2,"1,6,7,8",1,93,5,98,RR-A-10,Rearrangement
5917,5918,ts_216_1_RR-B-8-a,31,C11H15NO4,"1,6,7,8",1,98,5,103,RR-B-8-a,Rearrangement
5918,5919,ts_216_1_S-A-10,27,C7H16BrNO2,"1,6,7,8,35",0,99,5,104,S-A-10,Substitution
5919,5920,ts_216_1_S-F-4,16,C4H6N4O2,"1,6,7,8",1,90,5,95,S-F-4,Substitution
5920,5921,ts_216_2_A-E-8,23,C7H13NO2,"1,6,7,8",1,100,5,105,A-E-8,Addition
5921,5922,ts_216_2_A-E-16,22,C6H12ClNOS,"1,6,7,8,16,17",0,99,5,104,A-E-16,Addition
5922,5923,ts_216_2_A-F-3,21,C8H5Cl2NO4S,"1,6,7,8,16,17",0,95,5,100,A-F-3,Addition
5923,5924,ts_216_2_R-A-7,23,C6H13NO3,"1,6,7,8",1,100,5,105,R-A-7,Cyclization
5924,5925,ts_216_2_S-A-20,25,C9H10ClN3O2,"1,6,7,8,17",0,93,5,98,S-A-20,Substitution
5925,5926,ts_217_1_A-E-4,11,C2H4BrNO2S,"1,6,7,8,16,35",0,100,5,105,A-E-4,Addition
5926,5927,ts_217_1_A-F-3,21,C8H5BrClNO4S,"1,6,7,8,16,17,35",0,89,5,94,A-F-3,Addition
5927,5928,ts_217_1_NO2-A-3-d,16,C4H6FNO4,"1,6,7,8,9",0,95,5,100,NO2-A-3-d,Addition
5928,5929,ts_217_1_NO2-A-7-c,23,C7H7BrN2O5S,"1,6,7,8,16,35",0,96,5,101,NO2-A-7-c,Addition
5929,5930,ts_217_1_NO2-A-8-d,17,C2H5BrN2O6S,"1,6,7,8,16,35",0,95,5,100,NO2-A-8-d,Addition
5930,5931,ts_217_1_R-A-4,32,C9H18ClNO3,"1,6,7,8,17",0,100,5,105,R-A-4,Cyclization
5931,5932,ts_217_1_RR-A-2-a,21,C9H7ClO4,"1,6,8,17",0,93,5,98,RR-A-2-a,Rearrangement
5932,5933,ts_217_1_RR-A-13-c,32,C13H16O3,"1,6,8",1,97,5,102,RR-A-13-c,Rearrangement
5933,5934,ts_217_1_S-A-6,18,C4H9NO4,"1,6,7,8",1,98,5,103,S-A-6,Substitution
5934,5935,ts_217_1_S-A-8,26,C7H13ClO5,"1,6,8,17",0,96,5,101,S-A-8,Substitution
5935,5936,ts_217_1_S-A-19,17,C4H7BrClNO3,"1,6,7,8,17,35",0,95,5,100,S-A-19,Substitution
5936,5937,ts_217_1_S-B-9,19,C4H8F2N2O3,"1,6,7,8,9",0,98,5,103,S-B-9,Substitution
5937,5938,ts_217_1_S-C-15,25,C10H9FN2O3,"1,6,7,8,9",0,99,5,104,S-C-15,Substitution
5938,5939,ts_217_1_S-D-16,34,C13H12F2N2O4S,"1,6,7,8,9,16",0,80,3,83,S-D-16,Substitution
5939,5940,ts_217_1_S-F-4,14,C2H6F2N2O2,"1,6,7,8,9",0,99,5,104,S-F-4,Substitution
5940,5941,ts_217_1_S-G-2,16,C2H7ClO5S,"1,6,8,16,17",0,99,5,104,S-G-2,Substitution
5941,5942,ts_217_2_S-D-10,15,C2H5F2NO4S,"1,6,7,8,9,16",0,98,5,103,S-D-10,Substitution
5942,5943,ts_217_2_S-F-1,30,C10H15BrN2O2,"1,6,7,8,35",0,99,5,104,S-F-1,Substitution
5943,5944,ts_218_1_A-E-13,12,C2H2Cl2N2O4,"1,6,7,8,17",0,75,4,79,A-E-13,Addition
5944,5945,ts_218_1_A-E-21,12,C2H2Br2N2O4,"1,6,7,8,35",0,76,4,80,A-E-21,Addition
5945,5946,ts_218_1_NO2-A-3-a,15,C3H6BrNO4,"1,6,7,8,35",0,98,5,103,NO2-A-3-a,Substitution
5946,5947,ts_218_1_NO2-A-10-d,12,H2N4O6,"1,7,8",1,89,5,94,NO2-A-10-d,Addition
5947,5948,ts_218_1_NO2-A-12-d,14,C2H2N4O6,"1,6,7,8",1,86,5,91,NO2-A-12-d,Addition
5948,5949,ts_218_1_R-B-13,30,C12H16O2,"1,6,8",1,98,5,103,R-B-13,Cyclization
5949,5950,ts_218_1_RR-A-8-c,17,C5H8FNO2,"1,6,7,8,9",0,96,5,101,RR-A-8-c,Rearrangement
5950,5951,ts_218_1_RR-B-7-a,17,C3H9BrN2O2,"1,6,7,8,35",0,98,5,103,RR-B-7-a,Rearrangement
5951,5952,ts_218_1_S-A-13,26,C10H11ClN2O2,"1,6,7,8,17",0,93,5,98,S-A-13,Substitution
5952,5953,ts_218_1_S-A-15,33,C12H15NO5,"1,6,7,8",1,79,3,82,S-A-15,Substitution
5953,5954,ts_218_1_S-D-2,11,CH3F2NO4,"1,6,7,8,9",0,95,5,100,S-D-2,Substitution
5954,5955,ts_218_1_S-D-8,13,C3H4N4O2,"1,6,7,8",1,94,5,99,S-D-8,Substitution
5955,5956,ts_218_1_S-D-12,23,C4H10N4O4S,"1,6,7,8,16",0,90,5,95,S-D-12,Substitution
5956,5957,ts_218_2_A-E-2,25,C7H15NO2,"1,6,7,8",1,99,5,104,A-E-2,Addition
5957,5958,ts_218_2_S-D-9,17,C3H7N3O3S,"1,6,7,8,16",0,90,5,95,S-D-9,Substitution
5958,5959,ts_219_1_A-E-1,8,C2H3Cl2F,"1,6,9,17",0,100,5,105,A-E-1,Addition
5959,5960,ts_219_1_A-E-11,12,C3H5ClFNO,"1,6,7,8,9,17",0,100,5,105,A-E-11,Addition
5960,5961,ts_219_1_A-E-13,8,C2H2Cl3F,"1,6,9,17",0,100,5,105,A-E-13,Addition
5961,5962,ts_219_1_NO2-A-1-e,20,C4H9ClN2O4,"1,6,7,8,17",0,97,5,102,NO2-A-1-e,Addition
5962,5963,ts_219_1_NO2-A-2-d,22,C8H7ClFNO4,"1,6,7,8,9,17",0,97,5,102,NO2-A-2-d,Addition
5963,5964,ts_219_1_NO2-A-3-b,15,C5H5NO4,"1,6,7,8",1,94,5,99,NO2-A-3-b,Rearrangement
5964,5965,ts_219_1_NO2-A-5-c,19,C4H8ClFN2O3,"1,6,7,8,9,17",0,98,5,103,NO2-A-5-c,Addition
5965,5966,ts_219_1_NO2-A-8-e,20,C3H9ClN2O4S,"1,6,7,8,16,17",0,98,5,103,NO2-A-8-e,Addition
5966,5967,ts_219_1_NO2-B-2-e,29,C10H13ClN2O3,"1,6,7,8,17",0,97,5,102,NO2-B-2-e,Addition
5967,5968,ts_219_1_NO2-B-3-d,20,C6H9NO4,"1,6,7,8",1,96,5,101,NO2-B-3-d,Addition
5968,5969,ts_219_1_NO2-B-7-e,28,C9H13ClN2O2S,"1,6,7,8,16,17",0,99,5,104,NO2-B-7-e,Addition
5969,5970,ts_219_1_NO2-B-12-d,13,C4H4BrN3O,"1,6,7,8,35",0,86,5,91,NO2-B-12-d,Addition
5970,5971,ts_219_1_R-A-5,17,C5H8BrNO2,"1,6,7,8,35",0,97,5,102,R-A-5,Cyclization
5971,5972,ts_219_1_R-B-10,16,C5H10O,"1,6,8",1,100,5,105,R-B-10,Cyclization
5972,5973,ts_219_1_R-B-13,30,C12H16O2,"1,6,8",1,97,5,102,R-B-13,Cyclization
5973,5974,ts_219_1_R-B-15-a,14,C4H5Cl2FO2,"1,6,8,9,17",0,100,5,105,R-B-15-a,Rearrangement
5974,5975,ts_219_1_RR-A-6,17,C8H6ClFO,"1,6,8,9,17",0,100,5,105,RR-A-6,Rearrangement
5975,5976,ts_219_1_RR-A-12,43,C21H18FNO2,"1,6,7,8,9",0,79,3,82,RR-A-12,Rearrangement
5976,5977,ts_219_1_S-C-15,23,C10H9F2NO,"1,6,7,8,9",0,100,5,105,S-C-15,Substitution
5977,5978,ts_219_1_S-F-4,20,C4H10N4O2,"1,6,7,8",1,90,5,95,S-F-4,Substitution
5978,5979,ts_219_2_A-E-11,12,C3H5ClFNO,"1,6,7,8,9,17",0,100,5,105,A-E-11,Addition
5979,5980,ts_219_2_A-E-19,21,C9H8ClFO2,"1,6,8,9,17",0,99,5,104,A-E-19,Addition
5980,5981,ts_219_2_A-E-25,21,C8H7Cl2FO2S,"1,6,8,9,16,17",0,100,5,105,A-E-25,Addition
5981,5982,ts_219_2_NO2-A-3-a,15,C3H6BrNO4,"1,6,7,8,35",0,92,5,97,NO2-A-3-a,Substitution
5982,5983,ts_219_2_NO2-A-6-a,14,C2H5ClFNO3S,"1,6,7,8,9,16,17",0,100,5,105,NO2-A-6-a,Substitution
5983,5984,ts_219_2_NO2-B-3-d,20,C6H9NO4,"1,6,7,8",1,94,5,99,NO2-B-3-d,Addition
5984,5985,ts_219_2_R-A-5,17,C5H8BrNO2,"1,6,7,8,35",0,96,5,101,R-A-5,Cyclization
5985,5986,ts_219_2_R-B-10,16,C5H10O,"1,6,8",1,100,5,105,R-B-10,Cyclization
5986,5987,ts_219_2_S-F-2,13,Cl2H5N3O2S,"1,7,8,16,17",0,100,5,105,S-F-2,Substitution
5987,5988,ts_220_1_A-A-2,25,C8H10N2O5,"1,6,7,8",1,99,5,104,A-A-2,Addition
5988,5989,ts_220_1_A-E-1,8,C2H3BrCl2,"1,6,17,35",0,100,5,105,A-E-1,Addition
5989,5990,ts_220_1_A-E-2,23,C6H13NO3,"1,6,7,8",1,98,5,103,A-E-2,Addition
5990,5991,ts_220_1_A-E-9,20,C9H8BrClO,"1,6,8,17,35",0,97,5,102,A-E-9,Addition
5991,5992,ts_220_1_A-E-16,20,C5H12ClNS,"1,6,7,16,17",0,99,5,104,A-E-16,Addition
5992,5993,ts_220_1_A-E-19,21,C9H8BrClO2,"1,6,8,17,35",0,100,5,105,A-E-19,Addition
5993,5994,ts_220_1_E-2-b,18,C5H9NO3,"1,6,7,8",1,97,5,102,E-2-b,Addition
5994,5995,ts_220_1_NO2-A-3-b,15,C5H5NO4,"1,6,7,8",1,97,5,102,NO2-A-3-b,Rearrangement
5995,5996,ts_220_1_NO2-A-3-d,18,C5H7NO5,"1,6,7,8",1,97,5,102,NO2-A-3-d,Addition
5996,5997,ts_220_1_NO2-A-4-a,21,C8H7BrClNO3,"1,6,7,8,17,35",0,94,5,99,NO2-A-4-a,Substitution
5997,5998,ts_220_1_NO2-A-4-d,21,C8H7BrClNO3,"1,6,7,8,17,35",0,97,5,102,NO2-A-4-d,Addition
5998,5999,ts_220_1_NO2-A-5-a,19,C4H8BrClN2O3,"1,6,7,8,17,35",0,92,5,97,NO2-A-5-a,Substitution
5999,6000,ts_220_1_NO2-A-8-e,20,C3H9ClN2O4S,"1,6,7,8,16,17",0,99,5,104,NO2-A-8-e,Addition
6000,6001,ts_220_1_NO2-B-2-d,30,C10H12N2O6,"1,6,7,8",1,73,3,76,NO2-B-2-d,Addition
6001,6002,ts_220_1_NO2-B-11-d,27,C10H12N2O3,"1,6,7,8",1,97,5,102,NO2-B-11-d,Addition
6002,6003,ts_220_1_NO2-C-8-e,30,C10H13N3O3S,"1,6,7,8,16",0,94,5,99,NO2-C-8-e,Addition
6003,6004,ts_220_1_R-A-4,34,C10H20ClNO2,"1,6,7,8,17",0,98,5,103,R-A-4,Cyclization
6004,6005,ts_220_1_RR-B-7-a,19,C3H9N3O4,"1,6,7,8",1,100,5,105,RR-B-7-a,Rearrangement
6005,6006,ts_220_1_S-A-5,21,C5H10ClNO4,"1,6,7,8,17",0,98,5,103,S-A-5,Substitution
6006,6007,ts_220_1_S-A-12,28,C8H13NO6,"1,6,7,8",1,93,5,98,S-A-12,Substitution
6007,6008,ts_220_1_S-A-16,23,C9H8Cl2O3S,"1,6,8,16,17",0,94,5,99,S-A-16,Substitution
6008,6009,ts_220_1_S-B-3-a,9,C3H3BrO2,"1,6,8,35",0,100,5,105,S-B-3-a,Rearrangement
6009,6010,ts_220_1_S-C-2-aa,19,C7H5FN2O4,"1,6,7,8,9",0,88,5,93,S-C-2-aa,Substitution
6010,6011,ts_220_1_S-C-16,27,C10H13N3O,"1,6,7,8",1,100,5,105,S-C-16,Substitution
6011,6012,ts_220_1_S-D-13,25,C7H11N3O3S,"1,6,7,8,16",0,99,5,104,S-D-13,Substitution
6012,6013,ts_220_2_A-E-6,26,C7H16N2O,"1,6,7,8",1,99,5,104,A-E-6,Addition
6013,6014,ts_220_2_A-E-20,8,C2H3Br2Cl,"1,6,17,35",0,100,5,105,A-E-20,Addition
6014,6015,ts_220_2_A-E-23,10,C2H2Br3ClOS,"1,6,8,16,17,35",0,99,5,104,A-E-23,Addition
6015,6016,ts_220_2_A-F-1,12,C3H3BrCl2O2S,"1,6,8,16,17,35",0,97,5,102,A-F-1,Addition
6016,6017,ts_220_2_RR-B-5-a,9,C2H2BrCl2NO,"1,6,7,8,17,35",0,96,5,101,RR-B-5-a,Rearrangement
6017,6018,ts_220_4_R-A-5,20,C6H9NO4,"1,6,7,8",1,90,5,95,R-A-5,Cyclization
6018,6019,ts_221_1_A-E-5,19,C8H8BrFS,"1,6,9,16,35",0,100,5,105,A-E-5,Addition
6019,6020,ts_221_1_A-E-18,21,C9H8BrFO2,"1,6,8,9,35",0,96,5,101,A-E-18,Addition
6020,6021,ts_221_1_A-I-4,14,C3H6N2O2S,"1,6,7,8,16",0,98,5,103,A-I-4,Addition
6021,6022,ts_221_1_NO2-A-6-d,14,C2H5BrFNO3S,"1,6,7,8,9,16,35",0,100,5,105,NO2-A-6-d,Addition
6022,6023,ts_221_1_NO2-B-8-e,24,C6H11NO5S,"1,6,7,8,16",0,100,5,105,NO2-B-8-e,Addition
6023,6024,ts_221_1_NO2-B-11-b,17,C7H6BrFN2,"1,6,7,9,35",0,100,5,105,NO2-B-11-b,Addition
6024,6025,ts_221_1_R-A-7,24,C7H13NO3,"1,6,7,8",1,96,5,101,R-A-7,Cyclization
6025,6026,ts_221_1_RR-A-13-c,29,C12H14N2O,"1,6,7,8",1,93,5,98,RR-A-13-c,Rearrangement
6026,6027,ts_221_1_S-A-3,25,C9H11BrClNO2,"1,6,7,8,17,35",0,98,5,103,S-A-3,Substitution
6027,6028,ts_221_1_S-A-6,20,C4H10N2O4,"1,6,7,8",1,98,5,103,S-A-6,Substitution
6028,6029,ts_221_1_S-A-10,25,C6H14ClNO3,"1,6,7,8,17",0,100,5,105,S-A-10,Substitution
6029,6030,ts_221_1_S-C-2-ab,21,C7H5N3O6,"1,6,7,8",1,90,5,95,S-C-2-ab,Substitution
6030,6031,ts_221_1_S-F-4,17,C4H7N3O3,"1,6,7,8",1,88,5,93,S-F-4,Substitution
6031,6032,ts_221_2_A-E-1,8,C2H3BrClF,"1,6,9,17,35",0,100,5,105,A-E-1,Addition
6032,6033,ts_221_2_A-E-25,21,C8H7BrClFO2S,"1,6,8,9,16,17,35",0,100,5,105,A-E-25,Addition
6033,6034,ts_221_2_A-F-3,19,C8H5BrClFO2S,"1,6,8,9,16,17,35",0,97,5,102,A-F-3,Addition
6034,6035,ts_221_2_E-2-a,16,C5H7NO3,"1,6,7,8",1,94,5,99,E-2-a,Addition
6035,6036,ts_221_2_R-A-5,17,C5H8FNO2,"1,6,7,8,9",0,93,5,98,R-A-5,Cyclization
6036,6037,ts_221_3_R-B-7,18,C6H8O4,"1,6,8",1,98,5,103,R-B-7,Cyclization
6037,6038,ts_221_3_S-A-4,20,C4H10N2O4,"1,6,7,8",1,94,5,99,S-A-4,Substitution
6038,6039,ts_222_1_A-E-5,21,C8H8FNO2S,"1,6,7,8,9,16",0,98,5,103,A-E-5,Addition
6039,6040,ts_222_1_A-E-20,10,C2H3BrFNO2,"1,6,7,8,9,35",0,98,5,103,A-E-20,Addition
6040,6041,ts_222_1_A-F-1,14,C3H3ClFNO4S,"1,6,7,8,9,16,17",0,96,5,101,A-F-1,Addition
6041,6042,ts_222_1_E-2-b,18,C5H9NO3,"1,6,7,8",1,98,5,103,E-2-b,Addition
6042,6043,ts_222_1_NO2-A-5-e,25,C5H13N3O4,"1,6,7,8",1,100,5,105,NO2-A-5-e,Addition
6043,6044,ts_222_1_NO2-A-6-a,16,C2H5FN2O5S,"1,6,7,8,9,16",0,94,5,99,NO2-A-6-a,Substitution
6044,6045,ts_222_1_NO2-A-8-a,17,C2H5FN2O6S,"1,6,7,8,9,16",0,99,5,104,NO2-A-8-a,Substitution
6045,6046,ts_222_1_NO2-A-8-d,17,C2H5FN2O6S,"1,6,7,8,9,16",0,95,5,100,NO2-A-8-d,Addition
6046,6047,ts_222_1_NO2-A-8-e,21,C4H9N3O4S,"1,6,7,8,16",0,94,5,99,NO2-A-8-e,Addition
6047,6048,ts_222_1_NO2-B-2-d,29,C11H12N2O4,"1,6,7,8",1,90,5,95,NO2-B-2-d,Addition
6048,6049,ts_222_1_NO2-B-12-d,15,C4H4N4O3,"1,6,7,8",1,88,5,93,NO2-B-12-d,Addition
6049,6050,ts_222_1_NO2-C-8-e,31,C9H15N3O3S,"1,6,7,8,16",0,99,5,104,NO2-C-8-e,Addition
6050,6051,ts_222_1_R-A-1,12,C3H4BrClO3,"1,6,8,17,35",0,98,5,103,R-A-1,Cyclization
6051,6052,ts_222_1_R-A-5,17,C4H10O3,"1,6,8",1,100,5,105,R-A-5,Cyclization
6052,6053,ts_222_1_R-A-8,27,C7H17NO2,"1,6,7,8",1,100,5,105,R-A-8,Cyclization
6053,6054,ts_222_1_RR-A-13-b,29,C12H14N2O,"1,6,7,8",1,93,5,98,RR-A-13-b,Rearrangement
6054,6055,ts_222_1_RR-B-6-b,18,C5H9NO3,"1,6,7,8",1,96,5,101,RR-B-6-b,Rearrangement
6055,6056,ts_222_1_S-A-4,18,C4H8FNO4,"1,6,7,8,9",0,96,5,101,S-A-4,Substitution
6056,6057,ts_222_1_S-A-15,30,C11H14FNO3,"1,6,7,8,9",0,98,5,103,S-A-15,Substitution
6057,6058,ts_222_1_S-A-24,32,C10H16ClNO4,"1,6,7,8,17",0,100,5,105,S-A-24,Substitution
6058,6059,ts_222_1_S-B-11,25,C10H8N2O5,"1,6,7,8",1,95,5,100,S-B-11,Substitution
6059,6060,ts_222_1_S-D-14,28,C9H11NO6S,"1,6,7,8,16",0,99,5,104,S-D-14,Substitution
6060,6061,ts_222_1_S-G-2,22,C4H10ClNO5S,"1,6,7,8,16,17",0,94,5,99,S-G-2,Substitution
6061,6062,ts_222_2_A-E-1,10,C2H3ClFNO2,"1,6,7,8,9,17",0,98,5,103,A-E-1,Addition
6062,6063,ts_222_2_A-E-10,16,C4H6FNO4,"1,6,7,8,9",0,96,5,101,A-E-10,Addition
6063,6064,ts_222_2_A-E-26,21,C8H7ClFNO2S,"1,6,7,8,9,16,17",0,96,5,101,A-E-26,Addition
6064,6065,ts_222_2_R-A-6,18,C4H11NO2,"1,6,7,8",1,99,5,104,R-A-6,Cyclization
6065,6066,ts_222_2_R-A-7,27,C7H16N2O2,"1,6,7,8",1,96,5,101,R-A-7,Cyclization
6066,6067,ts_223_1_A-A-2,24,C9H10N2O3,"1,6,7,8",1,93,5,98,A-A-2,Addition
6067,6068,ts_223_1_A-D-2,20,C6H8Cl2O4,"1,6,8,17",0,96,5,101,A-D-2,Addition
6068,6069,ts_223_1_A-E-5,19,C8H8Cl2S,"1,6,16,17",0,100,5,105,A-E-5,Addition
6069,6070,ts_223_1_A-E-18,21,C9H8Cl2O2,"1,6,8,17",0,99,5,104,A-E-18,Addition
6070,6071,ts_223_1_NO2-A-6-b,20,C5H9NO4S,"1,6,7,8,16",0,98,5,103,NO2-A-6-b,Rearrangement
6071,6072,ts_223_1_NO2-A-8-b,21,C5H9NO5S,"1,6,7,8,16",0,100,5,105,NO2-A-8-b,Rearrangement
6072,6073,ts_223_1_NO2-A-10-d,8,Cl2H2N2O2,"1,7,8,17",0,99,5,104,NO2-A-10-d,Addition
6073,6074,ts_223_1_NO2-C-3-e,27,C9H13N3O2,"1,6,7,8",1,99,5,104,NO2-C-3-e,Addition
6074,6075,ts_223_1_R-A-1,12,C3H4ClFO3,"1,6,8,9,17",0,96,5,101,R-A-1,Cyclization
6075,6076,ts_223_1_R-A-7,22,C6H12BrNO2,"1,6,7,8,35",0,99,5,104,R-A-7,Cyclization
6076,6077,ts_223_1_RR-A-12,43,C21H18BrNO2,"1,6,7,8,35",0,80,3,83,RR-A-12,Rearrangement
6077,6078,ts_223_1_S-A-18,21,C5H11ClN2O2,"1,6,7,8,17",0,95,5,100,S-A-18,Substitution
6078,6079,ts_223_1_S-C-2-aa,20,C6H5BrN2O6,"1,6,7,8,35",0,98,5,103,S-C-2-aa,Substitution
6079,6080,ts_223_1_S-D-14,27,C9H10BrNO5S,"1,6,7,8,16,35",0,96,5,101,S-D-14,Substitution
6080,6081,ts_223_2_A-E-8,21,C6H12ClNO,"1,6,7,8,17",0,98,5,103,A-E-8,Addition
6081,6082,ts_223_2_A-E-16,20,C5H11Cl2NS,"1,6,7,16,17",0,100,5,105,A-E-16,Addition
6082,6083,ts_223_2_R-A-5,18,C4H10O4,"1,6,8",1,100,5,105,R-A-5,Cyclization
6083,6084,ts_224_1_A-E-1,8,C2H3ClF2,"1,6,9,17",0,100,5,105,A-E-1,Addition
6084,6085,ts_224_1_A-E-4,9,C2H4F2S,"1,6,9,16",0,100,5,105,A-E-4,Addition
6085,6086,ts_224_1_A-I-5,45,C22H19N3O,"1,6,7,8",1,72,3,75,A-I-5,Addition
6086,6087,ts_224_1_NO2-A-3-b,10,C3H2FNO3,"1,6,7,8,9",0,96,5,101,NO2-A-3-b,Rearrangement
6087,6088,ts_224_1_NO2-A-6-b,21,C6H9NO4S,"1,6,7,8,16",0,98,5,103,NO2-A-6-b,Rearrangement
6088,6089,ts_224_1_NO2-A-10-c,12,C2H4N2O4,"1,6,7,8",1,97,5,102,NO2-A-10-c,Addition
6089,6090,ts_224_1_NO2-A-11-a,27,C9H12N2O4,"1,6,7,8",1,100,5,105,NO2-A-11-a,Substitution
6090,6091,ts_224_1_NO2-A-11-d,27,C9H12N2O4,"1,6,7,8",1,99,5,104,NO2-A-11-d,Addition
6091,6092,ts_224_1_R-A-10,9,C2H3F3O,"1,6,8,9",0,100,5,105,R-A-10,Cyclization
6092,6093,ts_224_1_R-B-2,17,C7H7FO2,"1,6,8,9",0,96,5,101,R-B-2,Cyclization
6093,6094,ts_224_1_R-B-3,14,C5H6FNO,"1,6,7,8,9",0,99,5,104,R-B-3,Cyclization
6094,6095,ts_224_1_R-B-15-a,14,C4H5ClF2O2,"1,6,8,9,17",0,100,5,105,R-B-15-a,Rearrangement
6095,6096,ts_224_1_RR-A-13-a,30,C11H16N2O,"1,6,7,8",1,99,5,104,RR-A-13-a,Rearrangement
6096,6097,ts_224_1_RR-B-5-a,9,C2H2ClF2NO,"1,6,7,8,9,17",0,100,5,105,RR-B-5-a,Rearrangement
6097,6098,ts_224_1_S-A-14,17,C4H8Cl2O2S,"1,6,8,16,17",0,99,5,104,S-A-14,Substitution
6098,6099,ts_224_1_S-B-3-b,14,C3H6Br3NO,"1,6,7,8,35",0,100,5,105,S-B-3-b,Rearrangement
6099,6100,ts_224_1_S-B-8,17,C3H8N2O4,"1,6,7,8",1,95,5,100,S-B-8,Substitution
6100,6101,ts_224_1_S-B-9,26,C7H12N2O5,"1,6,7,8",1,93,5,98,S-B-9,Substitution
6101,6102,ts_224_2_R-B-3,14,C5H6FNO,"1,6,7,8,9",0,96,5,101,R-B-3,Cyclization
6102,6103,ts_225_1_A-E-24,22,C5H13BrN2S,"1,6,7,16,35",0,100,5,105,A-E-24,Addition
6103,6104,ts_225_1_A-H-1,13,C2H7N3O,"1,6,7,8",1,98,5,103,A-H-1,Addition
6104,6105,ts_225_1_NO2-A-1-d,17,C4H6FNO5,"1,6,7,8,9",0,97,5,102,NO2-A-1-d,Addition
6105,6106,ts_225_1_NO2-B-7-e,28,C9H13BrN2O2S,"1,6,7,8,16,35",0,99,5,104,NO2-B-7-e,Addition
6106,6107,ts_225_1_NO2-B-12-d,14,C3H4ClN3O3,"1,6,7,8,17",0,93,5,98,NO2-B-12-d,Addition
6107,6108,ts_225_1_R-A-3,20,C6H10ClNO2,"1,6,7,8,17",0,97,5,102,R-A-3,Cyclization
6108,6109,ts_225_1_RR-A-8-c,14,C4H6FNO2,"1,6,7,8,9",0,99,5,104,RR-A-8-c,Rearrangement
6109,6110,ts_225_1_RR-A-12,43,C21H18BrNO2,"1,6,7,8,35",0,78,3,81,RR-A-12,Rearrangement
6110,6111,ts_225_1_S-A-5,20,C5H10Cl2O3,"1,6,8,17",0,98,5,103,S-A-5,Substitution
6111,6112,ts_225_1_S-A-8,24,C6H12Cl2O4,"1,6,8,17",0,93,5,98,S-A-8,Substitution
6112,6113,ts_225_1_S-A-13,31,C10H16N2O3,"1,6,7,8",1,99,5,104,S-A-13,Substitution
6113,6114,ts_225_1_S-A-16,25,C9H10ClNO3S,"1,6,7,8,16,17",0,99,5,104,S-A-16,Substitution
6114,6115,ts_225_1_S-A-21,18,C5H6ClFO5,"1,6,8,9,17",0,94,5,99,S-A-21,Substitution
6115,6116,ts_225_1_S-A-24,29,C9H14ClNO4,"1,6,7,8,17",0,95,5,100,S-A-24,Substitution
6116,6117,ts_225_1_S-B-3-a,11,C3H5FO2,"1,6,8,9",0,99,5,104,S-B-3-a,Rearrangement
6117,6118,ts_225_1_S-B-7,19,C5H7NO6,"1,6,7,8",1,91,5,96,S-B-7,Substitution
6118,6119,ts_225_1_S-B-13,40,C17H16N2O5,"1,6,7,8",1,78,3,81,S-B-13,Substitution
6119,6120,ts_225_1_S-C-3,28,C10H13NO4,"1,6,7,8",1,98,5,103,S-C-3,Substitution
6120,6121,ts_225_1_S-F-2,14,CH4Cl2N2O4S,"1,6,7,8,16,17",0,92,5,97,S-F-2,Substitution
6121,6122,ts_225_2_NO2-B-3-d,15,C4H6FNO3,"1,6,7,8,9",0,95,5,100,NO2-B-3-d,Addition
6122,6123,ts_225_2_S-D-9,18,C4H7NO5S,"1,6,7,8,16",0,96,5,101,S-D-9,Substitution
6123,6124,ts_226_1_A-E-24,21,C6H11BrN2S,"1,6,7,16,35",0,97,5,102,A-E-24,Addition
6124,6125,ts_226_1_A-I-3,13,C2H5N3O3,"1,6,7,8",1,95,5,100,A-I-3,Addition
6125,6126,ts_226_1_A-I-4,13,C2H5N3O2S,"1,6,7,8,16",0,96,5,101,A-I-4,Addition
6126,6127,ts_226_1_E-2-a,10,C2H4N2O2,"1,6,7,8",1,99,5,104,E-2-a,Addition
6127,6128,ts_226_1_NO2-A-1-b,14,C4H4FNO4,"1,6,7,8,9",0,95,5,100,NO2-A-1-b,Rearrangement
6128,6129,ts_226_1_NO2-A-1-e,20,C4H9BrN2O4,"1,6,7,8,35",0,96,5,101,NO2-A-1-e,Addition
6129,6130,ts_226_1_NO2-A-7-a,31,C10H14N2O4S,"1,6,7,8,16",0,96,5,101,NO2-A-7-a,Substitution
6130,6131,ts_226_1_NO2-A-11-b,21,C8H8N2O3,"1,6,7,8",1,99,5,104,NO2-A-11-b,Rearrangement
6131,6132,ts_226_1_R-A-6,20,C4H12N2O2,"1,6,7,8",1,100,5,105,R-A-6,Cyclization
6132,6133,ts_226_1_R-A-7,27,C7H16N2O2,"1,6,7,8",1,99,5,104,R-A-7,Cyclization
6133,6134,ts_226_1_R-B-10,23,C7H12O4,"1,6,8",1,100,5,105,R-B-10,Cyclization
6134,6135,ts_226_1_RR-A-8-c,14,C4H6FNO2,"1,6,7,8,9",0,95,5,100,RR-A-8-c,Rearrangement
6135,6136,ts_226_1_RR-B-1-b,13,C4H5FO3,"1,6,8,9",0,98,5,103,RR-B-1-b,Rearrangement
6136,6137,ts_226_1_RR-B-6-b,10,C2H4BrNO2,"1,6,7,8,35",0,99,5,104,RR-B-6-b,Rearrangement
6137,6138,ts_226_1_S-A-3,27,C10H11BrClNO3,"1,6,7,8,17,35",0,98,5,103,S-A-3,Substitution
6138,6139,ts_226_1_S-A-8,23,C6H10Cl2O5,"1,6,8,17",0,96,5,101,S-A-8,Substitution
6139,6140,ts_226_1_S-B-4-a,27,C11H13NO2,"1,6,7,8",1,98,5,103,S-B-4-a,Rearrangement
6140,6141,ts_226_1_S-B-5-b,12,C3H3Br3O3,"1,6,8,35",0,96,5,101,S-B-5-b,Addition
6141,6142,ts_226_1_S-D-9,24,C6H11NO5S,"1,6,7,8,16",0,95,5,100,S-D-9,Substitution
6142,6143,ts_226_1_S-G-4,25,C5H12O7S,"1,6,8,16",0,100,5,105,S-G-4,Substitution
6143,6144,ts_226_1_S-G-5,25,C4H13N3O4S,"1,6,7,8,16",0,97,5,102,S-G-5,Substitution
6144,6145,ts_226_2_A-E-11,18,C5H9NO3,"1,6,7,8",1,97,5,102,A-E-11,Addition
6145,6146,ts_226_2_NO2-A-3-a,20,C5H9NO5,"1,6,7,8",1,95,5,100,NO2-A-3-a,Substitution
6146,6147,ts_226_2_R-A-5,19,C4H11NO3,"1,6,7,8",1,100,5,105,R-A-5,Cyclization
6147,6148,ts_226_2_S-F-1,32,C11H17BrN2O,"1,6,7,8,35",0,98,5,103,S-F-1,Substitution
6148,6149,ts_227_1_A-E-10,17,C6H7NO3,"1,6,7,8",1,95,5,100,A-E-10,Addition
6149,6150,ts_227_1_NO2-A-6-a,17,C4H6N2O4S,"1,6,7,8,16",0,94,5,99,NO2-A-6-a,Substitution
6150,6151,ts_227_1_NO2-A-9-a,21,C3H11N3O4,"1,6,7,8",1,100,5,105,NO2-A-9-a,Substitution
6151,6152,ts_227_1_NO2-A-9-e,19,C2H8N4O5,"1,6,7,8",1,99,5,104,NO2-A-9-e,Addition
6152,6153,ts_227_1_NO2-A-11-a,23,C8H9N3O3,"1,6,7,8",1,93,5,98,NO2-A-11-a,Substitution
6153,6154,ts_227_1_NO2-A-11-d,23,C8H9N3O3,"1,6,7,8",1,98,5,103,NO2-A-11-d,Addition
6154,6155,ts_227_1_NO2-B-2-e,31,C10H13N3O5,"1,6,7,8",1,79,3,82,NO2-B-2-e,Addition
6155,6156,ts_227_1_NO2-C-3-e,27,C9H11N3O4,"1,6,7,8",1,99,5,104,NO2-C-3-e,Addition
6156,6157,ts_227_1_R-A-3,24,C6H14ClNO2,"1,6,7,8,17",0,100,5,105,R-A-3,Cyclization
6157,6158,ts_227_1_R-A-5,18,C5H9NO3,"1,6,7,8",1,99,5,104,R-A-5,Cyclization
6158,6159,ts_227_1_R-B-14,21,C6H10O5,"1,6,8",1,100,5,105,R-B-14,Cyclization
6159,6160,ts_227_1_RR-A-18,30,C11H14N2O3,"1,6,7,8",1,98,5,103,RR-A-18,Rearrangement
6160,6161,ts_227_1_RR-B-5-a,12,C4H3ClN2O2,"1,6,7,8,17",0,88,5,93,RR-B-5-a,Rearrangement
6161,6162,ts_227_1_RR-B-6-a,14,C3H7NO3,"1,6,7,8",1,97,5,102,RR-B-6-a,Rearrangement
6162,6163,ts_227_1_RR-B-7-a,14,C2H7FN2O2,"1,6,7,8,9",0,100,5,105,RR-B-7-a,Rearrangement
6163,6164,ts_227_1_S-A-15,31,C11H15NO4,"1,6,7,8",1,97,5,102,S-A-15,Substitution
6164,6165,ts_227_1_S-A-18,22,C6H10ClNO4,"1,6,7,8,17",0,94,5,99,S-A-18,Substitution
6165,6166,ts_227_1_S-B-4-b,24,C10H9Br3O2,"1,6,8,35",0,98,5,103,S-B-4-b,Rearrangement
6166,6167,ts_227_1_S-F-1,32,C11H17BrN2O,"1,6,7,8,35",0,99,5,104,S-F-1,Substitution
6167,6168,ts_227_2_A-E-25,24,C10H8ClNO3S,"1,6,7,8,16,17",0,92,5,97,A-E-25,Addition
6168,6169,ts_227_2_NO2-A-8-a,18,C4H6N2O5S,"1,6,7,8,16",0,97,5,102,NO2-A-8-a,Substitution
6169,6170,ts_227_2_R-B-3,14,C5H6ClNO,"1,6,7,8,17",0,96,5,101,R-B-3,Cyclization
6170,6171,ts_227_3_E-2-a,10,C2H4N2O2,"1,6,7,8",1,99,5,104,E-2-a,Addition
6171,6172,ts_228_1_A-E-1,13,C4H6BrClO,"1,6,8,17,35",0,100,5,105,A-E-1,Addition
6172,6173,ts_228_1_A-E-2,25,C6H16N2O,"1,6,7,8",1,99,5,104,A-E-2,Addition
6173,6174,ts_228_1_A-E-11,17,C5H8BrNO2,"1,6,7,8,35",0,95,5,100,A-E-11,Addition
6174,6175,ts_228_1_A-E-18,26,C11H11BrO3,"1,6,8,35",0,98,5,103,A-E-18,Addition
6175,6176,ts_228_1_E-2-b,10,C2H4ClNO2,"1,6,7,8,17",0,97,5,102,E-2-b,Addition
6176,6177,ts_228_1_NO2-A-5-c,24,C6H11BrN2O4,"1,6,7,8,35",0,96,5,101,NO2-A-5-c,Addition
6177,6178,ts_228_1_NO2-A-6-d,19,C4H8BrNO4S,"1,6,7,8,16,35",0,97,5,102,NO2-A-6-d,Addition
6178,6179,ts_228_1_NO2-A-7-d,26,C9H10BrNO4S,"1,6,7,8,16,35",0,99,5,104,NO2-A-7-d,Addition
6179,6180,ts_228_1_NO2-B-3-d,17,C4H8N2O3,"1,6,7,8",1,95,5,100,NO2-B-3-d,Addition
6180,6181,ts_228_1_NO2-B-12-d,12,C3H4ClFN2O,"1,6,7,8,9,17",0,93,5,98,NO2-B-12-d,Addition
6181,6182,ts_228_1_NO2-B-12-e,17,C4H8ClN3O,"1,6,7,8,17",0,83,5,88,NO2-B-12-e,Addition
6182,6183,ts_228_1_R-A-1,18,C4H10ClNO2,"1,6,7,8,17",0,100,5,105,R-A-1,Cyclization
6183,6184,ts_228_1_S-A-11,21,C5H10ClNO4,"1,6,7,8,17",0,96,5,101,S-A-11,Substitution
6184,6185,ts_228_1_S-A-16,28,C10H12ClNO3S,"1,6,7,8,16,17",0,92,5,97,S-A-16,Substitution
6185,6186,ts_228_1_S-A-18,20,C6H9ClN2O2,"1,6,7,8,17",0,95,5,100,S-A-18,Substitution
6186,6187,ts_228_1_S-B-5-b,14,C3H5Br2NO3,"1,6,7,8,35",0,100,5,105,S-B-5-b,Addition
6187,6188,ts_228_1_S-B-11,30,C11H11NO7,"1,6,7,8",1,76,3,79,S-B-11,Substitution
6188,6189,ts_228_1_S-D-10,21,C4H9NO6S,"1,6,7,8,16",0,100,5,105,S-D-10,Substitution
6189,6190,ts_228_2_A-E-10,19,C6H9BrO3,"1,6,8,35",0,99,5,104,A-E-10,Addition
6190,6191,ts_228_2_A-E-17,14,C4H5BrClNO2,"1,6,7,8,17,35",0,97,5,102,A-E-17,Addition
6191,6192,ts_228_2_A-E-19,26,C11H11BrO3,"1,6,8,35",0,97,5,102,A-E-19,Addition
6192,6193,ts_228_2_A-E-20,13,C4H6Br2O,"1,6,8,35",0,99,5,104,A-E-20,Addition
6193,6194,ts_228_2_R-A-10,14,C4H6BrFO2,"1,6,8,9,35",0,98,5,103,R-A-10,Cyclization
6194,6195,ts_228_2_R-B-4,19,C6H11NO,"1,6,7,8",1,100,5,105,R-B-4,Cyclization
6195,6196,ts_228_2_S-F-1,28,C9H15BrN2O,"1,6,7,8,35",0,99,5,104,S-F-1,Substitution
6196,6197,ts_229_1_A-E-1,12,C4H5ClO2,"1,6,8,17",0,98,5,103,A-E-1,Addition
6197,6198,ts_229_1_A-E-9,24,C11H10O3,"1,6,8",1,97,5,102,A-E-9,Addition
6198,6199,ts_229_1_A-E-19,25,C11H10O4,"1,6,8",1,93,5,98,A-E-19,Addition
6199,6200,ts_229_1_A-E-21,12,C4H4Br2O2,"1,6,8,35",0,92,5,97,A-E-21,Addition
6200,6201,ts_229_1_A-E-25,25,C10H9ClO4S,"1,6,8,16,17",0,95,5,100,A-E-25,Addition
6201,6202,ts_229_1_A-F-2,16,C5H5BrO4S,"1,6,8,16,35",0,98,5,103,A-F-2,Addition
6202,6203,ts_229_1_A-F-3,23,C10H7ClO4S,"1,6,8,16,17",0,89,5,94,A-F-3,Addition
6203,6204,ts_229_1_NO2-A-8-a,19,C4H7NO6S,"1,6,7,8,16",0,98,5,103,NO2-A-8-a,Substitution
6204,6205,ts_229_1_NO2-A-11-d,24,C7H11N3O3,"1,6,7,8",1,100,5,105,NO2-A-11-d,Addition
6205,6206,ts_229_1_NO2-B-3-d,17,C4H8N2O3,"1,6,7,8",1,97,5,102,NO2-B-3-d,Addition
6206,6207,ts_229_1_NO2-B-7-e,28,C9H13FN2O2S,"1,6,7,8,9,16",0,100,5,105,NO2-B-7-e,Addition
6207,6208,ts_229_1_R-A-3,19,C5H10BrClO2,"1,6,8,17,35",0,100,5,105,R-A-3,Cyclization
6208,6209,ts_229_1_R-A-8,31,C8H19NO3,"1,6,7,8",1,100,5,105,R-A-8,Cyclization
6209,6210,ts_229_1_R-A-10,13,C4H5FO3,"1,6,8,9",0,96,5,101,R-A-10,Cyclization
6210,6211,ts_229_1_RR-A-6,21,C10H8O3,"1,6,8",1,96,5,101,RR-A-6,Rearrangement
6211,6212,ts_229_1_RR-A-12,45,C21H18N2O4,"1,6,7,8",1,75,3,78,RR-A-12,Rearrangement
6212,6213,ts_229_1_S-B-3-b,14,C3H6Br2FNO,"1,6,7,8,9,35",0,100,5,105,S-B-3-b,Rearrangement
6213,6214,ts_229_1_S-B-8,15,C3H5NO6,"1,6,7,8",1,98,5,103,S-B-8,Substitution
6214,6215,ts_229_1_S-B-11,28,C10H11NO6,"1,6,7,8",1,92,5,97,S-B-11,Substitution
6215,6216,ts_229_1_S-D-9,14,C2H5Br2NO3S,"1,6,7,8,16,35",0,97,5,102,S-D-9,Substitution
6216,6217,ts_229_1_S-D-13,21,C7H7Br2NO3S,"1,6,7,8,16,35",0,98,5,103,S-D-13,Substitution
6217,6218,ts_229_2_S-A-4,22,C5H11NO5,"1,6,7,8",1,99,5,104,S-A-4,Substitution
6218,6219,ts_229_3_R-B-10,24,C8H12O4,"1,6,8",1,97,5,102,R-B-10,Cyclization
6219,6220,ts_230_1_A-E-6,31,C9H18N2O2,"1,6,7,8",1,100,5,105,A-E-6,Addition
6220,6221,ts_230_1_E-1,12,C3H5NO3,"1,6,7,8",1,98,5,103,E-1,Addition
6221,6222,ts_230_1_NO2-A-3-a,17,C4H7N3O3,"1,6,7,8",1,89,5,94,NO2-A-3-a,Substitution
6222,6223,ts_230_1_NO2-A-6-a,14,C2H5Br2NO3S,"1,6,7,8,16,35",0,99,5,104,NO2-A-6-a,Substitution
6223,6224,ts_230_1_NO2-A-6-d,14,C2H5Br2NO3S,"1,6,7,8,16,35",0,100,5,105,NO2-A-6-d,Addition
6224,6225,ts_230_1_NO2-A-7-d,21,C7H7Br2NO3S,"1,6,7,8,16,35",0,100,5,105,NO2-A-7-d,Addition
6225,6226,ts_230_1_NO2-A-11-b,15,C6H4Br2N2O,"1,6,7,8,35",0,100,5,105,NO2-A-11-b,Rearrangement
6226,6227,ts_230_1_NO2-B-2-e,29,C10H13BrN2O3,"1,6,7,8,35",0,97,5,102,NO2-B-2-e,Addition
6227,6228,ts_230_1_NO2-B-7-e,28,C9H13BrN2O2S,"1,6,7,8,16,35",0,100,5,105,NO2-B-7-e,Addition
6228,6229,ts_230_1_NO2-C-3-e,25,C9H11BrN2O2,"1,6,7,8,35",0,100,5,105,NO2-C-3-e,Addition
6229,6230,ts_230_1_R-A-3,19,C5H10BrClO2,"1,6,8,17,35",0,100,5,105,R-A-3,Cyclization
6230,6231,ts_230_1_R-A-4,29,C8H18ClNO,"1,6,7,8,17",0,100,5,105,R-A-4,Cyclization
6231,6232,ts_230_1_R-A-5,19,C5H10O4,"1,6,8",1,99,5,104,R-A-5,Cyclization
6232,6233,ts_230_1_R-A-8,29,C8H17NO3,"1,6,7,8",1,100,5,105,R-A-8,Cyclization
6233,6234,ts_230_1_R-B-13,23,C9H14,"1,6",1,100,5,105,R-B-13,Cyclization
6234,6235,ts_230_1_RR-A-2-b,26,C10H12O4,"1,6,8",1,99,5,104,RR-A-2-b,Rearrangement
6235,6236,ts_230_1_RR-A-6,17,C8H6Br2O,"1,6,8,35",0,100,5,105,RR-A-6,Rearrangement
6236,6237,ts_230_1_RR-A-10,28,C9H16FNO,"1,6,7,8,9",0,78,4,82,RR-A-10,Rearrangement
6237,6238,ts_230_1_S-A-3,29,C10H14BrClN2O,"1,6,7,8,17,35",0,100,5,105,S-A-3,Substitution
6238,6239,ts_230_1_S-A-17,26,C6H14N2O4,"1,6,7,8",1,99,5,104,S-A-17,Substitution
6239,6240,ts_230_1_S-B-7,20,C4H8N2O6,"1,6,7,8",1,91,5,96,S-B-7,Substitution
6240,6241,ts_230_1_S-B-8,13,C2H5NO5,"1,6,7,8",1,99,5,104,S-B-8,Substitution
6241,6242,ts_230_1_S-D-2,11,CH3Br2NO4,"1,6,7,8,35",0,96,5,101,S-D-2,Substitution
6242,6243,ts_230_1_S-D-9,19,C3H8N2O5S,"1,6,7,8,16",0,96,5,101,S-D-9,Substitution
6243,6244,ts_230_1_S-G-5,23,C3H13N3O3S,"1,6,7,8,16",0,100,5,105,S-G-5,Substitution
6244,6245,ts_230_2_R-A-6,20,C5H11NO3,"1,6,7,8",1,98,5,103,R-A-6,Cyclization
6245,6246,ts_230_2_R-B-7,19,C6H10ClNO,"1,6,7,8,17",0,100,5,105,R-B-7,Cyclization
6246,6247,ts_230_2_R-B-10,24,C8H12O4,"1,6,8",1,96,5,101,R-B-10,Cyclization
6247,6248,ts_230_2_S-A-4,21,C5H11NO4,"1,6,7,8",1,99,5,104,S-A-4,Substitution
6248,6249,ts_231_1_A-E-10,19,C5H9NO4,"1,6,7,8",1,96,5,101,A-E-10,Addition
6249,6250,ts_231_1_A-E-17,14,C3H5ClN2O3,"1,6,7,8,17",0,97,5,102,A-E-17,Addition
6250,6251,ts_231_1_NO2-A-1-d,19,C4H6N2O7,"1,6,7,8",1,92,5,97,NO2-A-1-d,Addition
6251,6252,ts_231_1_NO2-A-2-a,27,C9H10N2O6,"1,6,7,8",1,92,5,97,NO2-A-2-a,Substitution
6252,6253,ts_231_1_NO2-A-8-a,20,C3H8N2O6S,"1,6,7,8,16",0,93,5,98,NO2-A-8-a,Substitution
6253,6254,ts_231_1_NO2-B-2-d,26,C9H11FN2O3,"1,6,7,8,9",0,99,5,104,NO2-B-2-d,Addition
6254,6255,ts_231_1_NO2-B-11-b,22,C8H9N3O2,"1,6,7,8",1,96,5,101,NO2-B-11-b,Addition
6255,6256,ts_231_1_R-A-6,23,C6H13NO3,"1,6,7,8",1,97,5,102,R-A-6,Cyclization
6256,6257,ts_231_1_RR-A-6,22,C9H9NO3,"1,6,7,8",1,98,5,103,RR-A-6,Rearrangement
6257,6258,ts_231_1_RR-A-8-c,16,C4H6N2O4,"1,6,7,8",1,93,5,98,RR-A-8-c,Rearrangement
6258,6259,ts_231_1_RR-B-7-a,15,C3H7N3O2,"1,6,7,8",1,97,5,102,RR-B-7-a,Rearrangement
6259,6260,ts_231_1_S-A-21,12,C3H5Cl2FO,"1,6,8,9,17",0,96,5,101,S-A-21,Substitution
6260,6261,ts_231_1_S-B-2,21,C6H10BrClN2O,"1,6,7,8,17,35",0,91,5,96,S-B-2,Substitution
6261,6262,ts_231_1_S-C-2-aa,18,C6H5F2NO4,"1,6,7,8,9",0,96,5,101,S-C-2-aa,Substitution
6262,6263,ts_231_1_S-D-9,19,C3H10N2O3S,"1,6,7,8,16",0,98,5,103,S-D-9,Substitution
6263,6264,ts_231_1_S-G-4,24,C5H10O8S,"1,6,8,16",0,92,5,97,S-G-4,Substitution
6264,6265,ts_231_1_S-G-5,25,C3H12N4O5S,"1,6,7,8,16",0,99,5,104,S-G-5,Substitution
6265,6266,ts_231_2_A-E-19,26,C10H11NO4,"1,6,7,8",1,98,5,103,A-E-19,Addition
6266,6267,ts_231_3_R-A-7,27,C7H16N2O2,"1,6,7,8",1,100,5,105,R-A-7,Cyclization
6267,6268,ts_232_1_A-A-1,21,C4H12N2O3,"1,6,7,8",1,99,5,104,A-A-1,Addition
6268,6269,ts_232_1_A-E-2,20,C5H12BrNO,"1,6,7,8,35",0,100,5,105,A-E-2,Addition
6269,6270,ts_232_1_A-E-6,29,C8H16N2O3,"1,6,7,8",1,98,5,103,A-E-6,Addition
6270,6271,ts_232_1_A-E-14,25,C6H12ClNO4S,"1,6,7,8,16,17",0,98,5,103,A-E-14,Addition
6271,6272,ts_232_1_A-H-1,20,C5H12N2O,"1,6,7,8",1,96,5,101,A-H-1,Addition
6272,6273,ts_232_1_NO2-A-3-b,10,C3H2ClNO3,"1,6,7,8,17",0,94,5,99,NO2-A-3-b,Rearrangement
6273,6274,ts_232_1_NO2-A-9-a,21,C4H10N2O5,"1,6,7,8",1,98,5,103,NO2-A-9-a,Substitution
6274,6275,ts_232_1_NO2-A-9-b,13,C2H3N3O5,"1,6,7,8",1,97,5,102,NO2-A-9-b,Rearrangement
6275,6276,ts_232_1_NO2-A-9-e,19,C2H8N4O5,"1,6,7,8",1,98,5,103,NO2-A-9-e,Addition
6276,6277,ts_232_1_NO2-B-11-d,24,C8H9N3O4,"1,6,7,8",1,96,5,101,NO2-B-11-d,Addition
6277,6278,ts_232_1_R-A-1,18,C5H9ClO3,"1,6,8,17",0,96,5,101,R-A-1,Cyclization
6278,6279,ts_232_1_R-B-15-a,19,C5H10ClNO2,"1,6,7,8,17",0,99,5,104,R-B-15-a,Rearrangement
6279,6280,ts_232_1_RR-A-13-a,30,C11H14N2O3,"1,6,7,8",1,97,5,102,RR-A-13-a,Rearrangement
6280,6281,ts_232_1_RR-B-6-b,15,C3H8N2O2,"1,6,7,8",1,100,5,105,RR-B-6-b,Rearrangement
6281,6282,ts_232_1_S-A-5,16,C4H7Cl3O2,"1,6,8,17",0,99,5,104,S-A-5,Substitution
6282,6283,ts_232_1_S-A-7,18,C4H8BrCl2NO2,"1,6,7,8,17,35",0,98,5,103,S-A-7,Substitution
6283,6284,ts_232_1_S-A-8,20,C5H9Cl3O3,"1,6,8,17",0,99,5,104,S-A-8,Substitution
6284,6285,ts_232_1_S-A-21,12,C3H5BrClFO,"1,6,8,9,17,35",0,96,5,101,S-A-21,Substitution
6285,6286,ts_232_2_NO2-A-6-a,20,C4H11NO3S,"1,6,7,8,16",0,98,5,103,NO2-A-6-a,Substitution
6286,6287,ts_233_1_A-D-2,26,C8H13ClO4,"1,6,8,17",0,96,5,101,A-D-2,Addition
6287,6288,ts_233_1_NO2-A-3-d,13,C3H4ClNO4,"1,6,7,8,17",0,96,5,101,NO2-A-3-d,Addition
6288,6289,ts_233_1_NO2-A-8-b,14,C3H4ClNO4S,"1,6,7,8,16,17",0,98,5,103,NO2-A-8-b,Rearrangement
6289,6290,ts_233_1_NO2-B-2-e,30,C11H13N3O3,"1,6,7,8",1,89,5,94,NO2-B-2-e,Addition
6290,6291,ts_233_1_R-A-7,24,C6H12N2O4,"1,6,7,8",1,93,5,98,R-A-7,Cyclization
6291,6292,ts_233_1_RR-A-2-a,23,C9H7NO6,"1,6,7,8",1,95,5,100,RR-A-2-a,Rearrangement
6292,6293,ts_233_1_RR-A-10,33,C10H20N2O,"1,6,7,8",1,99,5,104,RR-A-10,Rearrangement
6293,6294,ts_233_1_S-A-6,25,C6H14N2O3,"1,6,7,8",1,78,4,82,S-A-6,Substitution
6294,6295,ts_233_1_S-A-10,26,C6H15ClN2O2,"1,6,7,8,17",0,100,5,105,S-A-10,Substitution
6295,6296,ts_233_1_S-A-12,25,C7H12ClNO4,"1,6,7,8,17",0,92,5,97,S-A-12,Substitution
6296,6297,ts_233_1_S-A-14,15,C3H7Cl2NOS,"1,6,7,8,16,17",0,96,5,101,S-A-14,Substitution
6297,6298,ts_233_1_S-C-2-ab,24,C8H9N3O4,"1,6,7,8",1,90,5,95,S-C-2-ab,Substitution
6298,6299,ts_233_1_S-D-2,17,C3H8ClNO4,"1,6,7,8,17",0,93,5,98,S-D-2,Substitution
6299,6300,ts_233_1_S-G-2,22,C5H9ClO6S,"1,6,8,16,17",0,98,5,103,S-G-2,Substitution
6300,6301,ts_233_1_S-G-4,26,C6H12O7S,"1,6,8,16",0,97,5,102,S-G-4,Substitution
6301,6302,ts_233_2_NO2-A-8-a,18,C3H8ClNO4S,"1,6,7,8,16,17",0,99,5,104,NO2-A-8-a,Substitution
6302,6303,ts_234_1_NO2-C-3-e,27,C10H12N2O3,"1,6,7,8",1,94,5,99,NO2-C-3-e,Addition
6303,6304,ts_234_1_R-A-7,25,C7H13NO4,"1,6,7,8",1,97,5,102,R-A-7,Cyclization
6304,6305,ts_234_1_RR-B-1-b,13,C4H5ClO3,"1,6,8,17",0,98,5,103,RR-B-1-b,Rearrangement
6305,6306,ts_234_1_RR-B-4-b,17,C4H7N3O3,"1,6,7,8",1,90,5,95,RR-B-4-b,Rearrangement
6306,6307,ts_234_1_RR-B-6-a,17,C5H7NO4,"1,6,7,8",1,98,5,103,RR-B-6-a,Rearrangement
6307,6308,ts_234_1_S-A-5,16,C4H7Cl2FO2,"1,6,8,9,17",0,100,5,105,S-A-5,Substitution
6308,6309,ts_234_1_S-A-10,24,C6H13ClFNO2,"1,6,7,8,9,17",0,99,5,104,S-A-10,Substitution
6309,6310,ts_234_1_S-A-12,23,C7H10ClFO4,"1,6,8,9,17",0,95,5,100,S-A-12,Substitution
6310,6311,ts_234_1_S-A-15,32,C12H15NO4,"1,6,7,8",1,97,5,102,S-A-15,Substitution
6311,6312,ts_234_1_S-A-16,27,C10H11ClO4S,"1,6,8,16,17",0,96,5,101,S-A-16,Substitution
6312,6313,ts_234_1_S-A-24,35,C11H20ClNO2,"1,6,7,8,17",0,99,5,104,S-A-24,Substitution
6313,6314,ts_234_1_S-A-26,17,C4H9ClFNO,"1,6,7,8,9,17",0,96,5,101,S-A-26,Substitution
6314,6315,ts_234_2_S-B-8,19,C4H8N2O5,"1,6,7,8",1,99,5,104,S-B-8,Substitution
6315,6316,ts_235_1_A-A-1,18,C3H10N2O3,"1,6,7,8",1,100,5,105,A-A-1,Addition
6316,6317,ts_235_1_A-E-8,20,C6H10O4,"1,6,8",1,94,5,99,A-E-8,Addition
6317,6318,ts_235_1_NO2-A-1-b,16,C4H6ClNO4,"1,6,7,8,17",0,96,5,101,NO2-A-1-b,Rearrangement
6318,6319,ts_235_1_NO2-A-1-d,19,C4H8ClNO5,"1,6,7,8,17",0,98,5,103,NO2-A-1-d,Addition
6319,6320,ts_235_1_NO2-A-3-d,15,C3H6ClNO4,"1,6,7,8,17",0,98,5,103,NO2-A-3-d,Addition
6320,6321,ts_235_1_NO2-A-6-a,19,C3H10N2O3S,"1,6,7,8,16",0,100,5,105,NO2-A-6-a,Substitution
6321,6322,ts_235_1_NO2-A-6-b,15,C3H6ClNO3S,"1,6,7,8,16,17",0,100,5,105,NO2-A-6-b,Rearrangement
6322,6323,ts_235_1_R-A-1,13,C3H6ClFO2,"1,6,8,9,17",0,100,5,105,R-A-1,Cyclization
6323,6324,ts_235_1_R-A-5,18,C4H9NO4,"1,6,7,8",1,99,5,104,R-A-5,Cyclization
6324,6325,ts_235_1_RR-A-10,30,C10H17NO2,"1,6,7,8",1,99,5,104,RR-A-10,Rearrangement
6325,6326,ts_235_1_RR-A-13-b,30,C12H15NO2,"1,6,7,8",1,97,5,102,RR-A-13-b,Rearrangement
6326,6327,ts_235_1_RR-B-7-b,19,C4H10N2O3,"1,6,7,8",1,99,5,104,RR-B-7-b,Rearrangement
6327,6328,ts_235_1_S-A-2,26,C10H11Cl2NO2,"1,6,7,8,17",0,96,5,101,S-A-2,Substitution
6328,6329,ts_235_1_S-A-7,14,C3H5Cl3O3,"1,6,8,17",0,97,5,102,S-A-7,Substitution
6329,6330,ts_235_2_A-E-14,21,C5H9ClO5S,"1,6,8,16,17",0,98,5,103,A-E-14,Addition
6330,6331,ts_235_2_R-B-3,18,C7H8ClNO,"1,6,7,8,17",0,96,5,101,R-B-3,Cyclization
6331,6332,ts_235_2_S-A-4,20,C5H9NO5,"1,6,7,8",1,97,5,102,S-A-4,Substitution
6332,6333,ts_236_1_A-E-24,18,C5H8BrClO2S,"1,6,8,16,17,35",0,99,5,104,A-E-24,Addition
6333,6334,ts_236_1_NO2-A-8-b,16,C3H6ClNO4S,"1,6,7,8,16,17",0,99,5,104,NO2-A-8-b,Rearrangement
6334,6335,ts_236_1_NO2-A-11-a,23,C7H10N2O4,"1,6,7,8",1,100,5,105,NO2-A-11-a,Substitution
6335,6336,ts_236_1_R-A-1,13,C3H6ClFO2,"1,6,8,9,17",0,100,5,105,R-A-1,Cyclization
6336,6337,ts_236_1_R-A-8,29,C7H16N2O4,"1,6,7,8",1,99,5,104,R-A-8,Cyclization
6337,6338,ts_236_1_S-A-3,24,C9H10Br2ClNO,"1,6,7,8,17,35",0,100,5,105,S-A-3,Substitution
6338,6339,ts_236_1_S-A-16,27,C10H11ClO4S,"1,6,8,16,17",0,97,5,102,S-A-16,Substitution
6339,6340,ts_236_1_S-B-5-a,16,C5H7FO3,"1,6,8,9",0,97,5,102,S-B-5-a,Rearrangement
6340,6341,ts_236_1_S-D-10,21,C4H9NO6S,"1,6,7,8,16",0,94,5,99,S-D-10,Substitution
6341,6342,ts_236_2_NO2-A-8-a,23,C4H12N2O4S,"1,6,7,8,16",0,97,5,102,NO2-A-8-a,Substitution
6342,6343,ts_236_2_R-B-2,17,C7H8O2,"1,6,8",1,99,5,104,R-B-2,Cyclization
6343,6344,ts_237_1_A-E-2,18,C5H9ClO3,"1,6,8,17",0,99,5,104,A-E-2,Addition
6344,6345,ts_237_1_A-E-16,20,C5H8ClNO4S,"1,6,7,8,16,17",0,97,5,102,A-E-16,Addition
6345,6346,ts_237_1_NO2-A-1-d,19,C4H8FNO5,"1,6,7,8,9",0,99,5,104,NO2-A-1-d,Addition
6346,6347,ts_237_1_NO2-A-6-d,19,C3H10N2O3S,"1,6,7,8,16",0,100,5,105,NO2-A-6-d,Addition
6347,6348,ts_237_1_NO2-A-11-a,27,C9H12N2O4,"1,6,7,8",1,97,5,102,NO2-A-11-a,Substitution
6348,6349,ts_237_1_NO2-B-3-e,19,C6H8N2O3,"1,6,7,8",1,93,5,98,NO2-B-3-e,Addition
6349,6350,ts_237_1_NO2-B-7-d,30,C10H15NO3S,"1,6,7,8,16",0,99,5,104,NO2-B-7-d,Addition
6350,6351,ts_237_1_R-A-3,20,C5H11BrClNO,"1,6,7,8,17,35",0,100,5,105,R-A-3,Cyclization
6351,6352,ts_237_1_RR-A-1,14,C4H7FO2,"1,6,8,9",0,100,5,105,RR-A-1,Rearrangement
6352,6353,ts_237_1_RR-A-2-a,23,C10H9ClO3,"1,6,8,17",0,93,5,98,RR-A-2-a,Rearrangement
6353,6354,ts_237_1_RR-A-2-b,27,C11H12O4,"1,6,8",1,95,5,100,RR-A-2-b,Rearrangement
6354,6355,ts_237_1_RR-A-13-b,29,C13H13NO2,"1,6,7,8",1,91,5,96,RR-A-13-b,Rearrangement
6355,6356,ts_237_1_RR-A-13-c,29,C13H13NO2,"1,6,7,8",1,90,5,95,RR-A-13-c,Rearrangement
6356,6357,ts_237_1_RR-B-6-b,15,C4H7NO3,"1,6,7,8",1,98,5,103,RR-B-6-b,Rearrangement
6357,6358,ts_237_1_S-A-11,21,C5H10FNO4,"1,6,7,8,9",0,95,5,100,S-A-11,Substitution
6358,6359,ts_237_1_S-A-14,16,C4H6Cl2O3S,"1,6,8,16,17",0,94,5,99,S-A-14,Substitution
6359,6360,ts_237_1_S-A-15,35,C13H17NO4,"1,6,7,8",1,77,3,80,S-A-15,Substitution
6360,6361,ts_237_1_S-A-21,14,C4H6ClFO2,"1,6,8,9,17",0,92,5,97,S-A-21,Substitution
6361,6362,ts_237_1_S-B-5-a,16,C5H7FO3,"1,6,8,9",0,98,5,103,S-B-5-a,Rearrangement
6362,6363,ts_237_1_S-C-2-aa,25,C9H9NO6,"1,6,7,8",1,91,5,96,S-C-2-aa,Substitution
6363,6364,ts_237_2_NO2-A-6-a,21,C4H11NO4S,"1,6,7,8,16",0,100,5,105,NO2-A-6-a,Substitution
6364,6365,ts_237_2_NO2-A-8-a,22,C4H11NO5S,"1,6,7,8,16",0,97,5,102,NO2-A-8-a,Substitution
6365,6366,ts_238_1_A-E-8,21,C6H11NO3,"1,6,7,8",1,97,5,102,A-E-8,Addition
6366,6367,ts_238_1_A-I-6,47,C22H20N2O2S,"1,6,7,8,16",0,78,3,81,A-I-6,Addition
6367,6368,ts_238_1_E-2-a,11,C3H4N2O2,"1,6,7,8",1,94,5,99,E-2-a,Addition
6368,6369,ts_238_1_NO2-A-1-a,23,C6H11NO5,"1,6,7,8",1,91,5,96,NO2-A-1-a,Substitution
6369,6370,ts_238_1_NO2-A-6-d,19,C3H10N2O3S,"1,6,7,8,16",0,100,5,105,NO2-A-6-d,Addition
6370,6371,ts_238_1_NO2-A-8-b,16,C3H6FNO4S,"1,6,7,8,9,16",0,97,5,102,NO2-A-8-b,Rearrangement
6371,6372,ts_238_1_NO2-B-12-d,14,C5H4N4O,"1,6,7,8",1,79,5,84,NO2-B-12-d,Addition
6372,6373,ts_238_1_NO2-B-12-e,19,C5H7N3O4,"1,6,7,8",1,87,5,92,NO2-B-12-e,Addition
6373,6374,ts_238_1_R-B-3,13,C5H5ClFN,"1,6,7,9,17",0,96,5,101,R-B-3,Cyclization
6374,6375,ts_238_1_R-B-11,32,C10H18BrNO2,"1,6,7,8,35",0,98,5,103,R-B-11,Cyclization
6375,6376,ts_238_1_RR-A-8-c,16,C4H8FNO2,"1,6,7,8,9",0,100,5,105,RR-A-8-c,Rearrangement
6376,6377,ts_238_1_S-A-6,23,C6H11NO5,"1,6,7,8",1,97,5,102,S-A-6,Substitution
6377,6378,ts_238_1_S-A-8,21,C6H9Cl2NO3,"1,6,7,8,17",0,94,5,99,S-A-8,Substitution
6378,6379,ts_238_1_S-C-3,25,C8H10N2O5,"1,6,7,8",1,91,5,96,S-C-3,Substitution
6379,6380,ts_238_1_S-D-11,24,C5H11NO6S,"1,6,7,8,16",0,98,5,103,S-D-11,Substitution
6380,6381,ts_238_2_A-E-16,20,C5H10ClNO2S,"1,6,7,8,16,17",0,97,5,102,A-E-16,Addition
6381,6382,ts_238_2_A-E-24,20,C5H10BrNO2S,"1,6,7,8,16,35",0,97,5,102,A-E-24,Addition
6382,6383,ts_238_2_S-A-4,19,C5H7NO6,"1,6,7,8",1,95,5,100,S-A-4,Substitution
6383,6384,ts_239_1_A-E-14,21,C6H8ClNO4S,"1,6,7,8,16,17",0,88,5,93,A-E-14,Addition
6384,6385,ts_239_1_A-I-6,44,C21H19BrN2S,"1,6,7,16,35",0,80,3,83,A-I-6,Addition
6385,6386,ts_239_1_NO2-A-3-e,18,C4H6N2O6,"1,6,7,8",1,95,5,100,NO2-A-3-e,Addition
6386,6387,ts_239_1_NO2-A-6-d,22,C4H12N2O3S,"1,6,7,8,16",0,100,5,105,NO2-A-6-d,Addition
6387,6388,ts_239_1_RR-A-18,30,C12H13NO4,"1,6,7,8",1,99,5,104,RR-A-18,Rearrangement
6388,6389,ts_239_1_RR-B-7-b,19,C4H8N2O5,"1,6,7,8",1,93,5,98,RR-B-7-b,Rearrangement
6389,6390,ts_239_1_RR-B-8-b,23,C8H10BrNO3,"1,6,7,8,35",0,99,5,104,RR-B-8-b,Rearrangement
6390,6391,ts_239_1_S-A-7,15,C4H5Cl2NO3,"1,6,7,8,17",0,95,5,100,S-A-7,Substitution
6391,6392,ts_239_1_S-A-26,17,C5H8ClFO2,"1,6,8,9,17",0,98,5,103,S-A-26,Substitution
6392,6393,ts_239_4_R-A-7,24,C6H14N2O2,"1,6,7,8",1,100,5,105,R-A-7,Cyclization
6393,6394,ts_240_1_A-E-6,29,C8H16N2O3,"1,6,7,8",1,97,5,102,A-E-6,Addition
6394,6395,ts_240_1_E-2-a,12,C2H6N2O2,"1,6,7,8",1,100,5,105,E-2-a,Addition
6395,6396,ts_240_1_NO2-A-1-a,21,C5H11NO4,"1,6,7,8",1,98,5,103,NO2-A-1-a,Substitution
6396,6397,ts_240_1_NO2-A-8-b,16,C3H6BrNO4S,"1,6,7,8,16,35",0,100,5,105,NO2-A-8-b,Rearrangement
6397,6398,ts_240_1_NO2-C-3-e,25,C10H10ClNO3,"1,6,7,8,17",0,96,5,101,NO2-C-3-e,Addition
6398,6399,ts_240_1_NO2-C-8-e,29,C10H12ClNO4S,"1,6,7,8,16,17",0,95,5,100,NO2-C-8-e,Addition
6399,6400,ts_240_1_R-A-1,13,C3H6BrClO2,"1,6,8,17,35",0,100,5,105,R-A-1,Cyclization
6400,6401,ts_240_1_R-B-5,17,C5H8BrFN2,"1,6,7,9,35",0,100,5,105,R-B-5,Cyclization
6401,6402,ts_240_1_RR-A-8-c,16,C4H8BrNO2,"1,6,7,8,35",0,100,5,105,RR-A-8-c,Rearrangement
6402,6403,ts_240_1_RR-A-10,30,C10H15NO4,"1,6,7,8",1,93,5,98,RR-A-10,Rearrangement
6403,6404,ts_240_1_RR-B-1-b,15,C4H7BrO3,"1,6,8,35",0,98,5,103,RR-B-1-b,Rearrangement
6404,6405,ts_240_1_RR-B-4-b,20,C6H7N3O4,"1,6,7,8",1,88,5,93,RR-B-4-b,Rearrangement
6405,6406,ts_240_1_S-B-3-a,11,C2H4N2O3,"1,6,7,8",1,99,5,104,S-B-3-a,Rearrangement
6406,6407,ts_240_1_S-B-5-a,17,C6H7NO3,"1,6,7,8",1,84,5,89,S-B-5-a,Rearrangement
6407,6408,ts_240_2_R-B-3,15,C5H6N2O2,"1,6,7,8",1,94,5,99,R-B-3,Cyclization
6408,6409,ts_240_2_S-A-4,21,C6H9NO5,"1,6,7,8",1,92,5,97,S-A-4,Substitution
6409,6410,ts_240_2_S-B-8,17,C4H5NO7,"1,6,7,8",1,96,5,101,S-B-8,Substitution
6410,6411,ts_240_2_S-D-9,20,C4H11NO3S,"1,6,7,8,16",0,97,5,102,S-D-9,Substitution
6411,6412,ts_241_1_A-I-6,44,C21H19BrN2S,"1,6,7,16,35",0,80,3,83,A-I-6,Addition
6412,6413,ts_241_1_NO2-A-5-a,23,C5H12N2O4,"1,6,7,8",1,96,5,101,NO2-A-5-a,Substitution
6413,6414,ts_241_1_NO2-A-9-e,17,C3H7ClN2O4,"1,6,7,8,17",0,99,5,104,NO2-A-9-e,Addition
6414,6415,ts_241_1_NO2-B-8-e,22,C5H10N2O4S,"1,6,7,8,16",0,96,5,101,NO2-B-8-e,Addition
6415,6416,ts_241_1_R-A-6,24,C5H13N3O3,"1,6,7,8",1,100,5,105,R-A-6,Cyclization
6416,6417,ts_241_1_RR-A-10,28,C10H15ClO2,"1,6,8,17",0,98,5,103,RR-A-10,Rearrangement
6417,6418,ts_241_1_S-A-21,17,C4H9ClFNO,"1,6,7,8,9,17",0,92,5,97,S-A-21,Substitution
6418,6419,ts_241_1_S-G-2,20,C4H9ClO5S,"1,6,8,16,17",0,96,5,101,S-G-2,Substitution
6419,6420,ts_241_2_R-B-4,15,C5H8ClN,"1,6,7,17",0,100,5,105,R-B-4,Cyclization
6420,6421,ts_241_2_R-B-5,17,C5H8Br2N2,"1,6,7,35",0,100,5,105,R-B-5,Cyclization
6421,6422,ts_241_2_S-A-15,35,C12H18N2O3,"1,6,7,8",1,76,3,79,S-A-15,Substitution
6422,6423,ts_242_1_A-A-1,17,C3H9NO4,"1,6,7,8",1,100,5,105,A-A-1,Addition
6423,6424,ts_242_1_NO2-A-3-d,17,C3H8N2O4,"1,6,7,8",1,99,5,104,NO2-A-3-d,Addition
6424,6425,ts_242_1_NO2-A-6-a,20,C4H9NO5S,"1,6,7,8,16",0,97,5,102,NO2-A-6-a,Substitution
6425,6426,ts_242_1_RR-A-6,25,C10H13NO,"1,6,7,8",1,100,5,105,RR-A-6,Rearrangement
6426,6427,ts_242_1_RR-A-13-a,28,C12H13ClO2,"1,6,8,17",0,99,5,104,RR-A-13-a,Rearrangement
6427,6428,ts_242_1_S-A-9,29,C7H17ClN2O2,"1,6,7,8,17",0,97,5,102,S-A-9,Substitution
6428,6429,ts_242_1_S-A-11,22,C6H10N2O4,"1,6,7,8",1,91,5,96,S-A-11,Substitution
6429,6430,ts_242_1_S-A-15,35,C12H18N2O3,"1,6,7,8",1,75,3,78,S-A-15,Substitution
6430,6431,ts_242_1_S-A-18,19,C5H9Cl2NO2,"1,6,7,8,17",0,97,5,102,S-A-18,Substitution
6431,6432,ts_242_1_S-B-8,18,C4H6N2O6,"1,6,7,8",1,95,5,100,S-B-8,Substitution
6432,6433,ts_242_1_S-G-4,21,C4H10O6S,"1,6,8,16",0,97,5,102,S-G-4,Substitution
6433,6434,ts_242_2_S-D-9,17,C3H8ClNO3S,"1,6,7,8,16,17",0,99,5,104,S-D-9,Substitution
6434,6435,ts_243_1_A-D-2,24,C7H11BrO5,"1,6,8,35",0,96,5,101,A-D-2,Addition
6435,6436,ts_243_1_A-I-6,45,C21H20N2OS,"1,6,7,8,16",0,80,3,83,A-I-6,Addition
6436,6437,ts_243_1_NO2-A-6-b,17,C3H8N2O3S,"1,6,7,8,16",0,96,5,101,NO2-A-6-b,Rearrangement
6437,6438,ts_243_1_NO2-B-12-e,17,C5H7BrN2O2,"1,6,7,8,35",0,92,5,97,NO2-B-12-e,Addition
6438,6439,ts_243_1_R-A-1,18,C4H10ClNO2,"1,6,7,8,17",0,100,5,105,R-A-1,Cyclization
6439,6440,ts_243_1_R-A-8,30,C8H16N2O4,"1,6,7,8",1,96,5,101,R-A-8,Cyclization
6440,6441,ts_243_1_R-B-2,14,C6H7Cl,"1,6,17",0,100,5,105,R-B-2,Cyclization
6441,6442,ts_243_1_R-B-14,26,C8H13ClO4,"1,6,8,17",0,100,5,105,R-B-14,Cyclization
6442,6443,ts_243_1_RR-A-13-b,23,C10H11BrO,"1,6,8,35",0,100,5,105,RR-A-13-b,Rearrangement
6443,6444,ts_243_1_RR-B-1-b,17,C4H9NO3,"1,6,7,8",1,98,5,103,RR-B-1-b,Rearrangement
6444,6445,ts_243_1_S-A-3,31,C10H16BrN3O,"1,6,7,8,35",0,99,5,104,S-A-3,Substitution
6445,6446,ts_243_1_S-A-8,27,C6H15ClN2O3,"1,6,7,8,17",0,95,5,100,S-A-8,Substitution
6446,6447,ts_243_1_S-D-9,17,C3H8BrNO3S,"1,6,7,8,16,35",0,98,5,103,S-D-9,Substitution
6447,6448,ts_243_1_S-G-5,24,C4H14N2O3S,"1,6,7,8,16",0,100,5,105,S-G-5,Substitution
6448,6449,ts_244_1_A-E-16,18,C5H8BrClO2S,"1,6,8,16,17,35",0,97,5,102,A-E-16,Addition
6449,6450,ts_244_1_A-E-24,18,C5H8Br2O2S,"1,6,8,16,35",0,100,5,105,A-E-24,Addition
6450,6451,ts_244_1_NO2-A-1-d,21,C4H10N2O5,"1,6,7,8",1,96,5,101,NO2-A-1-d,Addition
6451,6452,ts_244_1_NO2-A-6-d,17,C3H8FNO3S,"1,6,7,8,9,16",0,100,5,105,NO2-A-6-d,Addition
6452,6453,ts_244_1_NO2-A-8-a,18,C2H6N2O7S,"1,6,7,8,16",0,97,5,102,NO2-A-8-a,Substitution
6453,6454,ts_244_1_NO2-B-2-d,26,C9H9FN2O5,"1,6,7,8,9",0,98,5,103,NO2-B-2-d,Addition
6454,6455,ts_244_1_R-A-3,22,C5H11ClN2O3,"1,6,7,8,17",0,98,5,103,R-A-3,Cyclization
6455,6456,ts_244_1_R-B-10,21,C6H12O3,"1,6,8",1,100,5,105,R-B-10,Cyclization
6456,6457,ts_244_1_RR-A-1,16,C4H9NO2,"1,6,7,8",1,100,5,105,RR-A-1,Rearrangement
6457,6458,ts_244_1_RR-A-3-a,31,C16H11NO3,"1,6,7,8",1,67,3,70,RR-A-3-a,Rearrangement
6458,6459,ts_244_1_RR-A-13-a,28,C12H13BrO2,"1,6,8,35",0,98,5,103,RR-A-13-a,Rearrangement
6459,6460,ts_244_1_RR-B-8-a,27,C9H13ClN2O2,"1,6,7,8,17",0,99,5,104,RR-B-8-a,Rearrangement
6460,6461,ts_244_1_S-A-10,30,C7H18N2O3,"1,6,7,8",1,99,5,104,S-A-10,Substitution
6461,6462,ts_244_1_S-B-2,24,C6H12BrN3O2,"1,6,7,8,35",0,94,5,99,S-B-2,Substitution
6462,6463,ts_244_2_A-E-8,19,C6H9BrO3,"1,6,8,35",0,96,5,101,A-E-8,Addition
6463,6464,ts_244_3_S-B-8,18,C4H8N2O4,"1,6,7,8",1,96,5,101,S-B-8,Substitution
6464,6465,ts_245_1_A-E-6,27,C8H13NO5,"1,6,7,8",1,94,5,99,A-E-6,Addition
6465,6466,ts_245_1_NO2-A-1-d,21,C4H8N2O7,"1,6,7,8",1,97,5,102,NO2-A-1-d,Addition
6466,6467,ts_245_1_NO2-A-3-b,14,C3H4N2O5,"1,6,7,8",1,92,5,97,NO2-A-3-b,Rearrangement
6467,6468,ts_245_1_NO2-A-11-d,28,C9H12N2O5,"1,6,7,8",1,97,5,102,NO2-A-11-d,Addition
6468,6469,ts_245_1_NO2-B-12-e,12,C3H5ClN2O,"1,6,7,8,17",0,97,5,102,NO2-B-12-e,Addition
6469,6470,ts_245_1_R-B-15-a,18,C6H8ClNO2,"1,6,7,8,17",0,98,5,103,R-B-15-a,Rearrangement
6470,6471,ts_245_1_RR-A-1,16,C4H7NO4,"1,6,7,8",1,98,5,103,RR-A-1,Rearrangement
6471,6472,ts_245_1_RR-A-13-a,28,C12H13BrO2,"1,6,8,35",0,96,5,101,RR-A-13-a,Rearrangement
6472,6473,ts_245_1_RR-A-13-c,28,C12H13BrO2,"1,6,8,35",0,99,5,104,RR-A-13-c,Rearrangement
6473,6474,ts_245_1_RR-B-6-b,16,C4H7NO4,"1,6,7,8",1,99,5,104,RR-B-6-b,Rearrangement
6474,6475,ts_245_1_S-A-8,26,C6H14ClNO4,"1,6,7,8,17",0,97,5,102,S-A-8,Substitution
6475,6476,ts_245_1_S-A-10,30,C7H18N2O3,"1,6,7,8",1,99,5,104,S-A-10,Substitution
6476,6477,ts_245_1_S-B-3-a,9,C2H2ClNO3,"1,6,7,8,17",0,99,5,104,S-B-3-a,Rearrangement
6477,6478,ts_245_1_S-G-2,17,C3H6ClFO5S,"1,6,8,9,16,17",0,95,5,100,S-G-2,Substitution
6478,6479,ts_245_1_S-G-5,23,C3H13N3O3S,"1,6,7,8,16",0,100,5,105,S-G-5,Substitution
6479,6480,ts_245_2_A-E-6,27,C8H13NO5,"1,6,7,8",1,92,5,97,A-E-6,Addition
6480,6481,ts_245_2_A-E-8,22,C7H10O5,"1,6,8",1,94,5,99,A-E-8,Addition
6481,6482,ts_245_2_A-E-14,23,C6H9ClO6S,"1,6,8,16,17",0,97,5,102,A-E-14,Addition
6482,6483,ts_246_1_A-E-8,19,C6H10O3,"1,6,8",1,98,5,103,A-E-8,Addition
6483,6484,ts_246_1_NO2-A-3-b,17,C4H8N2O3,"1,6,7,8",1,98,5,103,NO2-A-3-b,Rearrangement
6484,6485,ts_246_1_NO2-A-6-d,22,C5H11NO4S,"1,6,7,8,16",0,99,5,104,NO2-A-6-d,Addition
6485,6486,ts_246_1_NO2-A-11-a,28,C9H12N2O5,"1,6,7,8",1,97,5,102,NO2-A-11-a,Substitution
6486,6487,ts_246_1_NO2-A-11-d,28,C9H12N2O5,"1,6,7,8",1,95,5,100,NO2-A-11-d,Addition
6487,6488,ts_246_1_NO2-B-3-e,14,C4H6N2O2,"1,6,7,8",1,90,5,95,NO2-B-3-e,Addition
6488,6489,ts_246_1_R-A-2,12,C3H6Cl2O,"1,6,8,17",0,100,5,105,R-A-2,Cyclization
6489,6490,ts_246_1_R-A-6,22,C5H10N2O5,"1,6,7,8",1,97,5,102,R-A-6,Cyclization
6490,6491,ts_246_1_R-A-8,31,C8H16N2O5,"1,6,7,8",1,96,5,101,R-A-8,Cyclization
6491,6492,ts_246_1_RR-A-2-a,27,C11H12O4,"1,6,8",1,95,5,100,RR-A-2-a,Rearrangement
6492,6493,ts_246_1_RR-A-2-b,28,C11H12O5,"1,6,8",1,100,5,105,RR-A-2-b,Rearrangement
6493,6494,ts_246_1_RR-A-12,48,C22H22N2O2,"1,6,7,8",1,78,3,81,RR-A-12,Rearrangement
6494,6495,ts_246_1_RR-B-8-a,27,C10H12ClNO3,"1,6,7,8,17",0,100,5,105,RR-B-8-a,Rearrangement
6495,6496,ts_246_1_RR-B-8-b,25,C8H10N2O5,"1,6,7,8",1,96,5,101,RR-B-8-b,Rearrangement
6496,6497,ts_246_1_S-A-2,29,C10H13ClN2O3,"1,6,7,8,17",0,92,5,97,S-A-2,Substitution
6497,6498,ts_246_1_S-D-10,18,C3H8FNO4S,"1,6,7,8,9,16",0,96,5,101,S-D-10,Substitution
6498,6499,ts_246_2_NO2-A-6-a,15,C2H6BrNO4S,"1,6,7,8,16,35",0,100,5,105,NO2-A-6-a,Substitution
6499,6500,ts_246_2_S-B-8,16,C4H6FNO4,"1,6,7,8,9",0,96,5,101,S-B-8,Substitution
6500,6501,ts_247_1_A-E-24,18,C5H8BrFO2S,"1,6,8,9,16,35",0,100,5,105,A-E-24,Addition
6501,6502,ts_247_1_E-2-b,16,C4H7NO4,"1,6,7,8",1,98,5,103,E-2-b,Addition
6502,6503,ts_247_1_NO2-B-8-e,26,C5H14N2O4S,"1,6,7,8,16",0,100,5,105,NO2-B-8-e,Addition
6503,6504,ts_247_1_NO2-C-8-e,29,C10H12FNO4S,"1,6,7,8,9,16",0,98,5,103,NO2-C-8-e,Addition
6504,6505,ts_247_1_R-A-3,25,C6H15ClN2O,"1,6,7,8,17",0,100,5,105,R-A-3,Cyclization
6505,6506,ts_247_1_RR-A-12,48,C22H22N2O2,"1,6,7,8",1,79,3,82,RR-A-12,Rearrangement
6506,6507,ts_247_1_RR-B-7-a,14,C2H5ClN2O4,"1,6,7,8,17",0,97,5,102,RR-B-7-a,Rearrangement
6507,6508,ts_247_1_S-A-8,25,C6H12ClNO5,"1,6,7,8,17",0,93,5,98,S-A-8,Substitution
6508,6509,ts_247_1_S-A-10,29,C7H16N2O4,"1,6,7,8",1,97,5,102,S-A-10,Substitution
6509,6510,ts_247_1_S-A-14,18,C4H8ClNO3S,"1,6,7,8,16,17",0,98,5,103,S-A-14,Substitution
6510,6511,ts_247_2_NO2-A-3-a,16,C3H7FN2O3,"1,6,7,8,9",0,96,5,101,NO2-A-3-a,Substitution
6511,6512,ts_247_2_NO2-A-6-a,20,C3H10N2O4S,"1,6,7,8,16",0,100,5,105,NO2-A-6-a,Substitution
6512,6513,ts_247_2_R-A-5,18,C4H8FNO4,"1,6,7,8,9",0,96,5,101,R-A-5,Cyclization
6513,6514,ts_247_3_R-B-7,21,C7H9NO4,"1,6,7,8",1,95,5,100,R-B-7,Cyclization
6514,6515,ts_248_1_A-E-14,21,C5H9ClO5S,"1,6,8,16,17",0,97,5,102,A-E-14,Addition
6515,6516,ts_248_1_A-H-1,15,C3H8N2O2,"1,6,7,8",1,99,5,104,A-H-1,Addition
6516,6517,ts_248_1_NO2-A-3-d,19,C4H9NO5,"1,6,7,8",1,97,5,102,NO2-A-3-d,Addition
6517,6518,ts_248_1_NO2-B-12-d,18,C5H8N2O3,"1,6,7,8",1,93,5,98,NO2-B-12-d,Addition
6518,6519,ts_248_1_R-B-15-a,19,C6H9ClO3,"1,6,8,17",0,97,5,102,R-B-15-a,Rearrangement
6519,6520,ts_248_1_RR-A-1,19,C5H11NO2,"1,6,7,8",1,100,5,105,RR-A-1,Rearrangement
6520,6521,ts_248_1_RR-A-3-a,27,C14H9FO3,"1,6,8,9",0,91,5,96,RR-A-3-a,Rearrangement
6521,6522,ts_248_1_RR-A-13-b,28,C12H13FO2,"1,6,8,9",0,100,5,105,RR-A-13-b,Rearrangement
6522,6523,ts_248_1_RR-B-6-a,17,C4H8N2O3,"1,6,7,8",1,97,5,102,RR-B-6-a,Rearrangement
6523,6524,ts_248_1_RR-B-6-b,17,C5H7NO4,"1,6,7,8",1,97,5,102,RR-B-6-b,Rearrangement
6524,6525,ts_248_1_RR-B-8-a,28,C10H12ClNO4,"1,6,7,8,17",0,98,5,103,RR-B-8-a,Rearrangement
6525,6526,ts_248_1_RR-B-8-b,28,C9H14N2O3,"1,6,7,8",1,100,5,105,RR-B-8-b,Rearrangement
6526,6527,ts_248_1_S-B-8,20,C5H9NO5,"1,6,7,8",1,92,5,97,S-B-8,Substitution
6527,6528,ts_248_1_S-C-2-ab,24,C8H11NO4,"1,6,7,8",1,99,5,104,S-C-2-ab,Substitution
6528,6529,ts_248_2_R-B-7,16,C5H6BrNO3,"1,6,7,8,35",0,97,5,102,R-B-7,Cyclization
6529,6530,ts_248_2_R-B-10,24,C7H14O3,"1,6,8",1,100,5,105,R-B-10,Cyclization
6530,6531,ts_249_1_A-E-6,24,C7H12ClNO3,"1,6,7,8,17",0,98,5,103,A-E-6,Addition
6531,6532,ts_249_1_A-E-14,20,C5H8Cl2O4S,"1,6,8,16,17",0,97,5,102,A-E-14,Addition
6532,6533,ts_249_1_A-E-16,18,C5H8Cl2O2S,"1,6,8,16,17",0,99,5,104,A-E-16,Addition
6533,6534,ts_249_1_A-H-1,17,C4H9NO3,"1,6,7,8",1,97,5,102,A-H-1,Addition
6534,6535,ts_249_1_A-I-6,49,C22H23N3S,"1,6,7,16",0,80,3,83,A-I-6,Addition
6535,6536,ts_249_1_NO2-A-1-e,20,C5H8FNO5,"1,6,7,8,9",0,99,5,104,NO2-A-1-e,Addition
6536,6537,ts_249_1_NO2-A-6-a,19,C3H9NO5S,"1,6,7,8,16",0,100,5,105,NO2-A-6-a,Substitution
6537,6538,ts_249_1_NO2-A-9-b,17,C3H8N2O4,"1,6,7,8",1,97,5,102,NO2-A-9-b,Rearrangement
6538,6539,ts_249_1_NO2-B-3-d,20,C5H10N2O3,"1,6,7,8",1,96,5,101,NO2-B-3-d,Addition
6539,6540,ts_249_1_NO2-B-12-d,17,C5H7BrN2O2,"1,6,7,8,35",0,93,5,98,NO2-B-12-d,Addition
6540,6541,ts_249_1_R-A-2,17,C5H8ClFO2,"1,6,8,9,17",0,98,5,103,R-A-2,Cyclization
6541,6542,ts_249_1_R-B-10,23,C7H12O4,"1,6,8",1,96,5,101,R-B-10,Cyclization
6542,6543,ts_249_1_RR-A-2-b,29,C12H12O5,"1,6,8",1,96,5,101,RR-A-2-b,Rearrangement
6543,6544,ts_249_1_RR-A-6,23,C10H10O3,"1,6,8",1,100,5,105,RR-A-6,Rearrangement
6544,6545,ts_249_1_RR-B-6-b,17,C5H7NO4,"1,6,7,8",1,96,5,101,RR-B-6-b,Rearrangement
6545,6546,ts_249_1_S-A-6,21,C6H10N2O3,"1,6,7,8",1,93,5,98,S-A-6,Substitution
6546,6547,ts_249_1_S-A-7,20,C4H6Cl2N2O6,"1,6,7,8,17",0,93,5,98,S-A-7,Substitution
6547,6548,ts_249_1_S-G-5,24,C4H12N2O5S,"1,6,7,8,16",0,96,5,101,S-G-5,Substitution
6548,6549,ts_249_2_A-E-8,19,C6H9ClO3,"1,6,8,17",0,97,5,102,A-E-8,Addition
6549,6550,ts_249_2_NO2-A-6-a,19,C3H9NO5S,"1,6,7,8,16",0,99,5,104,NO2-A-6-a,Substitution
6550,6551,ts_250_1_NO2-A-1-b,19,C5H8N2O4,"1,6,7,8",1,96,5,101,NO2-A-1-b,Rearrangement
6551,6552,ts_250_1_NO2-C-3-e,30,C11H14N2O3,"1,6,7,8",1,100,5,105,NO2-C-3-e,Addition
6552,6553,ts_250_1_R-A-2,22,C6H12ClNO2,"1,6,7,8,17",0,100,5,105,R-A-2,Cyclization
6553,6554,ts_250_1_R-B-7,16,C5H7NO3,"1,6,7,8",1,99,5,104,R-B-7,Cyclization
6554,6555,ts_250_1_RR-A-13-c,33,C13H17NO2,"1,6,7,8",1,100,5,105,RR-A-13-c,Rearrangement
6555,6556,ts_250_1_RR-B-6-b,17,C5H7NO4,"1,6,7,8",1,97,5,102,RR-B-6-b,Rearrangement
6556,6557,ts_250_1_S-G-1,16,C3H5BrCl2O4S,"1,6,8,16,17,35",0,96,5,101,S-G-1,Substitution
6557,6558,ts_250_2_R-B-2,18,C7H9ClO,"1,6,8,17",0,98,5,103,R-B-2,Cyclization
6558,6559,ts_251_1_A-E-16,20,C5H10ClNO2S,"1,6,7,8,16,17",0,98,5,103,A-E-16,Addition
6559,6560,ts_251_1_NO2-A-1-e,25,C6H12N2O5,"1,6,7,8",1,94,5,99,NO2-A-1-e,Addition
6560,6561,ts_251_1_NO2-A-3-b,13,C3H5FN2O2,"1,6,7,8,9",0,98,5,103,NO2-A-3-b,Rearrangement
6561,6562,ts_251_1_NO2-A-9-a,18,C3H8N4O3,"1,6,7,8",1,91,5,96,NO2-A-9-a,Substitution
6562,6563,ts_251_1_NO2-B-2-e,34,C12H16N2O4,"1,6,7,8",1,78,3,81,NO2-B-2-e,Addition
6563,6564,ts_251_1_NO2-B-8-e,24,C5H12N2O4S,"1,6,7,8,16",0,98,5,103,NO2-B-8-e,Addition
6564,6565,ts_251_1_R-A-6,24,C5H13N3O3,"1,6,7,8",1,96,5,101,R-A-6,Cyclization
6565,6566,ts_251_1_R-A-8,28,C7H15ClN2O3,"1,6,7,8,17",0,100,5,105,R-A-8,Cyclization
6566,6567,ts_251_1_R-B-14,26,C8H14O4,"1,6,8",1,99,5,104,R-B-14,Cyclization
6567,6568,ts_251_1_RR-A-1,17,C5H9NO2,"1,6,7,8",1,98,5,103,RR-A-1,Rearrangement
6568,6569,ts_251_1_RR-A-2-a,20,C9H7BrO3,"1,6,8,35",0,94,5,99,RR-A-2-a,Rearrangement
6569,6570,ts_251_1_RR-A-3-a,27,C14H9BrO3,"1,6,8,35",0,93,5,98,RR-A-3-a,Rearrangement
6570,6571,ts_251_1_RR-A-8-c,19,C5H10N2O2,"1,6,7,8",1,98,5,103,RR-A-8-c,Rearrangement
6571,6572,ts_251_1_RR-B-1-b,18,C5H9NO3,"1,6,7,8",1,97,5,102,RR-B-1-b,Rearrangement
6572,6573,ts_251_1_RR-B-7-a,12,C2H5ClFNO2,"1,6,7,8,9,17",0,100,5,105,RR-B-7-a,Rearrangement
6573,6574,ts_251_1_S-A-8,25,C6H14ClNO3,"1,6,7,8,17",0,98,5,103,S-A-8,Substitution
6574,6575,ts_251_1_S-A-9,27,C7H16ClNO2,"1,6,7,8,17",0,98,5,103,S-A-9,Substitution
6575,6576,ts_251_1_S-A-11,20,C5H10O5,"1,6,8",1,93,5,98,S-A-11,Substitution
6576,6577,ts_251_1_S-A-16,27,C10H11ClO4S,"1,6,8,16,17",0,96,5,101,S-A-16,Substitution
6577,6578,ts_251_1_S-D-10,20,C3H9NO6S,"1,6,7,8,16",0,95,5,100,S-D-10,Substitution
6578,6579,ts_251_2_A-E-2,20,C5H9NO5,"1,6,7,8",1,97,5,102,A-E-2,Addition
6579,6580,ts_252_1_A-A-1,15,C2H7NO5,"1,6,7,8",1,99,5,104,A-A-1,Addition
6580,6581,ts_252_1_NO2-A-1-a,20,C4H9NO6,"1,6,7,8",1,99,5,104,NO2-A-1-a,Substitution
6581,6582,ts_252_1_NO2-A-9-e,22,C4H11N3O4,"1,6,7,8",1,100,5,105,NO2-A-9-e,Addition
6582,6583,ts_252_1_NO2-B-7-d,29,C10H13NO4S,"1,6,7,8,16",0,97,5,102,NO2-B-7-d,Addition
6583,6584,ts_252_1_NO2-B-11-d,25,C8H12FN3O,"1,6,7,8,9",0,100,5,105,NO2-B-11-d,Addition
6584,6585,ts_252_1_R-A-3,17,C4H10ClNO,"1,6,7,8,17",0,100,5,105,R-A-3,Cyclization
6585,6586,ts_252_1_R-A-4,29,C8H16ClNO3,"1,6,7,8,17",0,99,5,104,R-A-4,Cyclization
6586,6587,ts_252_1_R-A-5,23,C5H14N2O2,"1,6,7,8",1,100,5,105,R-A-5,Cyclization
6587,6588,ts_252_1_R-B-11,36,C12H19NO4,"1,6,7,8",1,75,3,78,R-B-11,Cyclization
6588,6589,ts_252_1_R-B-15-a,19,C5H9ClO4,"1,6,8,17",0,99,5,104,R-B-15-a,Rearrangement
6589,6590,ts_252_1_RR-A-13-b,33,C13H17NO2,"1,6,7,8",1,97,5,102,RR-A-13-b,Rearrangement
6590,6591,ts_252_1_RR-A-18,33,C13H17NO2,"1,6,7,8",1,99,5,104,RR-A-18,Rearrangement
6591,6592,ts_252_1_RR-B-8-a,27,C9H11ClN2O4,"1,6,7,8,17",0,99,5,104,RR-B-8-a,Rearrangement
6592,6593,ts_252_1_S-A-12,25,C7H12ClNO4,"1,6,7,8,17",0,95,5,100,S-A-12,Substitution
6593,6594,ts_252_1_S-B-5-b,15,C3H6Br2FNO2,"1,6,7,8,9,35",0,100,5,105,S-B-5-b,Addition
6594,6595,ts_252_1_S-D-2,20,C4H9NO6,"1,6,7,8",1,94,5,99,S-D-2,Substitution
6595,6596,ts_252_1_S-G-5,23,C3H11N3O5S,"1,6,7,8,16",0,100,5,105,S-G-5,Substitution
6596,6597,ts_252_2_A-E-24,19,C6H8BrNO2S,"1,6,7,8,16,35",0,94,5,99,A-E-24,Addition
6597,6598,ts_252_2_E-2-a,11,C2H5ClN2O,"1,6,7,8,17",0,100,5,105,E-2-a,Addition
6598,6599,ts_252_2_R-B-3,15,C5H5FN2O2,"1,6,7,8,9",0,94,5,99,R-B-3,Cyclization
6599,6600,ts_252_2_R-B-10,25,C8H14O3,"1,6,8",1,99,5,104,R-B-10,Cyclization
6600,6601,ts_252_2_S-D-10,20,C3H9NO6S,"1,6,7,8,16",0,100,5,105,S-D-10,Substitution
6601,6602,ts_253_1_A-E-2,19,C6H9NO3,"1,6,7,8",1,89,5,94,A-E-2,Addition
6602,6603,ts_253_1_A-E-6,29,C8H16N2O3,"1,6,7,8",1,98,5,103,A-E-6,Addition
6603,6604,ts_253_1_A-E-24,23,C6H12BrNO2S,"1,6,7,8,16,35",0,99,5,104,A-E-24,Addition
6604,6605,ts_253_1_E-2-a,11,C2H5BrN2O,"1,6,7,8,35",0,100,5,105,E-2-a,Addition
6605,6606,ts_253_1_NO2-A-3-a,18,C3H9N3O3,"1,6,7,8",1,98,5,103,NO2-A-3-a,Substitution
6606,6607,ts_253_1_NO2-A-5-a,23,C5H10N2O6,"1,6,7,8",1,93,5,98,NO2-A-5-a,Substitution
6607,6608,ts_253_1_NO2-A-8-b,17,C3H7FN2O3S,"1,6,7,8,9,16",0,99,5,104,NO2-A-8-b,Rearrangement
6608,6609,ts_253_1_NO2-A-8-e,20,C3H9FN2O4S,"1,6,7,8,9,16",0,99,5,104,NO2-A-8-e,Addition
6609,6610,ts_253_1_NO2-B-2-d,30,C11H13NO5,"1,6,7,8",1,97,5,102,NO2-B-2-d,Addition
6610,6611,ts_253_1_NO2-B-3-e,18,C4H9FN2O2,"1,6,7,8,9",0,99,5,104,NO2-B-3-e,Addition
6611,6612,ts_253_1_R-A-8,27,C8H15ClN2O,"1,6,7,8,17",0,89,5,94,R-A-8,Cyclization
6612,6613,ts_253_1_R-B-2,14,C6H6BrCl,"1,6,17,35",0,100,5,105,R-B-2,Cyclization
6613,6614,ts_253_1_R-B-7,17,C5H9NO2,"1,6,7,8",1,98,5,103,R-B-7,Cyclization
6614,6615,ts_253_1_RR-A-10,28,C9H16FNO,"1,6,7,8,9",0,99,5,104,RR-A-10,Rearrangement
6615,6616,ts_253_1_RR-B-6-a,19,C5H10N2O2,"1,6,7,8",1,93,5,98,RR-B-6-a,Rearrangement
6616,6617,ts_253_1_S-A-9,26,C6H15ClN2O2,"1,6,7,8,17",0,96,5,101,S-A-9,Substitution
6617,6618,ts_253_1_S-A-12,27,C7H14N2O4,"1,6,7,8",1,97,5,102,S-A-12,Substitution
6618,6619,ts_253_1_S-G-4,22,C5H9NO6S,"1,6,7,8,16",0,88,5,93,S-G-4,Substitution
6619,6620,ts_253_2_A-E-16,23,C6H12ClNO2S,"1,6,7,8,16,17",0,97,5,102,A-E-16,Addition
6620,6621,ts_253_2_R-B-3,18,C6H10N2,"1,6,7",1,98,5,103,R-B-3,Cyclization
6621,6622,ts_253_2_R-B-10,25,C7H15NO2,"1,6,7,8",1,100,5,105,R-B-10,Cyclization
6622,6623,ts_253_2_S-A-9,26,C6H15ClN2O2,"1,6,7,8,17",0,95,5,100,S-A-9,Substitution
6623,6624,ts_254_1_E-2-a,11,C2H5BrN2O,"1,6,7,8,35",0,99,5,104,E-2-a,Addition
6624,6625,ts_254_1_E-2-b,17,C4H8N2O3,"1,6,7,8",1,97,5,102,E-2-b,Addition
6625,6626,ts_254_1_NO2-A-1-d,20,C4H9ClN2O4,"1,6,7,8,17",0,97,5,102,NO2-A-1-d,Addition
6626,6627,ts_254_1_NO2-A-1-e,20,C4H9FN2O4,"1,6,7,8,9",0,99,5,104,NO2-A-1-e,Addition
6627,6628,ts_254_1_NO2-B-8-e,22,C4H11ClN2O3S,"1,6,7,8,16,17",0,100,5,105,NO2-B-8-e,Addition
6628,6629,ts_254_1_NO2-C-3-e,20,C8H8FNO2,"1,6,7,8,9",0,95,5,100,NO2-C-3-e,Addition
6629,6630,ts_254_1_R-B-7,16,C5H8ClNO,"1,6,7,8,17",0,100,5,105,R-B-7,Cyclization
6630,6631,ts_254_1_RR-A-12,46,C21H21N3O,"1,6,7,8",1,79,3,82,RR-A-12,Rearrangement
6631,6632,ts_254_1_S-A-4,18,C4H8N2O4,"1,6,7,8",1,97,5,102,S-A-4,Substitution
6632,6633,ts_254_1_S-A-5,18,C4H9ClFNO2,"1,6,7,8,9,17",0,97,5,102,S-A-5,Substitution
6633,6634,ts_254_1_S-A-14,15,C3H7ClFNOS,"1,6,7,8,9,16,17",0,100,5,105,S-A-14,Substitution
6634,6635,ts_254_2_A-A-1,16,C3H6FNO5,"1,6,7,8,9",0,98,5,103,A-A-1,Addition
6635,6636,ts_254_2_A-E-24,22,C6H11BrO3S,"1,6,8,16,35",0,97,5,102,A-E-24,Addition
6636,6637,ts_255_1_NO2-A-1-a,21,C5H9NO6,"1,6,7,8",1,91,5,96,NO2-A-1-a,Substitution
6637,6638,ts_255_1_NO2-B-2-d,31,C12H13NO5,"1,6,7,8",1,75,3,78,NO2-B-2-d,Addition
6638,6639,ts_255_1_RR-A-9-a,23,C10H11FO,"1,6,8,9",0,99,5,104,RR-A-9-a,Rearrangement
6639,6640,ts_255_1_RR-B-7-b,12,C2H6FNO2,"1,6,7,8,9",0,100,5,105,RR-B-7-b,Rearrangement
6640,6641,ts_255_1_RR-B-8-a,32,C10H17N3O2,"1,6,7,8",1,100,5,105,RR-B-8-a,Rearrangement
6641,6642,ts_255_1_S-A-1,21,C5H11NO4,"1,6,7,8",1,94,5,99,S-A-1,Substitution
6642,6643,ts_255_1_S-A-2,28,C10H13ClN2O2,"1,6,7,8,17",0,98,5,103,S-A-2,Substitution
6643,6644,ts_255_1_S-A-5,20,C5H10ClNO3,"1,6,7,8,17",0,99,5,104,S-A-5,Substitution
6644,6645,ts_255_1_S-A-11,21,C5H11NO4,"1,6,7,8",1,97,5,102,S-A-11,Substitution
6645,6646,ts_255_1_S-A-13,27,C10H12FNO3,"1,6,7,8,9",0,97,5,102,S-A-13,Substitution
6646,6647,ts_255_1_S-A-26,17,C4H7ClFNO3,"1,6,7,8,9,17",0,91,5,96,S-A-26,Substitution
6647,6648,ts_255_1_S-B-5-b,14,C3H5Br2ClO3,"1,6,8,17,35",0,80,4,84,S-B-5-b,Addition
6648,6649,ts_255_2_A-A-1,16,C3H6ClNO5,"1,6,7,8,17",0,98,5,103,A-A-1,Addition
6649,6650,ts_255_2_R-A-7,24,C6H13NO4,"1,6,7,8",1,93,5,98,R-A-7,Cyclization
6650,6651,ts_255_2_S-D-10,21,C4H9NO6S,"1,6,7,8,16",0,98,5,103,S-D-10,Substitution
6651,6652,ts_256_1_A-E-2,20,C6H10O4,"1,6,8",1,98,5,103,A-E-2,Addition
6652,6653,ts_256_1_NO2-A-3-b,13,C3H5BrN2O2,"1,6,7,8,35",0,97,5,102,NO2-A-3-b,Rearrangement
6653,6654,ts_256_1_NO2-A-6-d,17,C2H6N2O6S,"1,6,7,8,16",0,99,5,104,NO2-A-6-d,Addition
6654,6655,ts_256_1_NO2-B-2-e,32,C12H13NO6,"1,6,7,8",1,78,3,81,NO2-B-2-e,Addition
6655,6656,ts_256_1_NO2-B-11-d,25,C8H12BrN3O,"1,6,7,8,35",0,100,5,105,NO2-B-11-d,Addition
6656,6657,ts_256_1_R-B-2,22,C8H11NO2,"1,6,7,8",1,96,5,101,R-B-2,Cyclization
6657,6658,ts_256_1_R-B-11,26,C9H14N2O,"1,6,7,8",1,95,5,100,R-B-11,Cyclization
6658,6659,ts_256_1_S-A-6,25,C6H14N2O3,"1,6,7,8",1,99,5,104,S-A-6,Substitution
6659,6660,ts_256_1_S-A-19,20,C5H8BrNO5,"1,6,7,8,35",0,92,5,97,S-A-19,Substitution
6660,6661,ts_256_1_S-G-4,23,C4H11NO6S,"1,6,7,8,16",0,97,5,102,S-G-4,Substitution
6661,6662,ts_256_2_NO2-A-9-e,20,C4H8N2O6,"1,6,7,8",1,94,5,99,NO2-A-9-e,Addition
6662,6663,ts_256_2_R-B-7,18,C5H10N2O,"1,6,7,8",1,100,5,105,R-B-7,Cyclization
6663,6664,ts_257_1_A-E-2,23,C7H12O4,"1,6,8",1,97,5,102,A-E-2,Addition
6664,6665,ts_257_1_A-E-6,24,C7H12BrNO3,"1,6,7,8,35",0,98,5,103,A-E-6,Addition
6665,6666,ts_257_1_A-E-24,18,C5H8Br2O2S,"1,6,8,16,35",0,98,5,103,A-E-24,Addition
6666,6667,ts_257_1_A-I-5,45,C22H19N3O,"1,6,7,8",1,73,3,76,A-I-5,Addition
6667,6668,ts_257_1_E-2-b,12,C3H4ClNO3,"1,6,7,8,17",0,98,5,103,E-2-b,Addition
6668,6669,ts_257_1_NO2-A-6-a,17,C3H6ClNO5S,"1,6,7,8,16,17",0,97,5,102,NO2-A-6-a,Substitution
6669,6670,ts_257_1_NO2-B-3-d,20,C4H9N3O4,"1,6,7,8",1,95,5,100,NO2-B-3-d,Addition
6670,6671,ts_257_1_NO2-B-11-d,25,C8H12BrN3O,"1,6,7,8,35",0,97,5,102,NO2-B-11-d,Addition
6671,6672,ts_257_1_R-A-1,16,C3H7ClN2O3,"1,6,7,8,17",0,100,5,105,R-A-1,Cyclization
6672,6673,ts_257_1_RR-B-1-b,16,C4H8BrNO2,"1,6,7,8,35",0,99,5,104,RR-B-1-b,Rearrangement
6673,6674,ts_257_1_RR-B-8-a,31,C10H16N2O3,"1,6,7,8",1,100,5,105,RR-B-8-a,Rearrangement
6674,6675,ts_257_1_S-A-6,22,C6H11NO4,"1,6,7,8",1,95,5,100,S-A-6,Substitution
6675,6676,ts_257_1_S-D-2,17,C3H6FNO6,"1,6,7,8,9",0,92,5,97,S-D-2,Substitution
6676,6677,ts_257_2_A-E-2,23,C7H12O4,"1,6,8",1,98,5,103,A-E-2,Addition
6677,6678,ts_257_2_A-E-16,18,C5H8BrClO2S,"1,6,8,16,17,35",0,98,5,103,A-E-16,Addition
6678,6679,ts_257_2_S-A-1,22,C5H11NO5,"1,6,7,8",1,96,5,101,S-A-1,Substitution
6679,6680,ts_257_2_S-A-9,27,C7H14ClNO4,"1,6,7,8,17",0,97,5,102,S-A-9,Substitution
6680,6681,ts_258_1_E-2-a,13,C2H7N3O,"1,6,7,8",1,100,5,105,E-2-a,Addition
6681,6682,ts_258_1_NO2-A-1-d,22,C4H9N3O6,"1,6,7,8",1,97,5,102,NO2-A-1-d,Addition
6682,6683,ts_258_1_NO2-A-6-a,22,C4H10N2O5S,"1,6,7,8,16",0,97,5,102,NO2-A-6-a,Substitution
6683,6684,ts_258_1_NO2-B-3-d,20,C4H9N3O4,"1,6,7,8",1,97,5,102,NO2-B-3-d,Addition
6684,6685,ts_258_1_NO2-C-3-e,30,C10H15N3O2,"1,6,7,8",1,100,5,105,NO2-C-3-e,Addition
6685,6686,ts_258_1_R-B-4,20,C6H10N2O2,"1,6,7,8",1,98,5,103,R-B-4,Cyclization
6686,6687,ts_258_1_S-A-16,22,C9H9ClO2S,"1,6,8,16,17",0,97,5,102,S-A-16,Substitution
6687,6688,ts_258_1_S-A-26,13,C4H3ClFNO3,"1,6,7,8,9,17",0,91,5,96,S-A-26,Substitution
6688,6689,ts_258_1_S-C-2-aa,25,C9H9NO6,"1,6,7,8",1,95,5,100,S-C-2-aa,Substitution
6689,6690,ts_258_1_S-D-10,22,C4H9NO7S,"1,6,7,8,16",0,97,5,102,S-D-10,Substitution
6690,6691,ts_258_1_S-G-2,19,C3H8ClNO5S,"1,6,7,8,16,17",0,100,5,105,S-G-2,Substitution
6691,6692,ts_258_2_A-E-8,22,C7H10O5,"1,6,8",1,97,5,102,A-E-8,Addition
6692,6693,ts_258_2_R-B-3,17,C5H9N3,"1,6,7",1,95,5,100,R-B-3,Cyclization
6693,6694,ts_259_1_E-2-a,12,C3H5N3O,"1,6,7,8",1,95,5,100,E-2-a,Addition
6694,6695,ts_259_1_NO2-A-1-e,25,C5H13N3O4,"1,6,7,8",1,97,5,102,NO2-A-1-e,Addition
6695,6696,ts_259_1_NO2-A-11-a,31,C10H15N3O3,"1,6,7,8",1,95,5,100,NO2-A-11-a,Substitution
6696,6697,ts_259_1_R-A-3,19,C5H9ClO4,"1,6,8,17",0,97,5,102,R-A-3,Cyclization
6697,6698,ts_259_1_R-A-4,27,C8H14Cl2O3,"1,6,8,17",0,99,5,104,R-A-4,Cyclization
6698,6699,ts_259_1_RR-A-6,24,C10H10O4,"1,6,8",1,96,5,101,RR-A-6,Rearrangement
6699,6700,ts_259_1_S-A-1,19,C4H11NO3,"1,6,7,8",1,99,5,104,S-A-1,Substitution
6700,6701,ts_259_1_S-A-12,25,C7H13NO4,"1,6,7,8",1,95,5,100,S-A-12,Substitution
6701,6702,ts_259_1_S-A-14,15,C3H8ClNOS,"1,6,7,8,16,17",0,99,5,104,S-A-14,Substitution
6702,6703,ts_259_1_S-A-17,23,C5H10N2O6,"1,6,7,8",1,92,5,97,S-A-17,Substitution
6703,6704,ts_259_1_S-A-19,19,C4H7BrN2O5,"1,6,7,8,35",0,93,5,98,S-A-19,Substitution
6704,6705,ts_259_2_S-D-2,19,C3H8N2O6,"1,6,7,8",1,93,5,98,S-D-2,Substitution
6705,6706,ts_259_2_S-D-10,21,C4H7NO8S,"1,6,7,8,16",0,95,5,100,S-D-10,Substitution
6706,6707,ts_260_1_NO2-A-8-b,19,C3H9N3O3S,"1,6,7,8,16",0,99,5,104,NO2-A-8-b,Rearrangement
6707,6708,ts_260_1_NO2-A-8-e,22,C3H11N3O4S,"1,6,7,8,16",0,100,5,105,NO2-A-8-e,Addition
6708,6709,ts_260_1_NO2-A-11-a,31,C10H15N3O3,"1,6,7,8",1,100,5,105,NO2-A-11-a,Substitution
6709,6710,ts_260_1_NO2-B-8-e,24,C4H13N3O3S,"1,6,7,8,16",0,100,5,105,NO2-B-8-e,Addition
6710,6711,ts_260_1_RR-A-6,23,C10H8O5,"1,6,8",1,93,5,98,RR-A-6,Rearrangement
6711,6712,ts_260_1_S-A-9,26,C6H13ClN2O4,"1,6,7,8,17",0,100,5,105,S-A-9,Substitution
6712,6713,ts_260_1_S-A-24,30,C10H16ClFO2,"1,6,8,9,17",0,97,5,102,S-A-24,Substitution
6713,6714,ts_260_1_S-B-1,22,C5H9ClN4O3,"1,6,7,8,17",0,90,5,95,S-B-1,Substitution
6714,6715,ts_260_1_S-B-3-b,17,C4H7Br2NO3,"1,6,7,8,35",0,97,5,102,S-B-3-b,Rearrangement
6715,6716,ts_260_1_S-B-8,16,C4H6N2O4,"1,6,7,8",1,96,5,101,S-B-8,Substitution
6716,6717,ts_260_1_S-D-2,19,C4H7NO7,"1,6,7,8",1,96,5,101,S-D-2,Substitution
6717,6718,ts_260_1_S-G-1,18,C3H5Cl2NO6S,"1,6,7,8,16,17",0,94,5,99,S-G-1,Substitution
6718,6719,ts_260_2_A-A-1,20,C4H9NO6,"1,6,7,8",1,98,5,103,A-A-1,Addition
6719,6720,ts_260_2_A-E-16,18,C5H8ClFO2S,"1,6,8,9,16,17",0,95,5,100,A-E-16,Addition
6720,6721,ts_260_2_S-A-9,26,C6H13ClN2O4,"1,6,7,8,17",0,98,5,103,S-A-9,Substitution
6721,6722,ts_260_2_S-D-9,20,C4H7NO7S,"1,6,7,8,16",0,89,5,94,S-D-9,Substitution
6722,6723,ts_260_4_R-B-10,23,C7H12O4,"1,6,8",1,100,5,105,R-B-10,Cyclization
6723,6724,ts_261_1_A-E-24,16,C4H8BrClOS,"1,6,8,16,17,35",0,100,5,105,A-E-24,Addition
6724,6725,ts_261_1_NO2-A-1-e,23,C5H10N2O6,"1,6,7,8",1,95,5,100,NO2-A-1-e,Addition
6725,6726,ts_261_1_NO2-A-6-b,18,C3H9N3O2S,"1,6,7,8,16",0,100,5,105,NO2-A-6-b,Rearrangement
6726,6727,ts_261_1_NO2-C-8-e,32,C10H14N2O5S,"1,6,7,8,16",0,78,3,81,NO2-C-8-e,Addition
6727,6728,ts_261_1_R-A-3,25,C6H15ClN2O,"1,6,7,8,17",0,100,5,105,R-A-3,Cyclization
6728,6729,ts_261_1_R-A-8,28,C7H18N2O,"1,6,7,8",1,100,5,105,R-A-8,Cyclization
6729,6730,ts_261_1_R-B-11,29,C10H15BrN2O,"1,6,7,8,35",0,94,5,99,R-B-11,Cyclization
6730,6731,ts_261_1_RR-A-18,31,C12H15NO3,"1,6,7,8",1,99,5,104,RR-A-18,Rearrangement
6731,6732,ts_261_1_RR-B-1-b,18,C4H10N2O2,"1,6,7,8",1,100,5,105,RR-B-1-b,Rearrangement
6732,6733,ts_261_1_RR-B-4-b,22,C6H10N4O2,"1,6,7,8",1,91,5,96,RR-B-4-b,Rearrangement
6733,6734,ts_261_1_RR-B-6-b,19,C5H10N2O2,"1,6,7,8",1,98,5,103,RR-B-6-b,Rearrangement
6734,6735,ts_261_1_RR-B-7-a,16,C2H9N3O2,"1,6,7,8",1,97,5,102,RR-B-7-a,Rearrangement
6735,6736,ts_261_1_S-A-15,32,C11H16N2O3,"1,6,7,8",1,97,5,102,S-A-15,Substitution
6736,6737,ts_261_1_S-G-5,23,C4H11ClN2O4S,"1,6,7,8,16,17",0,97,5,102,S-G-5,Substitution
6737,6738,ts_261_2_R-A-5,16,C4H9ClO2,"1,6,8,17",0,100,5,105,R-A-5,Cyclization
6738,6739,ts_261_2_S-D-9,21,C4H10N2O4S,"1,6,7,8,16",0,100,5,105,S-D-9,Substitution
6739,6740,ts_262_1_A-E-2,16,C4H9ClO2,"1,6,8,17",0,100,5,105,A-E-2,Addition
6740,6741,ts_262_1_A-E-14,17,C4H7Cl3O2S,"1,6,8,16,17",0,100,5,105,A-E-14,Addition
6741,6742,ts_262_1_A-I-5,48,C22H22N2O2,"1,6,7,8",1,79,3,82,A-I-5,Addition
6742,6743,ts_262_1_E-1,18,C5H9NO3,"1,6,7,8",1,98,5,103,E-1,Addition
6743,6744,ts_262_1_NO2-A-1-d,21,C5H9N3O4,"1,6,7,8",1,96,5,101,NO2-A-1-d,Addition
6744,6745,ts_262_1_NO2-A-3-e,19,C4H8N2O5,"1,6,7,8",1,96,5,101,NO2-A-3-e,Addition
6745,6746,ts_262_1_NO2-A-11-a,29,C9H13N3O4,"1,6,7,8",1,96,5,101,NO2-A-11-a,Substitution
6746,6747,ts_262_1_NO2-B-8-e,23,C5H11N3O3S,"1,6,7,8,16",0,91,5,96,NO2-B-8-e,Addition
6747,6748,ts_262_1_NO2-C-3-e,22,C8H8N2O4,"1,6,7,8",1,96,5,101,NO2-C-3-e,Addition
6748,6749,ts_262_1_R-B-4,19,C5H9N3O2,"1,6,7,8",1,98,5,103,R-B-4,Cyclization
6749,6750,ts_262_1_R-B-6,24,C7H12N2O3,"1,6,7,8",1,98,5,103,R-B-6,Cyclization
6750,6751,ts_262_1_RR-A-1,16,C5H8N2O,"1,6,7,8",1,95,5,100,RR-A-1,Rearrangement
6751,6752,ts_262_1_RR-A-3-a,29,C14H11BrO3,"1,6,8,35",0,77,3,80,RR-A-3-a,Rearrangement
6752,6753,ts_262_1_RR-B-6-a,15,C5H6N2O2,"1,6,7,8",1,86,5,91,RR-B-6-a,Rearrangement
6753,6754,ts_262_1_S-A-2,29,C10H14ClFN2O,"1,6,7,8,9,17",0,99,5,104,S-A-2,Substitution
6754,6755,ts_262_1_S-A-15,30,C11H14FNO3,"1,6,7,8,9",0,96,5,101,S-A-15,Substitution
6755,6756,ts_262_1_S-A-19,19,C4H9BrN2O3,"1,6,7,8,35",0,97,5,102,S-A-19,Substitution
6756,6757,ts_262_1_S-B-3-b,11,C2H3Br2NO3,"1,6,7,8,35",0,97,5,102,S-B-3-b,Rearrangement
6757,6758,ts_262_1_S-B-5-b,16,C4H6Br2N2O2,"1,6,7,8,35",0,96,5,101,S-B-5-b,Addition
6758,6759,ts_262_1_S-D-2,19,C4H8FNO5,"1,6,7,8,9",0,97,5,102,S-D-2,Substitution
6759,6760,ts_262_2_A-E-2,16,C4H9ClO2,"1,6,8,17",0,100,5,105,A-E-2,Addition
6760,6761,ts_262_2_A-E-16,15,C4H7Cl3S,"1,6,16,17",0,100,5,105,A-E-16,Addition
6761,6762,ts_262_2_R-B-2,18,C6H8N2O2,"1,6,7,8",1,98,5,103,R-B-2,Cyclization
6762,6763,ts_263_1_A-E-8,18,C5H8ClNO3,"1,6,7,8,17",0,93,5,98,A-E-8,Addition
6763,6764,ts_263_1_NO2-A-1-b,18,C5H7N3O3,"1,6,7,8",1,92,5,97,NO2-A-1-b,Rearrangement
6764,6765,ts_263_1_NO2-A-3-d,21,C4H11N3O3,"1,6,7,8",1,95,5,100,NO2-A-3-d,Addition
6765,6766,ts_263_1_NO2-A-9-b,15,C3H6N4O2,"1,6,7,8",1,96,5,101,NO2-A-9-b,Rearrangement
6766,6767,ts_263_1_R-B-10,20,C6H12O2,"1,6,8",1,100,5,105,R-B-10,Cyclization
6767,6768,ts_263_1_RR-B-1-b,17,C5H8N2O2,"1,6,7,8",1,89,5,94,RR-B-1-b,Rearrangement
6768,6769,ts_263_1_RR-B-4-b,21,C6H9N3O3,"1,6,7,8",1,87,5,92,RR-B-4-b,Rearrangement
6769,6770,ts_263_1_RR-B-7-b,14,C2H6N2O4,"1,6,7,8",1,98,5,103,RR-B-7-b,Rearrangement
6770,6771,ts_263_1_S-A-2,29,C10H14ClFN2O,"1,6,7,8,9,17",0,99,5,104,S-A-2,Substitution
6771,6772,ts_263_1_S-A-8,25,C6H13ClFNO3,"1,6,7,8,9,17",0,97,5,102,S-A-8,Substitution
6772,6773,ts_263_1_S-B-3-a,11,C4H4O3,"1,6,8",1,97,5,102,S-B-3-a,Rearrangement
6773,6774,ts_263_1_S-B-8,16,C3H7FN2O3,"1,6,7,8,9",0,94,5,99,S-B-8,Substitution
6774,6775,ts_263_1_S-C-2-aa,26,C9H9NO7,"1,6,7,8",1,93,5,98,S-C-2-aa,Substitution
6775,6776,ts_263_1_S-D-2,19,C4H8ClNO5,"1,6,7,8,17",0,95,5,100,S-D-2,Substitution
6776,6777,ts_263_1_S-G-6,25,C4H14N2O4S,"1,6,7,8,16",0,100,5,105,S-G-6,Substitution
6777,6778,ts_263_2_A-E-6,23,C6H11ClN2O3,"1,6,7,8,17",0,98,5,103,A-E-6,Addition
6778,6779,ts_263_2_A-E-14,19,C4H7Cl2NO4S,"1,6,7,8,16,17",0,97,5,102,A-E-14,Addition
6779,6780,ts_263_2_R-B-5,21,C7H9N3O2,"1,6,7,8",1,97,5,102,R-B-5,Cyclization
6780,6781,ts_264_1_A-I-5,47,C22H20N2O3,"1,6,7,8",1,76,3,79,A-I-5,Addition
6781,6782,ts_264_1_E-2-b,18,C5H9NO3,"1,6,7,8",1,94,5,99,E-2-b,Addition
6782,6783,ts_264_1_NO2-A-1-b,22,C5H11N3O3,"1,6,7,8",1,99,5,104,NO2-A-1-b,Rearrangement
6783,6784,ts_264_1_R-A-4,27,C8H16Cl2O,"1,6,8,17",0,100,5,105,R-A-4,Cyclization
6784,6785,ts_264_1_R-B-10,22,C6H11NO4,"1,6,7,8",1,100,5,105,R-B-10,Cyclization
6785,6786,ts_264_1_RR-A-13-a,31,C12H15NO3,"1,6,7,8",1,96,5,101,RR-A-13-a,Rearrangement
6786,6787,ts_264_1_S-A-7,16,C4H4Cl2N2O4,"1,6,7,8,17",0,92,5,97,S-A-7,Substitution
6787,6788,ts_264_2_A-E-6,23,C6H13ClN2O,"1,6,7,8,17",0,99,5,104,A-E-6,Addition
6788,6789,ts_264_2_R-B-2,21,C7H10N2O2,"1,6,7,8",1,97,5,102,R-B-2,Cyclization
6789,6790,ts_264_2_R-B-3,15,C5H7BrN2,"1,6,7,35",0,95,5,100,R-B-3,Cyclization
6790,6791,ts_265_1_A-A-1,18,C4H8ClNO4,"1,6,7,8,17",0,97,5,102,A-A-1,Addition
6791,6792,ts_265_1_A-E-2,17,C4H10ClNO,"1,6,7,8,17",0,100,5,105,A-E-2,Addition
6792,6793,ts_265_1_A-E-24,16,C5H7BrClNS,"1,6,7,16,17,35",0,93,5,98,A-E-24,Addition
6793,6794,ts_265_1_A-I-6,47,C22H20N2O2S,"1,6,7,8,16",0,78,3,81,A-I-6,Addition
6794,6795,ts_265_1_E-1,14,C4H6ClNO2,"1,6,7,8,17",0,95,5,100,E-1,Addition
6795,6796,ts_265_1_NO2-A-1-a,20,C5H7NO7,"1,6,7,8",1,91,5,96,NO2-A-1-a,Substitution
6796,6797,ts_265_1_NO2-A-5-a,25,C6H10N2O7,"1,6,7,8",1,94,5,99,NO2-A-5-a,Substitution
6797,6798,ts_265_1_NO2-A-8-e,23,C4H10N2O6S,"1,6,7,8,16",0,98,5,103,NO2-A-8-e,Addition
6798,6799,ts_265_1_NO2-B-7-d,29,C10H11NO6S,"1,6,7,8,16",0,77,3,80,NO2-B-7-d,Addition
6799,6800,ts_265_1_R-A-6,19,C4H11ClN2O,"1,6,7,8,17",0,100,5,105,R-A-6,Cyclization
6800,6801,ts_265_1_R-B-4,21,C6H10N2O3,"1,6,7,8",1,100,5,105,R-B-4,Cyclization
6801,6802,ts_265_1_R-B-7,19,C6H11NO,"1,6,7,8",1,99,5,104,R-B-7,Cyclization
6802,6803,ts_265_1_RR-A-1,12,C3H6FNO,"1,6,7,8,9",0,98,5,103,RR-A-1,Rearrangement
6803,6804,ts_265_1_RR-A-3-a,31,C14H13NO3,"1,6,7,8",1,77,3,80,RR-A-3-a,Rearrangement
6804,6805,ts_265_1_RR-A-13-a,31,C12H15NO3,"1,6,7,8",1,97,5,102,RR-A-13-a,Rearrangement
6805,6806,ts_265_1_S-A-5,20,C5H10ClFO3,"1,6,8,9,17",0,98,5,103,S-A-5,Substitution
6806,6807,ts_265_1_S-A-10,28,C7H16FNO3,"1,6,7,8,9",0,97,5,102,S-A-10,Substitution
6807,6808,ts_265_1_S-C-2-ab,23,C7H9ClN2O4,"1,6,7,8,17",0,97,5,102,S-C-2-ab,Substitution
6808,6809,ts_265_2_A-E-2,17,C4H10ClNO,"1,6,7,8,17",0,100,5,105,A-E-2,Addition
6809,6810,ts_265_2_R-B-5,21,C6H10N2O3,"1,6,7,8",1,99,5,104,R-B-5,Cyclization
6810,6811,ts_266_1_A-I-5,44,C21H19BrN2O,"1,6,7,8,35",0,77,3,80,A-I-5,Addition
6811,6812,ts_266_1_NO2-A-1-d,17,C3H7FN2O4,"1,6,7,8,9",0,98,5,103,NO2-A-1-d,Addition
6812,6813,ts_266_1_NO2-A-3-a,17,C3H8N2O4,"1,6,7,8",1,97,5,102,NO2-A-3-a,Substitution
6813,6814,ts_266_1_NO2-A-11-d,26,C9H11ClN2O3,"1,6,7,8,17",0,98,5,103,NO2-A-11-d,Addition
6814,6815,ts_266_1_R-A-4,26,C7H15Cl2NO,"1,6,7,8,17",0,100,5,105,R-A-4,Cyclization
6815,6816,ts_266_1_R-A-5,17,C5H8ClNO2,"1,6,7,8,17",0,96,5,101,R-A-5,Cyclization
6816,6817,ts_266_1_RR-B-8-a,27,C9H13FN2O2,"1,6,7,8,9",0,99,5,104,RR-B-8-a,Rearrangement
6817,6818,ts_266_1_S-A-14,16,C4H6ClFO3S,"1,6,8,9,16,17",0,96,5,101,S-A-14,Substitution
6818,6819,ts_266_1_S-A-21,19,C5H9ClFNO2,"1,6,7,8,9,17",0,93,5,98,S-A-21,Substitution
6819,6820,ts_266_1_S-G-5,20,C2H10ClN3O3S,"1,6,7,8,16,17",0,100,5,105,S-G-5,Substitution
6820,6821,ts_266_2_A-E-24,20,C5H11BrClNS,"1,6,7,16,17,35",0,100,5,105,A-E-24,Addition
6821,6822,ts_266_4_S-A-4,24,C6H12N2O4,"1,6,7,8",1,98,5,103,S-A-4,Substitution
6822,6823,ts_267_1_NO2-B-12-d,15,C4H7FN2O,"1,6,7,8,9",0,97,5,102,NO2-B-12-d,Addition
6823,6824,ts_267_1_RR-B-8-a,29,C10H14N2O3,"1,6,7,8",1,98,5,103,RR-B-8-a,Rearrangement
6824,6825,ts_267_1_RR-B-8-b,23,C7H9N3O4,"1,6,7,8",1,99,5,104,RR-B-8-b,Rearrangement
6825,6826,ts_267_1_S-A-7,13,C3H2BrCl3O4,"1,6,8,17,35",0,100,5,105,S-A-7,Substitution
6826,6827,ts_267_1_S-A-10,27,C7H14FNO4,"1,6,7,8,9",0,97,5,102,S-A-10,Substitution
6827,6828,ts_267_1_S-A-11,20,C6H9NO4,"1,6,7,8",1,89,5,94,S-A-11,Substitution
6828,6829,ts_267_1_S-B-8,18,C3H9N3O3,"1,6,7,8",1,97,5,102,S-B-8,Substitution
6829,6830,ts_267_1_S-C-2-ab,24,C8H9N3O4,"1,6,7,8",1,94,5,99,S-C-2-ab,Substitution
6830,6831,ts_267_2_NO2-A-8-a,22,C4H8N2O7S,"1,6,7,8,16",0,95,5,100,NO2-A-8-a,Substitution
6831,6832,ts_268_1_A-I-5,45,C21H20N2O2,"1,6,7,8",1,78,3,81,A-I-5,Addition
6832,6833,ts_268_1_E-2-a,8,CH3ClN2O,"1,6,7,8,17",0,100,5,105,E-2-a,Addition
6833,6834,ts_268_1_E-2-b,15,C5H6N2O2,"1,6,7,8",1,89,5,94,E-2-b,Addition
6834,6835,ts_268_1_NO2-A-3-a,14,C3H7NO3,"1,6,7,8",1,99,5,104,NO2-A-3-a,Substitution
6835,6836,ts_268_1_NO2-A-6-b,15,C2H5N3O4S,"1,6,7,8,16",0,96,5,101,NO2-A-6-b,Rearrangement
6836,6837,ts_268_1_NO2-A-8-e,20,C4H9NO5S,"1,6,7,8,16",0,97,5,102,NO2-A-8-e,Addition
6837,6838,ts_268_1_NO2-A-9-e,17,C3H8N2O4,"1,6,7,8",1,98,5,103,NO2-A-9-e,Addition
6838,6839,ts_268_1_NO2-A-11-d,27,C10H11N3O3,"1,6,7,8",1,91,5,96,NO2-A-11-d,Addition
6839,6840,ts_268_1_NO2-B-7-d,28,C10H12ClNO3S,"1,6,7,8,16,17",0,98,5,103,NO2-B-7-d,Addition
6840,6841,ts_268_1_NO2-B-12-d,20,C6H10N2O2,"1,6,7,8",1,93,5,98,NO2-B-12-d,Addition
6841,6842,ts_268_1_R-A-8,32,C8H20N2O2,"1,6,7,8",1,100,5,105,R-A-8,Cyclization
6842,6843,ts_268_1_RR-A-9-a,28,C12H14O2,"1,6,8",1,96,5,101,RR-A-9-a,Rearrangement
6843,6844,ts_268_1_RR-A-13-a,28,C12H14O2,"1,6,8",1,96,5,101,RR-A-13-a,Rearrangement
6844,6845,ts_268_1_RR-B-4-b,18,C6H6N4O2,"1,6,7,8",1,88,5,93,RR-B-4-b,Rearrangement
6845,6846,ts_268_1_RR-B-8-b,23,C7H9N3O4,"1,6,7,8",1,97,5,102,RR-B-8-b,Rearrangement
6846,6847,ts_268_1_S-A-5,21,C6H10ClFO3,"1,6,8,9,17",0,92,5,97,S-A-5,Substitution
6847,6848,ts_268_1_S-A-15,34,C12H17NO4,"1,6,7,8",1,74,3,77,S-A-15,Substitution
6848,6849,ts_268_1_S-B-3-a,7,C2H2Br2O,"1,6,8,35",0,99,5,104,S-B-3-a,Rearrangement
6849,6850,ts_268_1_S-B-10,23,C8H11NO3,"1,6,7,8",1,87,5,92,S-B-10,Substitution
6850,6851,ts_268_1_S-D-2,21,C5H9NO6,"1,6,7,8",1,94,5,99,S-D-2,Substitution
6851,6852,ts_268_2_A-E-2,19,C5H11ClO2,"1,6,8,17",0,100,5,105,A-E-2,Addition
6852,6853,ts_268_2_R-B-7,15,C6H6ClNO,"1,6,7,8,17",0,94,5,99,R-B-7,Cyclization
6853,6854,ts_268_2_R-B-10,22,C6H13NO2,"1,6,7,8",1,99,5,104,R-B-10,Cyclization
6854,6855,ts_268_2_S-D-10,22,C4H10N2O5S,"1,6,7,8,16",0,99,5,104,S-D-10,Substitution
6855,6856,ts_269_1_E-2-b,16,C4H8N2O2,"1,6,7,8",1,96,5,101,E-2-b,Addition
6856,6857,ts_269_1_NO2-A-3-b,11,C3H3N3O2,"1,6,7,8",1,93,5,98,NO2-A-3-b,Rearrangement
6857,6858,ts_269_1_NO2-A-3-e,13,C2H6N2O3,"1,6,7,8",1,99,5,104,NO2-A-3-e,Addition
6858,6859,ts_269_1_NO2-A-8-a,21,C5H8N2O5S,"1,6,7,8,16",0,91,5,96,NO2-A-8-a,Substitution
6859,6860,ts_269_1_NO2-A-11-a,28,C9H13N3O3,"1,6,7,8",1,97,5,102,NO2-A-11-a,Substitution
6860,6861,ts_269_1_R-B-5,21,C6H11FN2O,"1,6,7,8,9",0,98,5,103,R-B-5,Cyclization
6861,6862,ts_269_1_RR-A-12,44,C21H19BrN2O,"1,6,7,8,35",0,80,3,83,RR-A-12,Rearrangement
6862,6863,ts_269_1_RR-B-4-b,19,C5H8N4O2,"1,6,7,8",1,92,5,97,RR-B-4-b,Rearrangement
6863,6864,ts_269_1_RR-B-6-b,16,C4H8N2O2,"1,6,7,8",1,99,5,104,RR-B-6-b,Rearrangement
6864,6865,ts_269_1_S-A-2,29,C11H13ClFNO2,"1,6,7,8,9,17",0,99,5,104,S-A-2,Substitution
6865,6866,ts_269_1_S-A-5,21,C6H10ClFO3,"1,6,8,9,17",0,96,5,101,S-A-5,Substitution
6866,6867,ts_269_1_S-B-1,23,C7H10ClFN2O2,"1,6,7,8,9,17",0,89,5,94,S-B-1,Substitution
6867,6868,ts_269_1_S-B-3-a,11,C2H2N2O5,"1,6,7,8",1,95,5,100,S-B-3-a,Rearrangement
6868,6869,ts_269_1_S-G-5,18,C2H8BrClN2O3S,"1,6,7,8,16,17,35",0,100,5,105,S-G-5,Substitution
6869,6870,ts_270_1_A-E-6,21,C6H11BrClNO,"1,6,7,8,17,35",0,100,5,105,A-E-6,Addition
6870,6871,ts_270_1_A-E-24,15,C4H7Br2ClS,"1,6,16,17,35",0,100,5,105,A-E-24,Addition
6871,6872,ts_270_1_A-I-5,44,C21H19FN2O,"1,6,7,8,9",0,77,3,80,A-I-5,Addition
6872,6873,ts_270_1_NO2-A-6-d,17,C2H8N2O4S,"1,6,7,8,16",0,99,5,104,NO2-A-6-d,Addition
6873,6874,ts_270_1_NO2-A-8-a,22,C4H10N2O5S,"1,6,7,8,16",0,96,5,101,NO2-A-8-a,Substitution
6874,6875,ts_270_1_NO2-A-8-b,15,C3H5N3O3S,"1,6,7,8,16",0,96,5,101,NO2-A-8-b,Rearrangement
6875,6876,ts_270_1_NO2-B-12-d,16,C4H8N2O2,"1,6,7,8",1,95,5,100,NO2-B-12-d,Addition
6876,6877,ts_270_1_R-A-3,21,C5H12ClNO2,"1,6,7,8,17",0,100,5,105,R-A-3,Cyclization
6877,6878,ts_270_1_R-A-6,22,C6H12ClNO2,"1,6,7,8,17",0,98,5,103,R-A-6,Cyclization
6878,6879,ts_270_1_R-B-7,17,C6H8N2O,"1,6,7,8",1,96,5,101,R-B-7,Cyclization
6879,6880,ts_270_1_R-B-15-a,21,C6H10ClNO3,"1,6,7,8,17",0,99,5,104,R-B-15-a,Rearrangement
6880,6881,ts_270_1_RR-A-10,29,C9H17NO2,"1,6,7,8",1,100,5,105,RR-A-10,Rearrangement
6881,6882,ts_270_1_RR-A-13-b,29,C11H15NO2,"1,6,7,8",1,100,5,105,RR-A-13-b,Rearrangement
6882,6883,ts_270_1_RR-A-13-c,29,C11H15NO2,"1,6,7,8",1,100,5,105,RR-A-13-c,Rearrangement
6883,6884,ts_270_1_S-A-15,32,C11H14N2O5,"1,6,7,8",1,76,3,79,S-A-15,Substitution
6884,6885,ts_270_1_S-C-1,34,C12H18ClN3,"1,6,7,17",0,92,5,97,S-C-1,Substitution
6885,6886,ts_270_2_A-E-6,21,C6H11BrClNO,"1,6,7,8,17,35",0,99,5,104,A-E-6,Addition
6886,6887,ts_270_2_E-2-a,8,CH3BrN2O,"1,6,7,8,35",0,100,5,105,E-2-a,Addition
6887,6888,ts_270_2_R-B-2,16,C6H6FNO2,"1,6,7,8,9",0,96,5,101,R-B-2,Cyclization
6888,6889,ts_270_2_R-B-4,17,C5H7FN2O2,"1,6,7,8,9",0,96,5,101,R-B-4,Cyclization
6889,6890,ts_271_1_A-D-2,32,C10H16O6,"1,6,8",1,91,5,96,A-D-2,Addition
6890,6891,ts_271_1_NO2-A-6-a,24,C5H12N2O4S,"1,6,7,8,16",0,98,5,103,NO2-A-6-a,Substitution
6891,6892,ts_271_1_NO2-A-11-a,31,C10H15N3O3,"1,6,7,8",1,99,5,104,NO2-A-11-a,Substitution
6892,6893,ts_271_1_NO2-B-12-d,18,C5H8N2O3,"1,6,7,8",1,92,5,97,NO2-B-12-d,Addition
6893,6894,ts_271_1_R-A-2,18,C4H10ClNO2,"1,6,7,8,17",0,100,5,105,R-A-2,Cyclization
6894,6895,ts_271_1_RR-A-6,25,C11H10O4,"1,6,8",1,94,5,99,RR-A-6,Rearrangement
6895,6896,ts_271_1_RR-B-8-a,24,C8H12N2O2,"1,6,7,8",1,100,5,105,RR-B-8-a,Rearrangement
6896,6897,ts_271_1_S-A-8,23,C6H12ClFO3,"1,6,8,9,17",0,99,5,104,S-A-8,Substitution
6897,6898,ts_271_1_S-A-19,20,C5H10BrNO3,"1,6,7,8,35",0,100,5,105,S-A-19,Substitution
6898,6899,ts_271_1_S-A-24,29,C9H16BrClO2,"1,6,8,17,35",0,100,5,105,S-A-24,Substitution
6899,6900,ts_271_1_S-D-11,24,C5H9NO8S,"1,6,7,8,16",0,93,5,98,S-D-11,Substitution
6900,6901,ts_271_2_A-E-8,19,C6H9ClO3,"1,6,8,17",0,100,5,105,A-E-8,Addition
6901,6902,ts_271_2_NO2-A-6-a,24,C5H12N2O4S,"1,6,7,8,16",0,99,5,104,NO2-A-6-a,Substitution
6902,6903,ts_272_1_A-D-2,25,C8H11FO5,"1,6,8,9",0,97,5,102,A-D-2,Addition
6903,6904,ts_272_1_NO2-A-8-b,14,C2H5ClN2O3S,"1,6,7,8,16,17",0,99,5,104,NO2-A-8-b,Rearrangement
6904,6905,ts_272_1_NO2-A-11-d,28,C10H12N2O4,"1,6,7,8",1,100,5,105,NO2-A-11-d,Addition
6905,6906,ts_272_1_NO2-B-2-e,25,C9H11NO4,"1,6,7,8",1,97,5,102,NO2-B-2-e,Addition
6906,6907,ts_272_1_NO2-C-8-e,25,C8H11NO4S,"1,6,7,8,16",0,98,5,103,NO2-C-8-e,Addition
6907,6908,ts_272_1_R-A-3,21,C5H12ClNO2,"1,6,7,8,17",0,100,5,105,R-A-3,Cyclization
6908,6909,ts_272_1_R-B-14,25,C7H14O4,"1,6,8",1,95,5,100,R-B-14,Cyclization
6909,6910,ts_272_1_RR-B-4-b,19,C6H7N3O3,"1,6,7,8",1,83,5,88,RR-B-4-b,Rearrangement
6910,6911,ts_272_1_RR-B-6-a,14,C4H6ClNO2,"1,6,7,8,17",0,96,5,101,RR-B-6-a,Rearrangement
6911,6912,ts_272_1_S-A-15,35,C11H19N3O2,"1,6,7,8",1,99,5,104,S-A-15,Substitution
6912,6913,ts_272_1_S-B-3-b,10,C2H4Br2O2,"1,6,8,35",0,99,5,104,S-B-3-b,Rearrangement
6913,6914,ts_272_1_S-G-4,22,C4H10O7S,"1,6,8,16",0,99,5,104,S-G-4,Substitution
6914,6915,ts_272_1_S-G-5,18,C2H9ClN2O3S,"1,6,7,8,16,17",0,100,5,105,S-G-5,Substitution
6915,6916,ts_272_2_A-E-2,18,C5H9ClO3,"1,6,8,17",0,97,5,102,A-E-2,Addition
6916,6917,ts_272_2_A-E-24,15,C4H8BrClS,"1,6,16,17,35",0,100,5,105,A-E-24,Addition
6917,6918,ts_272_2_R-A-2,15,C4H7ClO3,"1,6,8,17",0,97,5,102,R-A-2,Cyclization
6918,6919,ts_272_2_S-D-10,17,C3H7NO5S,"1,6,7,8,16",0,94,5,99,S-D-10,Substitution
6919,6920,ts_273_1_A-E-8,16,C5H8ClFO,"1,6,8,9,17",0,100,5,105,A-E-8,Addition
6920,6921,ts_273_1_E-1,19,C6H9NO3,"1,6,7,8",1,95,5,100,E-1,Addition
6921,6922,ts_273_1_NO2-A-1-e,16,C3H7NO5,"1,6,7,8",1,100,5,105,NO2-A-1-e,Addition
6922,6923,ts_273_1_NO2-A-9-e,13,CH6N2O4,"1,6,7,8",1,100,5,105,NO2-A-9-e,Addition
6923,6924,ts_273_1_NO2-A-11-a,31,C11H14N2O4,"1,6,7,8",1,95,5,100,NO2-A-11-a,Substitution
6924,6925,ts_273_1_R-A-4,26,C7H13Cl2NO3,"1,6,7,8,17",0,99,5,104,R-A-4,Cyclization
6925,6926,ts_273_1_R-A-5,16,C4H8ClFO2,"1,6,8,9,17",0,100,5,105,R-A-5,Cyclization
6926,6927,ts_273_1_R-B-2,16,C6H9N,"1,6,7",1,100,5,105,R-B-2,Cyclization
6927,6928,ts_273_1_RR-A-3-a,32,C15H13NO3,"1,6,7,8",1,79,3,82,RR-A-3-a,Rearrangement
6928,6929,ts_273_1_S-A-12,25,C7H12FNO4,"1,6,7,8,9",0,99,5,104,S-A-12,Substitution
6929,6930,ts_273_1_S-G-4,22,C4H10O7S,"1,6,8,16",0,99,5,104,S-G-4,Substitution
6930,6931,ts_274_1_A-A-1,17,C3H8N2O4,"1,6,7,8",1,97,5,102,A-A-1,Addition
6931,6932,ts_274_1_E-2-b,19,C6H9NO3,"1,6,7,8",1,90,5,95,E-2-b,Addition
6932,6933,ts_274_1_NO2-A-3-d,12,C3H3ClN2O3,"1,6,7,8,17",0,89,5,94,NO2-A-3-d,Addition
6933,6934,ts_274_1_NO2-B-3-d,14,C4H5ClN2O2,"1,6,7,8,17",0,89,5,94,NO2-B-3-d,Addition
6934,6935,ts_274_1_NO2-B-12-d,15,C3H5N3O4,"1,6,7,8",1,89,5,94,NO2-B-12-d,Addition
6935,6936,ts_274_1_NO2-C-3-e,30,C11H14N2O3,"1,6,7,8",1,99,5,104,NO2-C-3-e,Addition
6936,6937,ts_274_1_NO2-C-8-e,34,C11H16N2O4S,"1,6,7,8,16",0,77,3,80,NO2-C-8-e,Addition
6937,6938,ts_274_1_R-A-2,22,C6H12ClNO2,"1,6,7,8,17",0,99,5,104,R-A-2,Cyclization
6938,6939,ts_274_1_R-A-4,23,C6H14ClNO,"1,6,7,8,17",0,100,5,105,R-A-4,Cyclization
6939,6940,ts_274_1_R-A-8,26,C7H16FNO,"1,6,7,8,9",0,100,5,105,R-A-8,Cyclization
6940,6941,ts_274_1_R-B-10,22,C7H12O3,"1,6,8",1,98,5,103,R-B-10,Cyclization
6941,6942,ts_274_1_R-B-11,27,C8H16N2O,"1,6,7,8",1,97,5,102,R-B-11,Cyclization
6942,6943,ts_274_1_R-B-14,25,C7H14O4,"1,6,8",1,99,5,104,R-B-14,Cyclization
6943,6944,ts_274_1_RR-B-8-b,21,C7H9BrN2O2,"1,6,7,8,35",0,100,5,105,RR-B-8-b,Rearrangement
6944,6945,ts_274_1_S-A-16,29,C10H14ClNO2S,"1,6,7,8,16,17",0,98,5,103,S-A-16,Substitution
6945,6946,ts_274_1_S-C-1,33,C13H16ClN3,"1,6,7,17",0,64,3,67,S-C-1,Substitution
6946,6947,ts_274_1_S-D-9,19,C3H6N2O7S,"1,6,7,8,16",0,94,5,99,S-D-9,Substitution
6947,6948,ts_274_1_S-G-1,16,C3H6Cl2O4S,"1,6,8,16,17",0,98,5,103,S-G-1,Substitution
6948,6949,ts_275_1_A-A-1,17,C3H6N2O6,"1,6,7,8",1,97,5,102,A-A-1,Addition
6949,6950,ts_275_1_E-2-a,7,C2HBrN2O,"1,6,7,8,35",0,96,5,101,E-2-a,Addition
6950,6951,ts_275_1_S-A-10,26,C7H14FNO3,"1,6,7,8,9",0,97,5,102,S-A-10,Substitution
6951,6952,ts_275_1_S-B-1,20,C6H8ClFN2O2,"1,6,7,8,9,17",0,93,5,98,S-B-1,Substitution
6952,6953,ts_275_1_S-B-5-a,17,C4H7NO5,"1,6,7,8",1,96,5,101,S-B-5-a,Rearrangement
6953,6954,ts_275_2_R-A-5,19,C4H11NO3,"1,6,7,8",1,100,5,105,R-A-5,Cyclization
6954,6955,ts_275_2_RR-B-7-a,20,C5H11NO3,"1,6,7,8",1,99,5,104,RR-B-7-a,Rearrangement
6955,6956,ts_275_2_S-A-15,35,C11H19N3O2,"1,6,7,8",1,97,5,102,S-A-15,Substitution
6956,6957,ts_276_1_NO2-A-1-d,16,C4H5ClN2O4,"1,6,7,8,17",0,92,5,97,NO2-A-1-d,Addition
6957,6958,ts_276_1_NO2-A-5-a,21,C5H9FN2O4,"1,6,7,8,9",0,96,5,101,NO2-A-5-a,Substitution
6958,6959,ts_276_1_NO2-A-6-d,16,C3H6N2O4S,"1,6,7,8,16",0,90,5,95,NO2-A-6-d,Addition
6959,6960,ts_276_1_NO2-A-8-b,13,C3H3ClN2O3S,"1,6,7,8,16,17",0,91,5,96,NO2-A-8-b,Rearrangement
6960,6961,ts_276_1_NO2-A-9-e,18,C2H9N3O4,"1,6,7,8",1,100,5,105,NO2-A-9-e,Addition
6961,6962,ts_276_1_NO2-A-11-a,28,C9H11N3O5,"1,6,7,8",1,95,5,100,NO2-A-11-a,Substitution
6962,6963,ts_276_1_NO2-B-2-d,25,C9H10ClNO4,"1,6,7,8,17",0,99,5,104,NO2-B-2-d,Addition
6963,6964,ts_276_1_R-B-15-a,17,C5H6Cl2O4,"1,6,8,17",0,96,5,101,R-B-15-a,Rearrangement
6964,6965,ts_276_1_S-A-19,24,C6H13BrN2O2,"1,6,7,8,35",0,99,5,104,S-A-19,Substitution
6965,6966,ts_276_1_S-B-1,18,C5H7BrClFN2O,"1,6,7,8,9,17,35",0,95,5,100,S-B-1,Substitution
6966,6967,ts_276_1_S-G-6,22,C3H11ClN2O4S,"1,6,7,8,16,17",0,100,5,105,S-G-6,Substitution
6967,6968,ts_276_2_A-E-6,23,C6H11FN2O3,"1,6,7,8,9",0,97,5,102,A-E-6,Addition
6968,6969,ts_276_2_S-A-19,24,C6H13BrN2O2,"1,6,7,8,35",0,95,5,100,S-A-19,Substitution
6969,6970,ts_276_2_S-D-9,17,C3H6ClNO5S,"1,6,7,8,16,17",0,97,5,102,S-D-9,Substitution
6970,6971,ts_277_1_A-E-2,17,C4H8FNO3,"1,6,7,8,9",0,100,5,105,A-E-2,Addition
6971,6972,ts_277_1_A-E-24,17,C4H9BrFNS,"1,6,7,9,16,35",0,100,5,105,A-E-24,Addition
6972,6973,ts_277_1_NO2-B-8-e,18,C4H7BrN2O3S,"1,6,7,8,16,35",0,97,5,102,NO2-B-8-e,Addition
6973,6974,ts_277_1_R-A-3,23,C6H14ClNO,"1,6,7,8,17",0,100,5,105,R-A-3,Cyclization
6974,6975,ts_277_1_RR-A-2-b,31,C12H15NO3,"1,6,7,8",1,99,5,104,RR-A-2-b,Rearrangement
6975,6976,ts_277_1_RR-A-13-a,29,C11H15NO2,"1,6,7,8",1,100,5,105,RR-A-13-a,Rearrangement
6976,6977,ts_277_1_RR-A-13-b,29,C11H15NO2,"1,6,7,8",1,100,5,105,RR-A-13-b,Rearrangement
6977,6978,ts_277_1_RR-A-18,29,C11H15NO2,"1,6,7,8",1,100,5,105,RR-A-18,Rearrangement
6978,6979,ts_277_1_RR-B-6-a,18,C5H9NO3,"1,6,7,8",1,98,5,103,RR-B-6-a,Rearrangement
6979,6980,ts_277_1_RR-B-7-a,20,C4H12N2O2,"1,6,7,8",1,100,5,105,RR-B-7-a,Rearrangement
6980,6981,ts_277_1_S-D-2,20,C4H9NO6,"1,6,7,8",1,91,5,96,S-D-2,Substitution
6981,6982,ts_277_2_A-E-6,23,C6H13FN2O,"1,6,7,8,9",0,100,5,105,A-E-6,Addition
6982,6983,ts_277_2_A-E-16,17,C4H9ClFNS,"1,6,7,9,16,17",0,100,5,105,A-E-16,Addition
6983,6984,ts_277_2_R-B-7,18,C7H7NO3,"1,6,7,8",1,92,5,97,R-B-7,Cyclization
6984,6985,ts_278_1_A-E-6,22,C7H11FN2O,"1,6,7,8,9",0,94,5,99,A-E-6,Addition
6985,6986,ts_278_1_NO2-A-8-b,13,C3H3BrN2O3S,"1,6,7,8,16,35",0,89,5,94,NO2-A-8-b,Rearrangement
6986,6987,ts_278_1_NO2-B-11-d,21,C8H8BrN3O,"1,6,7,8,35",0,98,5,103,NO2-B-11-d,Addition
6987,6988,ts_278_1_NO2-C-3-e,25,C9H10N2O4,"1,6,7,8",1,97,5,102,NO2-C-3-e,Addition
6988,6989,ts_278_1_R-A-8,28,C7H17FN2O,"1,6,7,8,9",0,100,5,105,R-A-8,Cyclization
6989,6990,ts_278_1_RR-A-18,26,C11H14O,"1,6,8",1,100,5,105,RR-A-18,Rearrangement
6990,6991,ts_278_1_RR-B-6-a,18,C5H9NO3,"1,6,7,8",1,99,5,104,RR-B-6-a,Rearrangement
6991,6992,ts_278_1_S-B-8,13,C2H3BrN2O5,"1,6,7,8,35",0,94,5,99,S-B-8,Substitution
6992,6993,ts_278_1_S-D-2,16,C3H6FNO5,"1,6,7,8,9",0,91,5,96,S-D-2,Substitution
6993,6994,ts_278_1_S-D-9,19,C3H8N2O5S,"1,6,7,8,16",0,97,5,102,S-D-9,Substitution
6994,6995,ts_278_2_A-E-8,17,C6H8FNO,"1,6,7,8,9",0,93,5,98,A-E-8,Addition
6995,6996,ts_278_2_NO2-A-8-a,19,C3H8N2O5S,"1,6,7,8,16",0,97,5,102,NO2-A-8-a,Substitution
6996,6997,ts_278_2_R-A-5,20,C4H12N2O2,"1,6,7,8",1,100,5,105,R-A-5,Cyclization
6997,6998,ts_278_2_S-B-3-a,13,C4H7BrO,"1,6,8,35",0,99,5,104,S-B-3-a,Rearrangement
6998,6999,ts_279_1_E-2-a,7,C2HFN2O,"1,6,7,8,9",0,95,5,100,E-2-a,Addition
6999,7000,ts_279_1_NO2-A-3-e,16,C3H6N2O5,"1,6,7,8",1,94,5,99,NO2-A-3-e,Addition
7000,7001,ts_279_1_NO2-A-11-d,26,C9H11ClN2O3,"1,6,7,8,17",0,96,5,101,NO2-A-11-d,Addition
7001,7002,ts_279_1_NO2-B-11-d,23,C8H8N4O3,"1,6,7,8",1,90,5,95,NO2-B-11-d,Addition
7002,7003,ts_279_1_NO2-B-12-d,17,C4H8N2O3,"1,6,7,8",1,98,5,103,NO2-B-12-d,Addition
7003,7004,ts_279_1_R-B-7,18,C7H9NO,"1,6,7,8",1,93,5,98,R-B-7,Cyclization
7004,7005,ts_279_1_RR-B-8-a,28,C10H12FNO4,"1,6,7,8,9",0,99,5,104,RR-B-8-a,Rearrangement
7005,7006,ts_279_1_S-A-2,24,C9H11ClFNO,"1,6,7,8,9,17",0,99,5,104,S-A-2,Substitution
7006,7007,ts_279_1_S-A-8,20,C5H10ClFO3,"1,6,8,9,17",0,98,5,103,S-A-8,Substitution
7007,7008,ts_279_1_S-A-12,23,C7H11FO4,"1,6,8,9",0,95,5,100,S-A-12,Substitution
7008,7009,ts_279_1_S-A-13,27,C10H13NO3,"1,6,7,8",1,99,5,104,S-A-13,Substitution
7009,7010,ts_279_2_R-A-5,19,C5H10N2O2,"1,6,7,8",1,92,5,97,R-A-5,Cyclization
7010,7011,ts_280_1_NO2-B-3-d,15,C5H5N3O2,"1,6,7,8",1,93,5,98,NO2-B-3-d,Addition
7011,7012,ts_280_1_R-A-6,24,C5H15N3O,"1,6,7,8",1,100,5,105,R-A-6,Cyclization
7012,7013,ts_280_1_R-B-7,15,C6H6FNO,"1,6,7,8,9",0,95,5,100,R-B-7,Cyclization
7013,7014,ts_280_1_RR-A-12,46,C21H19N3O3,"1,6,7,8",1,78,3,81,RR-A-12,Rearrangement
7014,7015,ts_280_1_RR-A-18,28,C11H15NO,"1,6,7,8",1,100,5,105,RR-A-18,Rearrangement
7015,7016,ts_280_1_RR-B-8-b,22,C8H7N3O4,"1,6,7,8",1,94,5,99,RR-B-8-b,Rearrangement
7016,7017,ts_280_1_S-A-5,18,C4H7ClFNO4,"1,6,7,8,9,17",0,97,5,102,S-A-5,Substitution
7017,7018,ts_280_1_S-A-7,14,C4H2BrCl2NO4,"1,6,7,8,17,35",0,90,5,95,S-A-7,Substitution
7018,7019,ts_280_1_S-A-12,25,C7H10FNO6,"1,6,7,8,9",0,96,5,101,S-A-12,Substitution
7019,7020,ts_280_1_S-D-2,18,C3H8BrNO5,"1,6,7,8,35",0,99,5,104,S-D-2,Substitution
7020,7021,ts_280_2_A-E-8,20,C6H11FO2,"1,6,8,9",0,100,5,105,A-E-8,Addition
7021,7022,ts_280_2_A-E-14,21,C5H10ClFO3S,"1,6,8,9,16,17",0,100,5,105,A-E-14,Addition
7022,7023,ts_280_2_NO2-A-6-a,16,C3H6ClNO4S,"1,6,7,8,16,17",0,96,5,101,NO2-A-6-a,Substitution
7023,7024,ts_280_2_R-A-5,23,C5H14N2O2,"1,6,7,8",1,100,5,105,R-A-5,Cyclization
7024,7025,ts_280_2_R-B-10,19,C6H10O3,"1,6,8",1,98,5,103,R-B-10,Cyclization
7025,7026,ts_280_2_S-D-10,19,C4H6N2O6S,"1,6,7,8,16",0,90,5,95,S-D-10,Substitution
7026,7027,ts_281_1_NO2-B-12-d,16,C4H6N2O4,"1,6,7,8",1,90,5,95,NO2-B-12-d,Addition
7027,7028,ts_281_1_R-A-4,29,C8H16ClNO3,"1,6,7,8,17",0,98,5,103,R-A-4,Cyclization
7028,7029,ts_281_1_R-B-15-a,18,C6H6ClNO4,"1,6,7,8,17",0,93,5,98,R-B-15-a,Rearrangement
7029,7030,ts_281_1_RR-A-6,21,C10H7NO3,"1,6,7,8",1,92,5,97,RR-A-6,Rearrangement
7030,7031,ts_281_1_RR-A-8-c,14,C5H5N3O,"1,6,7,8",1,87,5,92,RR-A-8-c,Rearrangement
7031,7032,ts_281_1_RR-A-13-a,31,C12H17NO,"1,6,7,8",1,100,5,105,RR-A-13-a,Rearrangement
7032,7033,ts_281_1_RR-B-7-b,20,C4H12N2O2,"1,6,7,8",1,100,5,105,RR-B-7-b,Rearrangement
7033,7034,ts_281_1_S-A-18,21,C6H9ClFNO3,"1,6,7,8,9,17",0,95,5,100,S-A-18,Substitution
7034,7035,ts_281_1_S-D-10,18,C3H6BrNO6S,"1,6,7,8,16,35",0,96,5,101,S-D-10,Substitution
7035,7036,ts_281_2_A-E-2,19,C5H11FO2,"1,6,8,9",0,100,5,105,A-E-2,Addition
7036,7037,ts_281_2_R-B-2,18,C7H9NO,"1,6,7,8",1,99,5,104,R-B-2,Cyclization
7037,7038,ts_281_2_R-B-3,21,C7H12N2,"1,6,7",1,96,5,101,R-B-3,Cyclization
7038,7039,ts_282_1_E-1,19,C5H10N2O2,"1,6,7,8",1,98,5,103,E-1,Addition
7039,7040,ts_282_1_NO2-A-1-a,18,C4H6BrNO6,"1,6,7,8,35",0,93,5,98,NO2-A-1-a,Substitution
7040,7041,ts_282_1_R-A-7,25,C7H13NO4,"1,6,7,8",1,98,5,103,R-A-7,Cyclization
7041,7042,ts_282_1_R-B-3,18,C6H10N2,"1,6,7",1,98,5,103,R-B-3,Cyclization
7042,7043,ts_282_1_S-A-8,27,C7H14ClNO4,"1,6,7,8,17",0,95,5,100,S-A-8,Substitution
7043,7044,ts_282_1_S-A-9,29,C8H16ClNO3,"1,6,7,8,17",0,99,5,104,S-A-9,Substitution
7044,7045,ts_282_1_S-A-14,20,C5H10ClNO2S,"1,6,7,8,16,17",0,91,5,96,S-A-14,Substitution
7045,7046,ts_282_1_S-A-15,30,C10H15FN2O2,"1,6,7,8,9",0,99,5,104,S-A-15,Substitution
7046,7047,ts_282_1_S-A-18,21,C6H9ClFNO3,"1,6,7,8,9,17",0,97,5,102,S-A-18,Substitution
7047,7048,ts_282_1_S-A-24,37,C11H22ClNO2,"1,6,7,8,17",0,100,5,105,S-A-24,Substitution
7048,7049,ts_282_1_S-D-9,17,C3H6BrNO5S,"1,6,7,8,16,35",0,97,5,102,S-D-9,Substitution
7049,7050,ts_282_2_R-B-2,21,C8H11NO,"1,6,7,8",1,97,5,102,R-B-2,Cyclization
7050,7051,ts_283_1_A-E-16,15,C4H7BrClFS,"1,6,9,16,17,35",0,100,5,105,A-E-16,Addition
7051,7052,ts_283_1_A-E-24,15,C4H7Br2FS,"1,6,9,16,35",0,100,5,105,A-E-24,Addition
7052,7053,ts_283_1_NO2-B-3-e,20,C5H11NO3,"1,6,7,8",1,100,5,105,NO2-B-3-e,Addition
7053,7054,ts_283_1_R-B-10,18,C6H9NO2,"1,6,7,8",1,91,5,96,R-B-10,Cyclization
7054,7055,ts_283_1_RR-A-6,20,C9H7BrO3,"1,6,8,35",0,93,5,98,RR-A-6,Rearrangement
7055,7056,ts_283_1_RR-A-8-c,13,C4H5FN2O,"1,6,7,8,9",0,98,5,103,RR-A-8-c,Rearrangement
7056,7057,ts_283_1_RR-B-6-a,14,C4H6BrNO2,"1,6,7,8,35",0,95,5,100,RR-B-6-a,Rearrangement
7057,7058,ts_283_1_S-A-4,19,C5H9NO4,"1,6,7,8",1,96,5,101,S-A-4,Substitution
7058,7059,ts_283_1_S-A-10,31,C8H18N2O3,"1,6,7,8",1,98,5,103,S-A-10,Substitution
7059,7060,ts_283_1_S-A-14,20,C5H10ClNO2S,"1,6,7,8,16,17",0,98,5,103,S-A-14,Substitution
7060,7061,ts_283_1_S-A-16,27,C10H13ClO2S,"1,6,8,16,17",0,100,5,105,S-A-16,Substitution
7061,7062,ts_283_1_S-A-26,16,C4H7ClFNO2,"1,6,7,8,9,17",0,95,5,100,S-A-26,Substitution
7062,7063,ts_283_1_S-B-5-a,19,C5H10O4,"1,6,8",1,100,5,105,S-B-5-a,Rearrangement
7063,7064,ts_283_2_A-E-24,15,C4H7Br2FS,"1,6,9,16,35",0,100,5,105,A-E-24,Addition
7064,7065,ts_284_1_A-E-8,19,C6H9FO3,"1,6,8,9",0,99,5,104,A-E-8,Addition
7065,7066,ts_284_1_NO2-B-8-d,19,C3H7ClN2O5S,"1,6,7,8,16,17",0,98,5,103,NO2-B-8-d,Addition
7066,7067,ts_284_1_RR-B-6-b,18,C5H9NO3,"1,6,7,8",1,99,5,104,RR-B-6-b,Rearrangement
7067,7068,ts_284_1_S-A-8,26,C7H13ClO5,"1,6,8,17",0,98,5,103,S-A-8,Substitution
7068,7069,ts_284_1_S-A-10,30,C8H17NO4,"1,6,7,8",1,95,5,100,S-A-10,Substitution
7069,7070,ts_284_2_NO2-A-9-b,11,CH2ClN3O4,"1,6,7,8,17",0,100,5,105,NO2-A-9-b,Rearrangement
7070,7071,ts_284_2_R-B-3,18,C6H9ClN2,"1,6,7,17",0,98,5,103,R-B-3,Cyclization
7071,7072,ts_285_1_A-E-6,21,C6H12FNO,"1,6,7,8,9",0,99,5,104,A-E-6,Addition
7072,7073,ts_285_1_E-2-b,18,C5H9NO3,"1,6,7,8",1,94,5,99,E-2-b,Addition
7073,7074,ts_285_1_NO2-A-3-a,15,C3H7NO4,"1,6,7,8",1,94,5,99,NO2-A-3-a,Substitution
7074,7075,ts_285_1_NO2-A-3-d,13,C2H3BrN2O5,"1,6,7,8,35",0,90,5,95,NO2-A-3-d,Addition
7075,7076,ts_285_1_NO2-B-3-e,19,C5H9NO4,"1,6,7,8",1,98,5,103,NO2-B-3-e,Addition
7076,7077,ts_285_1_NO2-B-8-d,19,C3H7ClN2O5S,"1,6,7,8,16,17",0,99,5,104,NO2-B-8-d,Addition
7077,7078,ts_285_1_NO2-B-12-d,20,C5H9N3O3,"1,6,7,8",1,85,5,90,NO2-B-12-d,Addition
7078,7079,ts_285_1_R-A-4,29,C8H18ClNO,"1,6,7,8,17",0,100,5,105,R-A-4,Cyclization
7079,7080,ts_285_1_R-B-4,17,C5H9FN2,"1,6,7,9",0,100,5,105,R-B-4,Cyclization
7080,7081,ts_285_1_RR-A-12,45,C22H19N3O,"1,6,7,8",1,71,3,74,RR-A-12,Rearrangement
7081,7082,ts_285_1_RR-B-7-a,16,C3H9NO3,"1,6,7,8",1,100,5,105,RR-B-7-a,Rearrangement
7082,7083,ts_285_1_S-A-4,20,C5H9NO5,"1,6,7,8",1,92,5,97,S-A-4,Substitution
7083,7084,ts_285_1_S-A-13,29,C10H14BrNO3,"1,6,7,8,35",0,100,5,105,S-A-13,Substitution
7084,7085,ts_285_1_S-B-3-a,15,C4H9NO,"1,6,7,8",1,100,5,105,S-B-3-a,Rearrangement
7085,7086,ts_285_1_S-C-2-ab,25,C8H8N2O7,"1,6,7,8",1,92,5,97,S-C-2-ab,Substitution
7086,7087,ts_285_2_NO2-A-8-a,21,C3H10N2O5S,"1,6,7,8,16",0,99,5,104,NO2-A-8-a,Substitution
7087,7088,ts_286_1_A-A-1,18,C3H9FN2O3,"1,6,7,8,9",0,100,5,105,A-A-1,Addition
7088,7089,ts_286_1_A-D-2,28,C8H14FNO4,"1,6,7,8,9",0,97,5,102,A-D-2,Addition
7089,7090,ts_286_1_E-2-b,16,C5H7NO3,"1,6,7,8",1,92,5,97,E-2-b,Addition
7090,7091,ts_286_1_NO2-A-1-b,14,C3H3BrN2O5,"1,6,7,8,35",0,97,5,102,NO2-A-1-b,Rearrangement
7091,7092,ts_286_1_NO2-A-6-b,13,C2H3BrN2O4S,"1,6,7,8,16,35",0,96,5,101,NO2-A-6-b,Rearrangement
7092,7093,ts_286_1_NO2-A-6-d,19,C3H8N2O5S,"1,6,7,8,16",0,98,5,103,NO2-A-6-d,Addition
7093,7094,ts_286_1_R-B-5,23,C6H13N3O,"1,6,7,8",1,100,5,105,R-B-5,Cyclization
7094,7095,ts_286_1_RR-A-13-a,29,C12H14O3,"1,6,8",1,97,5,102,RR-A-13-a,Rearrangement
7095,7096,ts_286_1_RR-B-7-b,18,C4H9NO4,"1,6,7,8",1,99,5,104,RR-B-7-b,Rearrangement
7096,7097,ts_286_1_RR-B-8-b,21,C7H7BrN2O4,"1,6,7,8,35",0,96,5,101,RR-B-8-b,Rearrangement
7097,7098,ts_286_1_S-A-5,21,C6H9ClO5,"1,6,8,17",0,95,5,100,S-A-5,Substitution
7098,7099,ts_286_1_S-C-2-aa,25,C8H8N2O7,"1,6,7,8",1,96,5,101,S-C-2-aa,Substitution
7099,7100,ts_286_1_S-D-2,19,C3H9FN2O4,"1,6,7,8,9",0,99,5,104,S-D-2,Substitution
7100,7101,ts_286_2_R-A-7,24,C6H13NO4,"1,6,7,8",1,98,5,103,R-A-7,Cyclization
7101,7102,ts_286_2_R-B-10,19,C5H9NO4,"1,6,7,8",1,100,5,105,R-B-10,Cyclization
7102,7103,ts_286_2_S-D-9,21,C4H9NO6S,"1,6,7,8,16",0,95,5,100,S-D-9,Substitution
7103,7104,ts_287_1_A-E-2,17,C4H11NO,"1,6,7,8",1,100,5,105,A-E-2,Addition
7104,7105,ts_287_1_A-E-14,20,C4H10ClNO3S,"1,6,7,8,16,17",0,99,5,104,A-E-14,Addition
7105,7106,ts_287_1_A-H-1,17,C4H9ClN2O,"1,6,7,8,17",0,97,5,102,A-H-1,Addition
7106,7107,ts_287_1_E-2-b,16,C5H7NO3,"1,6,7,8",1,94,5,99,E-2-b,Addition
7107,7108,ts_287_1_NO2-A-1-a,24,C5H12N2O5,"1,6,7,8",1,95,5,100,NO2-A-1-a,Substitution
7108,7109,ts_287_1_NO2-A-8-a,24,C4H12N2O5S,"1,6,7,8,16",0,99,5,104,NO2-A-8-a,Substitution
7109,7110,ts_287_1_R-A-6,17,C4H10FNO,"1,6,7,8,9",0,100,5,105,R-A-6,Cyclization
7110,7111,ts_287_1_RR-A-13-b,31,C13H16O2,"1,6,8",1,99,5,104,RR-A-13-b,Rearrangement
7111,7112,ts_287_1_S-A-12,28,C9H12O7,"1,6,8",1,92,5,97,S-A-12,Substitution
7112,7113,ts_287_1_S-B-5-a,18,C5H9NO3,"1,6,7,8",1,97,5,102,S-B-5-a,Rearrangement
7113,7114,ts_287_1_S-C-2-aa,23,C8H8ClNO5,"1,6,7,8,17",0,98,5,103,S-C-2-aa,Substitution
7114,7115,ts_287_1_S-G-6,19,C2H9ClN2O4S,"1,6,7,8,16,17",0,99,5,104,S-G-6,Substitution
7115,7116,ts_287_2_A-E-24,18,C4H10BrNOS,"1,6,7,8,16,35",0,100,5,105,A-E-24,Addition
7116,7117,ts_287_2_NO2-A-3-b,12,C2HN3O6,"1,6,7,8",1,95,5,100,NO2-A-3-b,Rearrangement
7117,7118,ts_287_2_NO2-A-6-b,13,C2H3BrN2O4S,"1,6,7,8,16,35",0,98,5,103,NO2-A-6-b,Rearrangement
7118,7119,ts_288_1_A-D-2,28,C8H14BrNO4,"1,6,7,8,35",0,98,5,103,A-D-2,Addition
7119,7120,ts_288_1_NO2-A-1-d,19,C3H5N3O8,"1,6,7,8",1,90,5,95,NO2-A-1-d,Addition
7120,7121,ts_288_1_NO2-A-6-d,21,C4H9NO6S,"1,6,7,8,16",0,99,5,104,NO2-A-6-d,Addition
7121,7122,ts_288_1_NO2-A-11-a,26,C9H11FN2O3,"1,6,7,8,9",0,96,5,101,NO2-A-11-a,Substitution
7122,7123,ts_288_1_NO2-B-3-d,13,C3H5ClFNO2,"1,6,7,8,9,17",0,97,5,102,NO2-B-3-d,Addition
7123,7124,ts_288_1_RR-A-1,14,C3H4N2O5,"1,6,7,8",1,98,5,103,RR-A-1,Rearrangement
7124,7125,ts_288_1_RR-A-2-a,22,C8H8N2O4,"1,6,7,8",1,91,5,96,RR-A-2-a,Rearrangement
7125,7126,ts_288_1_RR-A-6,26,C10H13NO2,"1,6,7,8",1,100,5,105,RR-A-6,Rearrangement
7126,7127,ts_288_1_RR-A-13-a,31,C13H16O2,"1,6,8",1,100,5,105,RR-A-13-a,Rearrangement
7127,7128,ts_288_1_S-A-2,31,C12H14ClNO3,"1,6,7,8,17",0,100,5,105,S-A-2,Substitution
7128,7129,ts_288_1_S-A-6,20,C5H10FNO3,"1,6,7,8,9",0,99,5,104,S-A-6,Substitution
7129,7130,ts_288_1_S-A-8,27,C8H13ClO5,"1,6,8,17",0,93,5,98,S-A-8,Substitution
7130,7131,ts_288_1_S-A-15,32,C10H15N3O4,"1,6,7,8",1,97,5,102,S-A-15,Substitution
7131,7132,ts_288_1_S-C-2-ab,23,C8H8ClNO5,"1,6,7,8,17",0,91,5,96,S-C-2-ab,Substitution
7132,7133,ts_288_1_S-D-11,25,C4H12N2O6S,"1,6,7,8,16",0,99,5,104,S-D-11,Substitution
7133,7134,ts_288_1_S-G-2,19,C3H7ClO7S,"1,6,8,16,17",0,99,5,104,S-G-2,Substitution
7134,7135,ts_288_2_A-E-16,17,C4H9Cl2NS,"1,6,7,16,17",0,100,5,105,A-E-16,Addition
7135,7136,ts_288_2_R-A-6,18,C4H10FNO2,"1,6,7,8,9",0,100,5,105,R-A-6,Cyclization
7136,7137,ts_289_1_A-E-8,20,C5H10N2O3,"1,6,7,8",1,99,5,104,A-E-8,Addition
7137,7138,ts_289_1_NO2-A-1-b,12,C3H3ClFNO3,"1,6,7,8,9,17",0,97,5,102,NO2-A-1-b,Rearrangement
7138,7139,ts_289_1_NO2-A-3-a,15,C3H5NO6,"1,6,7,8",1,97,5,102,NO2-A-3-a,Substitution
7139,7140,ts_289_1_NO2-B-12-d,17,C5H6N2O4,"1,6,7,8",1,88,5,93,NO2-B-12-d,Addition
7140,7141,ts_289_1_R-B-15-a,23,C6H12ClNO3,"1,6,7,8,17",0,100,5,105,R-B-15-a,Rearrangement
7141,7142,ts_289_1_RR-A-1,10,C3H4ClFO,"1,6,8,9,17",0,99,5,104,RR-A-1,Rearrangement
7142,7143,ts_289_1_RR-A-13-c,29,C12H16O,"1,6,8",1,100,5,105,RR-A-13-c,Rearrangement
7143,7144,ts_289_1_S-A-6,25,C6H14N2O3,"1,6,7,8",1,93,5,98,S-A-6,Substitution
7144,7145,ts_289_1_S-A-18,16,C4H6BrClFNO2,"1,6,7,8,9,17,35",0,97,5,102,S-A-18,Substitution
7145,7146,ts_289_1_S-C-1,32,C12H16BrClN2,"1,6,7,17,35",0,94,5,99,S-C-1,Substitution
7146,7147,ts_289_1_S-D-9,23,C4H12N2O4S,"1,6,7,8,16",0,99,5,104,S-D-9,Substitution
7147,7148,ts_289_2_A-E-2,17,C4H10ClNO,"1,6,7,8,17",0,100,5,105,A-E-2,Addition
7148,7149,ts_289_2_S-A-4,24,C6H12N2O4,"1,6,7,8",1,96,5,101,S-A-4,Substitution
7149,7150,ts_290_1_A-E-2,19,C4H10N2O3,"1,6,7,8",1,98,5,103,A-E-2,Addition
7150,7151,ts_290_1_NO2-A-11-a,26,C9H11BrN2O3,"1,6,7,8,35",0,94,5,99,NO2-A-11-a,Substitution
7151,7152,ts_290_1_R-A-1,16,C3H9ClN2O,"1,6,7,8,17",0,100,5,105,R-A-1,Cyclization
7152,7153,ts_290_1_R-B-5,23,C6H13N3O,"1,6,7,8",1,100,5,105,R-B-5,Cyclization
7153,7154,ts_290_1_RR-B-1-b,11,C3H4ClFO2,"1,6,8,9,17",0,98,5,103,RR-B-1-b,Rearrangement
7154,7155,ts_290_1_S-A-1,24,C6H13NO4,"1,6,7,8",1,94,5,99,S-A-1,Substitution
7155,7156,ts_290_1_S-A-5,23,C6H12ClNO3,"1,6,7,8,17",0,97,5,102,S-A-5,Substitution
7156,7157,ts_290_2_S-A-4,21,C6H9NO5,"1,6,7,8",1,93,5,98,S-A-4,Substitution
7157,7158,ts_290_3_S-A-11,19,C5H7ClO6,"1,6,8,17",0,97,5,102,S-A-11,Substitution
7158,7159,ts_291_1_A-E-6,24,C7H13N3O,"1,6,7,8",1,92,5,97,A-E-6,Addition
7159,7160,ts_291_1_A-E-24,18,C5H9BrN2S,"1,6,7,16,35",0,99,5,104,A-E-24,Addition
7160,7161,ts_291_1_E-2-a,6,CHBrFNO,"1,6,7,8,9,35",0,99,5,104,E-2-a,Addition
7161,7162,ts_291_1_NO2-A-1-a,23,C5H11NO6,"1,6,7,8",1,97,5,102,NO2-A-1-a,Substitution
7162,7163,ts_291_1_R-B-2,17,C7H6N2O2,"1,6,7,8",1,90,5,95,R-B-2,Cyclization
7163,7164,ts_291_1_RR-A-6,25,C10H12O3,"1,6,8",1,100,5,105,RR-A-6,Rearrangement
7164,7165,ts_291_1_RR-A-13-b,26,C11H13ClO,"1,6,8,17",0,100,5,105,RR-A-13-b,Rearrangement
7165,7166,ts_291_1_S-A-4,19,C5H8BrNO4,"1,6,7,8,35",0,97,5,102,S-A-4,Substitution
7166,7167,ts_291_1_S-B-2,23,C7H11BrN2O2,"1,6,7,8,35",0,94,5,99,S-B-2,Substitution
7167,7168,ts_291_1_S-G-4,22,C4H8O9S,"1,6,8,16",0,95,5,100,S-G-4,Substitution
7168,7169,ts_291_2_NO2-A-3-a,17,C4H7NO5,"1,6,7,8",1,100,5,105,NO2-A-3-a,Substitution
7169,7170,ts_291_2_R-B-7,22,C7H11NO3,"1,6,7,8",1,98,5,103,R-B-7,Cyclization
7170,7171,ts_291_2_S-A-9,27,C8H15ClO3,"1,6,8,17",0,97,5,102,S-A-9,Substitution
7171,7172,ts_292_1_A-E-6,28,C7H17N3O,"1,6,7,8",1,100,5,105,A-E-6,Addition
7172,7173,ts_292_1_NO2-A-5-a,24,C5H12BrN3O3,"1,6,7,8,35",0,94,5,99,NO2-A-5-a,Substitution
7173,7174,ts_292_1_NO2-A-6-a,19,C3H9BrN2O3S,"1,6,7,8,16,35",0,97,5,102,NO2-A-6-a,Substitution
7174,7175,ts_292_1_R-B-14,21,C6H12O3,"1,6,8",1,100,5,105,R-B-14,Cyclization
7175,7176,ts_292_1_RR-A-13-a,26,C11H13BrO,"1,6,8,35",0,100,5,105,RR-A-13-a,Rearrangement
7176,7177,ts_292_1_RR-B-6-a,15,C4H7NO3,"1,6,7,8",1,98,5,103,RR-B-6-a,Rearrangement
7177,7178,ts_292_1_RR-B-7-a,20,C4H10N2O4,"1,6,7,8",1,99,5,104,RR-B-7-a,Rearrangement
7178,7179,ts_292_1_S-A-8,22,C6H10Cl2O4,"1,6,8,17",0,96,5,101,S-A-8,Substitution
7179,7180,ts_292_1_S-A-11,17,C5H6ClNO4,"1,6,7,8,17",0,91,5,96,S-A-11,Substitution
7180,7181,ts_292_1_S-A-14,15,C4H6Cl2O2S,"1,6,8,16,17",0,95,5,100,S-A-14,Substitution
7181,7182,ts_292_1_S-A-21,11,C2H4Cl2FNO,"1,6,7,8,9,17",0,96,5,101,S-A-21,Substitution
7182,7183,ts_292_1_S-A-26,11,C2H4Cl2FNO,"1,6,7,8,9,17",0,98,5,103,S-A-26,Substitution
7183,7184,ts_292_2_A-E-16,22,C5H13ClN2S,"1,6,7,16,17",0,100,5,105,A-E-16,Addition
7184,7185,ts_292_2_S-B-3-a,16,C5H8O3,"1,6,8",1,100,5,105,S-B-3-a,Rearrangement
7185,7186,ts_293_1_E-1,15,C3H6N2O4,"1,6,7,8",1,95,5,100,E-1,Addition
7186,7187,ts_293_1_E-2-b,16,C4H8N2O2,"1,6,7,8",1,96,5,101,E-2-b,Addition
7187,7188,ts_293_1_NO2-A-1-b,12,C3H3BrFNO3,"1,6,7,8,9,35",0,100,5,105,NO2-A-1-b,Rearrangement
7188,7189,ts_293_1_NO2-A-3-d,11,C2H3BrFNO3,"1,6,7,8,9,35",0,99,5,104,NO2-A-3-d,Addition
7189,7190,ts_293_1_NO2-A-6-d,19,C4H7NO6S,"1,6,7,8,16",0,98,5,103,NO2-A-6-d,Addition
7190,7191,ts_293_1_NO2-A-8-a,22,C3H9N3O6S,"1,6,7,8,16",0,95,5,100,NO2-A-8-a,Substitution
7191,7192,ts_293_1_R-A-3,23,C6H12ClNO3,"1,6,7,8,17",0,95,5,100,R-A-3,Cyclization
7192,7193,ts_293_1_R-A-7,25,C6H14N2O3,"1,6,7,8",1,98,5,103,R-A-7,Cyclization
7193,7194,ts_293_1_RR-A-6,26,C11H12O3,"1,6,8",1,96,5,101,RR-A-6,Rearrangement
7194,7195,ts_293_1_RR-A-13-b,27,C12H13NO,"1,6,7,8",1,95,5,100,RR-A-13-b,Rearrangement
7195,7196,ts_293_1_RR-B-4-b,19,C5H8N4O2,"1,6,7,8",1,89,5,94,RR-B-4-b,Rearrangement
7196,7197,ts_293_1_S-A-2,28,C10H13ClN2O2,"1,6,7,8,17",0,96,5,101,S-A-2,Substitution
7197,7198,ts_293_1_S-A-3,28,C10H13BrN2O2,"1,6,7,8,35",0,95,5,100,S-A-3,Substitution
7198,7199,ts_293_1_S-A-13,27,C9H13BrN2O2,"1,6,7,8,35",0,100,5,105,S-A-13,Substitution
7199,7200,ts_293_1_S-A-26,11,C2H4BrClFNO,"1,6,7,8,9,17,35",0,95,5,100,S-A-26,Substitution
7200,7201,ts_293_1_S-B-3-a,16,C5H8O3,"1,6,8",1,99,5,104,S-B-3-a,Rearrangement
7201,7202,ts_293_1_S-D-11,25,C5H11NO7S,"1,6,7,8,16",0,95,5,100,S-D-11,Substitution
7202,7203,ts_293_2_R-B-2,16,C8H6N2,"1,6,7",1,89,5,94,R-B-2,Cyclization
7203,7204,ts_293_2_R-B-3,21,C7H10N2O2,"1,6,7,8",1,97,5,102,R-B-3,Cyclization
7204,7205,ts_293_3_R-B-10,21,C6H9NO5,"1,6,7,8",1,98,5,103,R-B-10,Cyclization
7205,7206,ts_294_1_A-E-2,21,C5H13NO2,"1,6,7,8",1,100,5,105,A-E-2,Addition
7206,7207,ts_294_1_A-E-8,20,C6H11NO2,"1,6,7,8",1,95,5,100,A-E-8,Addition
7207,7208,ts_294_1_E-1,14,C4H6N2O2,"1,6,7,8",1,95,5,100,E-1,Addition
7208,7209,ts_294_1_NO2-A-3-d,13,C2H3FN2O5,"1,6,7,8,9",0,91,5,96,NO2-A-3-d,Addition
7209,7210,ts_294_1_NO2-A-9-b,9,CH2BrFN2O2,"1,6,7,8,9,35",0,100,5,105,NO2-A-9-b,Rearrangement
7210,7211,ts_294_1_NO2-A-11-a,27,C8H11N3O5,"1,6,7,8",1,94,5,99,NO2-A-11-a,Substitution
7211,7212,ts_294_1_R-A-8,30,C8H18BrNO2,"1,6,7,8,35",0,100,5,105,R-A-8,Cyclization
7212,7213,ts_294_1_RR-A-1,10,C3H4BrFO,"1,6,8,9,35",0,99,5,104,RR-A-1,Rearrangement
7213,7214,ts_294_1_RR-B-7-b,17,C3H10N2O2,"1,6,7,8",1,98,5,103,RR-B-7-b,Rearrangement
7214,7215,ts_294_1_S-B-5-a,16,C4H8BrNO2,"1,6,7,8,35",0,98,5,103,S-B-5-a,Rearrangement
7215,7216,ts_294_1_S-B-8,15,C4H5NO5,"1,6,7,8",1,94,5,99,S-B-8,Substitution
7216,7217,ts_294_1_S-G-6,19,C2H7ClN2O6S,"1,6,7,8,16,17",0,96,5,101,S-G-6,Substitution
7217,7218,ts_294_2_S-A-9,24,C7H12ClFO3,"1,6,8,9,17",0,96,5,101,S-A-9,Substitution
7218,7219,ts_295_1_NO2-A-6-a,20,C4H9N3O3S,"1,6,7,8,16",0,95,5,100,NO2-A-6-a,Substitution
7219,7220,ts_295_1_NO2-A-6-b,13,C2H3FN2O4S,"1,6,7,8,9,16",0,98,5,103,NO2-A-6-b,Rearrangement
7220,7221,ts_295_1_NO2-A-9-e,15,C2H7FN2O3,"1,6,7,8,9",0,99,5,104,NO2-A-9-e,Addition
7221,7222,ts_295_1_R-A-1,17,C4H8ClNO3,"1,6,7,8,17",0,99,5,104,R-A-1,Cyclization
7222,7223,ts_295_1_R-A-4,21,C6H12ClFO,"1,6,8,9,17",0,100,5,105,R-A-4,Cyclization
7223,7224,ts_295_1_R-A-5,18,C5H9FO3,"1,6,8,9",0,100,5,105,R-A-5,Cyclization
7224,7225,ts_295_1_R-B-4,20,C7H10N2O,"1,6,7,8",1,95,5,100,R-B-4,Cyclization
7225,7226,ts_295_1_RR-A-2-b,26,C11H11NO3,"1,6,7,8",1,85,5,90,RR-A-2-b,Rearrangement
7226,7227,ts_295_1_RR-A-10,26,C9H15FO,"1,6,8,9",0,100,5,105,RR-A-10,Rearrangement
7227,7228,ts_295_1_RR-A-13-a,26,C11H13FO,"1,6,8,9",0,99,5,104,RR-A-13-a,Rearrangement
7228,7229,ts_295_1_RR-B-7-a,18,C4H7NO6,"1,6,7,8",1,97,5,102,RR-B-7-a,Rearrangement
7229,7230,ts_295_1_S-A-5,20,C6H9ClO4,"1,6,8,17",0,93,5,98,S-A-5,Substitution
7230,7231,ts_295_2_A-E-16,22,C6H12ClNOS,"1,6,7,8,16,17",0,100,5,105,A-E-16,Addition
7231,7232,ts_295_2_NO2-A-8-b,14,C2H3FN2O5S,"1,6,7,8,9,16",0,96,5,101,NO2-A-8-b,Rearrangement
7232,7233,ts_295_2_S-B-8,21,C6H9NO5,"1,6,7,8",1,89,5,94,S-B-8,Substitution
7233,7234,ts_295_2_S-D-9,18,C3H8FNO4S,"1,6,7,8,9,16",0,98,5,103,S-D-9,Substitution
7234,7235,ts_295_3_S-B-8,21,C6H9NO5,"1,6,7,8",1,96,5,101,S-B-8,Substitution
7235,7236,ts_296_1_E-1,15,C4H7NO3,"1,6,7,8",1,96,5,101,E-1,Addition
7236,7237,ts_296_1_NO2-A-1-a,19,C4H8ClNO5,"1,6,7,8,17",0,97,5,102,NO2-A-1-a,Substitution
7237,7238,ts_296_1_NO2-A-6-a,24,C4H13N3O3S,"1,6,7,8,16",0,99,5,104,NO2-A-6-a,Substitution
7238,7239,ts_296_1_NO2-B-2-d,29,C11H12ClNO4,"1,6,7,8,17",0,97,5,102,NO2-B-2-d,Addition
7239,7240,ts_296_1_NO2-B-3-e,19,C5H9NO4,"1,6,7,8",1,100,5,105,NO2-B-3-e,Addition
7240,7241,ts_296_1_NO2-B-8-e,19,C3H7FN2O5S,"1,6,7,8,9,16",0,100,5,105,NO2-B-8-e,Addition
7241,7242,ts_296_1_RR-A-6,21,C9H9FO2,"1,6,8,9",0,100,5,105,RR-A-6,Rearrangement
7242,7243,ts_296_1_RR-A-10,28,C10H16O2,"1,6,8",1,95,5,100,RR-A-10,Rearrangement
7243,7244,ts_296_1_RR-A-12,41,C20H17BrN2O,"1,6,7,8,35",0,80,3,83,RR-A-12,Rearrangement
7244,7245,ts_296_1_RR-B-1-b,13,C3H4FNO4,"1,6,7,8,9",0,97,5,102,RR-B-1-b,Rearrangement
7245,7246,ts_296_1_S-A-17,25,C6H14N2O3,"1,6,7,8",1,98,5,103,S-A-17,Substitution
7246,7247,ts_296_1_S-A-26,10,C3H2ClF2NO,"1,6,7,8,9,17",0,86,5,91,S-A-26,Substitution
7247,7248,ts_296_1_S-B-3-a,8,C2H4O2,"1,6,8",1,100,5,105,S-B-3-a,Rearrangement
7248,7249,ts_296_1_S-B-5-b,10,C2H2Br2Cl2O2,"1,6,8,17,35",0,99,5,104,S-B-5-b,Addition
7249,7250,ts_296_1_S-C-2-aa,28,C9H12N2O5,"1,6,7,8",1,95,5,100,S-C-2-aa,Substitution
7250,7251,ts_296_1_S-G-1,20,C3H9Cl2NO4S,"1,6,7,8,16,17",0,99,5,104,S-G-1,Substitution
7251,7252,ts_296_2_A-E-14,19,C4H9BrClNO2S,"1,6,7,8,16,17,35",0,99,5,104,A-E-14,Addition
7252,7253,ts_296_2_NO2-A-6-a,24,C4H13N3O3S,"1,6,7,8,16",0,99,5,104,NO2-A-6-a,Substitution
7253,7254,ts_296_2_R-A-5,21,C6H11FO3,"1,6,8,9",0,99,5,104,R-A-5,Cyclization
7254,7255,ts_296_2_RR-B-7-a,18,C4H7NO6,"1,6,7,8",1,99,5,104,RR-B-7-a,Rearrangement
7255,7256,ts_296_2_S-A-19,21,C5H11BrN2O2,"1,6,7,8,35",0,98,5,103,S-A-19,Substitution
7256,7257,ts_296_2_S-D-9,18,C3H8FNO4S,"1,6,7,8,9,16",0,98,5,103,S-D-9,Substitution
7257,7258,ts_297_1_NO2-B-8-d,17,C3H7Cl2NO3S,"1,6,7,8,16,17",0,100,5,105,NO2-B-8-d,Addition
7258,7259,ts_297_1_R-A-4,29,C8H17ClFNO,"1,6,7,8,9,17",0,100,5,105,R-A-4,Cyclization
7259,7260,ts_297_1_R-A-5,16,C4H8BrFO2,"1,6,8,9,35",0,100,5,105,R-A-5,Cyclization
7260,7261,ts_297_1_R-B-15-a,18,C5H8ClFO3,"1,6,8,9,17",0,100,5,105,R-B-15-a,Rearrangement
7261,7262,ts_297_1_RR-A-2-b,27,C11H12O4,"1,6,8",1,97,5,102,RR-A-2-b,Rearrangement
7262,7263,ts_297_1_RR-A-8-c,12,C3H5Cl2NO,"1,6,7,8,17",0,99,5,104,RR-A-8-c,Rearrangement
7263,7264,ts_297_1_RR-A-13-a,29,C12H14O3,"1,6,8",1,98,5,103,RR-A-13-a,Rearrangement
7264,7265,ts_297_1_S-A-2,29,C11H12ClNO4,"1,6,7,8,17",0,94,5,99,S-A-2,Substitution
7265,7266,ts_297_1_S-A-4,21,C5H8N2O6,"1,6,7,8",1,95,5,100,S-A-4,Substitution
7266,7267,ts_297_1_S-A-8,25,C7H11ClO6,"1,6,8,17",0,96,5,101,S-A-8,Substitution
7267,7268,ts_297_1_S-A-18,23,C6H11ClN2O3,"1,6,7,8,17",0,95,5,100,S-A-18,Substitution
7268,7269,ts_297_1_S-B-1,23,C7H9ClN2O4,"1,6,7,8,17",0,85,5,90,S-B-1,Substitution
7269,7270,ts_297_2_A-E-2,17,C4H10BrNO,"1,6,7,8,35",0,99,5,104,A-E-2,Addition
7270,7271,ts_297_2_R-A-7,22,C5H12N2O3,"1,6,7,8",1,97,5,102,R-A-7,Cyclization
7271,7272,ts_297_2_S-A-8,25,C7H11ClO6,"1,6,8,17",0,96,5,101,S-A-8,Substitution
7272,7273,ts_298_1_A-E-16,17,C4H10ClNS,"1,6,7,16,17",0,100,5,105,A-E-16,Addition
7273,7274,ts_298_1_NO2-B-3-e,19,C4H10N2O3,"1,6,7,8",1,100,5,105,NO2-B-3-e,Addition
7274,7275,ts_298_1_RR-A-2-a,19,C9H6FNO2,"1,6,7,8,9",0,90,5,95,RR-A-2-a,Rearrangement
7275,7276,ts_298_1_RR-A-6,21,C9H9ClO2,"1,6,8,17",0,100,5,105,RR-A-6,Rearrangement
7276,7277,ts_298_1_RR-A-8-c,12,C3H5F2NO,"1,6,7,8,9",0,100,5,105,RR-A-8-c,Rearrangement
7277,7278,ts_298_1_RR-B-4-b,18,C5H7N3O3,"1,6,7,8",1,86,5,91,RR-B-4-b,Rearrangement
7278,7279,ts_298_1_S-A-9,25,C8H12ClNO3,"1,6,7,8,17",0,87,5,92,S-A-9,Substitution
7279,7280,ts_298_1_S-A-21,11,C2H2Cl2FNO3,"1,6,7,8,9,17",0,92,5,97,S-A-21,Substitution
7280,7281,ts_298_1_S-A-26,11,C2H2Cl2FNO3,"1,6,7,8,9,17",0,96,5,101,S-A-26,Substitution
7281,7282,ts_298_1_S-D-11,20,C3H8ClNO6S,"1,6,7,8,16,17",0,99,5,104,S-D-11,Substitution
7282,7283,ts_298_1_S-G-5,23,C3H12FN3O3S,"1,6,7,8,9,16",0,100,5,105,S-G-5,Substitution
7283,7284,ts_298_2_S-A-9,25,C8H12ClNO3,"1,6,7,8,17",0,96,5,101,S-A-9,Substitution
7284,7285,ts_299_1_A-H-1,15,C4H5N3O3,"1,6,7,8",1,86,5,91,A-H-1,Addition
7285,7286,ts_299_1_NO2-A-1-b,16,C3H7N3O3,"1,6,7,8",1,98,5,103,NO2-A-1-b,Rearrangement
7286,7287,ts_299_1_NO2-A-9-e,18,C2H9N3O4,"1,6,7,8",1,100,5,105,NO2-A-9-e,Addition
7287,7288,ts_299_1_NO2-B-3-e,18,C4H9NO4,"1,6,7,8",1,99,5,104,NO2-B-3-e,Addition
7288,7289,ts_299_1_NO2-B-12-d,14,C4H5BrN2O2,"1,6,7,8,35",0,90,5,95,NO2-B-12-d,Addition
7289,7290,ts_299_1_R-A-5,16,C4H8F2O2,"1,6,8,9",0,100,5,105,R-A-5,Cyclization
7290,7291,ts_299_1_RR-A-2-b,27,C11H12O4,"1,6,8",1,99,5,104,RR-A-2-b,Rearrangement
7291,7292,ts_299_1_S-A-1,19,C5H10O4,"1,6,8",1,97,5,102,S-A-1,Substitution
7292,7293,ts_299_1_S-A-5,18,C5H9ClO3,"1,6,8,17",0,96,5,101,S-A-5,Substitution
7293,7294,ts_299_1_S-A-8,22,C6H11ClO4,"1,6,8,17",0,98,5,103,S-A-8,Substitution
7294,7295,ts_299_1_S-A-26,11,C2H2BrClFNO3,"1,6,7,8,9,17,35",0,92,5,97,S-A-26,Substitution
7295,7296,ts_299_1_S-B-3-b,15,C4H6Br2O3,"1,6,8,35",0,98,5,103,S-B-3-b,Rearrangement
7296,7297,ts_299_1_S-B-8,16,C3H6N2O5,"1,6,7,8",1,94,5,99,S-B-8,Substitution
7297,7298,ts_299_1_S-D-10,19,C3H8BrNO5S,"1,6,7,8,16,35",0,98,5,103,S-D-10,Substitution
7298,7299,ts_299_2_A-E-6,23,C6H13FN2O,"1,6,7,8,9",0,98,5,103,A-E-6,Addition
7299,7300,ts_299_2_NO2-A-6-a,17,C3H7N3O3S,"1,6,7,8,16",0,94,5,99,NO2-A-6-a,Substitution
7300,7301,ts_300_1_NO2-A-1-b,18,C5H7NO5,"1,6,7,8",1,96,5,101,NO2-A-1-b,Rearrangement
7301,7302,ts_300_1_NO2-A-3-b,14,C4H5NO4,"1,6,7,8",1,93,5,98,NO2-A-3-b,Rearrangement
7302,7303,ts_300_1_NO2-B-2-d,30,C12H12N2O4,"1,6,7,8",1,74,3,77,NO2-B-2-d,Addition
7303,7304,ts_300_1_RR-B-8-a,30,C11H13NO5,"1,6,7,8",1,96,5,101,RR-B-8-a,Rearrangement
7304,7305,ts_300_1_RR-B-8-b,25,C9H11NO4,"1,6,7,8",1,100,5,105,RR-B-8-b,Rearrangement
7305,7306,ts_300_1_S-A-12,27,C8H11NO7,"1,6,7,8",1,96,5,101,S-A-12,Substitution
7306,7307,ts_300_1_S-B-1,22,C6H8ClN3O4,"1,6,7,8,17",0,92,5,97,S-B-1,Substitution
7307,7308,ts_300_1_S-G-4,21,C4H9NO6S,"1,6,7,8,16",0,93,5,98,S-G-4,Substitution
7308,7309,ts_300_1_S-G-6,23,C3H12N2O5S,"1,6,7,8,16",0,98,5,103,S-G-6,Substitution
7309,7310,ts_300_2_A-E-8,19,C5H9NO4,"1,6,7,8",1,99,5,104,A-E-8,Addition
7310,7311,ts_300_2_NO2-A-6-a,16,C2H7ClN2O3S,"1,6,7,8,16,17",0,99,5,104,NO2-A-6-a,Substitution
7311,7312,ts_300_2_NO2-A-8-a,17,C2H7ClN2O4S,"1,6,7,8,16,17",0,100,5,105,NO2-A-8-a,Substitution
7312,7313,ts_300_2_RR-B-7-a,17,C4H7NO5,"1,6,7,8",1,95,5,100,RR-B-7-a,Rearrangement
7313,7314,ts_300_2_S-A-6,25,C5H15N3O2,"1,6,7,8",1,99,5,104,S-A-6,Substitution
7314,7315,ts_300_2_S-B-10,26,C9H13NO3,"1,6,7,8",1,90,5,95,S-B-10,Substitution
7315,7316,ts_300_3_S-A-4,19,C4H9BrN2O3,"1,6,7,8,35",0,97,5,102,S-A-4,Substitution
7316,7317,ts_301_1_E-1,13,C3H6N2O2,"1,6,7,8",1,97,5,102,E-1,Addition
7317,7318,ts_301_1_NO2-B-3-e,17,C4H7NO5,"1,6,7,8",1,96,5,101,NO2-B-3-e,Addition
7318,7319,ts_301_1_RR-A-13-b,28,C11H14O3,"1,6,8",1,100,5,105,RR-A-13-b,Rearrangement
7319,7320,ts_301_1_RR-B-8-a,30,C11H13NO5,"1,6,7,8",1,93,5,98,RR-B-8-a,Rearrangement
7320,7321,ts_301_1_S-A-3,25,C9H11Br2NO2,"1,6,7,8,35",0,98,5,103,S-A-3,Substitution
7321,7322,ts_301_1_S-A-5,17,C4H8BrClO3,"1,6,8,17,35",0,99,5,104,S-A-5,Substitution
7322,7323,ts_301_1_S-A-21,9,C2H2BrCl2FO,"1,6,8,9,17,35",0,95,5,100,S-A-21,Substitution
7323,7324,ts_301_2_NO2-A-8-a,17,C2H7BrN2O4S,"1,6,7,8,16,35",0,98,5,103,NO2-A-8-a,Substitution
7324,7325,ts_301_2_R-A-5,17,C4H9BrO3,"1,6,8,35",0,100,5,105,R-A-5,Cyclization
7325,7326,ts_301_2_R-A-6,18,C4H10BrNO2,"1,6,7,8,35",0,100,5,105,R-A-6,Cyclization
7326,7327,ts_301_2_S-A-11,19,C4H9NO5,"1,6,7,8",1,94,5,99,S-A-11,Substitution
7327,7328,ts_302_1_E-2-a,10,C3H3NO3,"1,6,7,8",1,97,5,102,E-2-a,Addition
7328,7329,ts_302_1_E-2-b,13,C3H6N2O2,"1,6,7,8",1,95,5,100,E-2-b,Addition
7329,7330,ts_302_1_NO2-A-3-a,18,C5H7NO5,"1,6,7,8",1,92,5,97,NO2-A-3-a,Substitution
7330,7331,ts_302_1_NO2-A-3-d,14,C4H4N2O4,"1,6,7,8",1,91,5,96,NO2-A-3-d,Addition
7331,7332,ts_302_1_NO2-A-5-a,20,C5H8ClN3O3,"1,6,7,8,17",0,89,5,94,NO2-A-5-a,Substitution
7332,7333,ts_302_1_R-A-3,25,C7H14ClNO2,"1,6,7,8,17",0,99,5,104,R-A-3,Cyclization
7333,7334,ts_302_1_R-B-14,28,C8H13NO6,"1,6,7,8",1,98,5,103,R-B-14,Cyclization
7334,7335,ts_302_1_RR-A-2-b,25,C10H11NO3,"1,6,7,8",1,100,5,105,RR-A-2-b,Rearrangement
7335,7336,ts_302_2_A-E-16,19,C4H7ClN2O4S,"1,6,7,8,16,17",0,98,5,103,A-E-16,Addition
7336,7337,ts_302_2_NO2-B-3-d,16,C5H6N2O3,"1,6,7,8",1,93,5,98,NO2-B-3-d,Addition
7337,7338,ts_302_2_R-B-2,22,C8H13N,"1,6,7",1,99,5,104,R-B-2,Cyclization
7338,7339,ts_302_2_R-B-6,22,C6H12N2O2,"1,6,7,8",1,99,5,104,R-B-6,Cyclization
7339,7340,ts_302_2_R-B-10,20,C6H9NO4,"1,6,7,8",1,94,5,99,R-B-10,Cyclization
7340,7341,ts_302_2_S-D-9,20,C3H8N2O6S,"1,6,7,8,16",0,96,5,101,S-D-9,Substitution
7341,7342,ts_303_1_E-1,11,C3H4FNO2,"1,6,7,8,9",0,97,5,102,E-1,Addition
7342,7343,ts_303_1_NO2-A-6-b,14,C4H4N2O3S,"1,6,7,8,16",0,92,5,97,NO2-A-6-b,Rearrangement
7343,7344,ts_303_1_NO2-A-11-a,28,C9H13N3O3,"1,6,7,8",1,99,5,104,NO2-A-11-a,Substitution
7344,7345,ts_303_1_R-B-14,28,C8H13NO6,"1,6,7,8",1,97,5,102,R-B-14,Cyclization
7345,7346,ts_303_1_RR-A-2-a,20,C8H6ClNO4,"1,6,7,8,17",0,98,5,103,RR-A-2-a,Rearrangement
7346,7347,ts_303_1_RR-A-3-a,27,C13H8ClNO4,"1,6,7,8,17",0,78,3,81,RR-A-3-a,Rearrangement
7347,7348,ts_303_1_RR-A-10,27,C9H14O4,"1,6,8",1,92,5,97,RR-A-10,Rearrangement
7348,7349,ts_303_1_RR-A-12,41,C20H17ClN2O,"1,6,7,8,17",0,80,3,83,RR-A-12,Rearrangement
7349,7350,ts_303_1_S-A-2,29,C10H14BrClN2O,"1,6,7,8,17,35",0,99,5,104,S-A-2,Substitution
7350,7351,ts_303_1_S-A-8,25,C6H13BrClNO3,"1,6,7,8,17,35",0,99,5,104,S-A-8,Substitution
7351,7352,ts_303_1_S-A-19,20,C6H9BrN2O2,"1,6,7,8,35",0,91,5,96,S-A-19,Substitution
7352,7353,ts_303_2_A-E-2,19,C4H8N2O5,"1,6,7,8",1,98,5,103,A-E-2,Addition
7353,7354,ts_303_2_A-E-8,20,C5H10N2O3,"1,6,7,8",1,96,5,101,A-E-8,Addition
7354,7355,ts_303_2_NO2-A-6-a,15,C3H5BrN2O3S,"1,6,7,8,16,35",0,94,5,99,NO2-A-6-a,Substitution
7355,7356,ts_303_2_S-B-8,17,C4H8FNO3,"1,6,7,8,9",0,98,5,103,S-B-8,Substitution
7356,7357,ts_304_1_A-D-2,23,C7H10BrFO4,"1,6,8,9,35",0,98,5,103,A-D-2,Addition
7357,7358,ts_304_1_E-2-b,11,C3H4FNO2,"1,6,7,8,9",0,93,5,98,E-2-b,Addition
7358,7359,ts_304_1_NO2-A-6-b,16,C4H6BrNO3S,"1,6,7,8,16,35",0,99,5,104,NO2-A-6-b,Rearrangement
7359,7360,ts_304_1_NO2-A-11-d,23,C8H9FN2O3,"1,6,7,8,9",0,99,5,104,NO2-A-11-d,Addition
7360,7361,ts_304_1_NO2-B-3-d,18,C5H8BrNO3,"1,6,7,8,35",0,96,5,101,NO2-B-3-d,Addition
7361,7362,ts_304_1_R-B-14,28,C7H14N2O5,"1,6,7,8",1,96,5,101,R-B-14,Cyclization
7362,7363,ts_304_1_RR-A-2-a,20,C8H6BrNO4,"1,6,7,8,35",0,91,5,96,RR-A-2-a,Rearrangement
7363,7364,ts_304_1_S-A-19,23,C6H12BrNO3,"1,6,7,8,35",0,96,5,101,S-A-19,Substitution
7364,7365,ts_304_1_S-C-2-aa,25,C7H11N3O4,"1,6,7,8",1,97,5,102,S-C-2-aa,Substitution
7365,7366,ts_304_1_S-D-2,14,C2H5BrFNO4,"1,6,7,8,9,35",0,98,5,103,S-D-2,Substitution
7366,7367,ts_304_1_S-D-11,25,C4H12N2O6S,"1,6,7,8,16",0,99,5,104,S-D-11,Substitution
7367,7368,ts_304_2_A-E-14,20,C5H7ClN2O4S,"1,6,7,8,16,17",0,94,5,99,A-E-14,Addition
7368,7369,ts_304_2_R-A-5,18,C4H10BrNO2,"1,6,7,8,35",0,100,5,105,R-A-5,Cyclization
7369,7370,ts_304_2_R-B-4,21,C6H12N2O,"1,6,7,8",1,99,5,104,R-B-4,Cyclization
7370,7371,ts_304_2_S-A-9,26,C7H14BrClO3,"1,6,8,17,35",0,91,5,96,S-A-9,Substitution
7371,7372,ts_305_1_A-E-8,23,C6H12N2O3,"1,6,7,8",1,97,5,102,A-E-8,Addition
7372,7373,ts_305_1_NO2-A-1-b,17,C5H6BrNO4,"1,6,7,8,35",0,98,5,103,NO2-A-1-b,Rearrangement
7373,7374,ts_305_1_NO2-A-6-d,21,C4H10N2O4S,"1,6,7,8,16",0,99,5,104,NO2-A-6-d,Addition
7374,7375,ts_305_1_R-A-3,25,C8H13ClO3,"1,6,8,17",0,98,5,103,R-A-3,Cyclization
7375,7376,ts_305_1_R-B-5,22,C6H12ClN3,"1,6,7,17",0,99,5,104,R-B-5,Cyclization
7376,7377,ts_305_1_R-B-14,26,C7H13NO5,"1,6,7,8",1,100,5,105,R-B-14,Cyclization
7377,7378,ts_305_1_RR-A-1,15,C5H7BrO2,"1,6,8,35",0,99,5,104,RR-A-1,Rearrangement
7378,7379,ts_305_1_RR-A-2-a,20,C8H6BrNO4,"1,6,7,8,35",0,92,5,97,RR-A-2-a,Rearrangement
7379,7380,ts_305_1_RR-A-12,43,C20H17N3O3,"1,6,7,8",1,80,3,83,RR-A-12,Rearrangement
7380,7381,ts_305_1_RR-A-13-b,31,C12H15NO3,"1,6,7,8",1,97,5,102,RR-A-13-b,Rearrangement
7381,7382,ts_305_1_RR-B-4-b,14,C4H4ClN3O2,"1,6,7,8,17",0,92,5,97,RR-B-4-b,Rearrangement
7382,7383,ts_305_1_RR-B-6-b,11,C3H4ClNO2,"1,6,7,8,17",0,99,5,104,RR-B-6-b,Rearrangement
7383,7384,ts_305_1_S-A-16,24,C9H10Cl2O2S,"1,6,8,16,17",0,100,5,105,S-A-16,Substitution
7384,7385,ts_305_1_S-A-18,21,C6H10ClNO3,"1,6,7,8,17",0,98,5,103,S-A-18,Substitution
7385,7386,ts_305_1_S-A-19,22,C6H12BrNO2,"1,6,7,8,35",0,98,5,103,S-A-19,Substitution
7386,7387,ts_305_2_A-E-2,18,C5H8N2O3,"1,6,7,8",1,94,5,99,A-E-2,Addition
7387,7388,ts_305_2_R-A-5,17,C5H8BrNO2,"1,6,7,8,35",0,89,5,94,R-A-5,Cyclization
7388,7389,ts_306_1_A-D-2,23,C7H10Cl2O4,"1,6,8,17",0,97,5,102,A-D-2,Addition
7389,7390,ts_306_1_NO2-A-6-a,15,C3H5FN2O3S,"1,6,7,8,9,16",0,87,5,92,NO2-A-6-a,Substitution
7390,7391,ts_306_1_NO2-A-8-a,16,C3H5FN2O4S,"1,6,7,8,9,16",0,91,5,96,NO2-A-8-a,Substitution
7391,7392,ts_306_1_NO2-B-8-d,21,C5H9NO5S,"1,6,7,8,16",0,96,5,101,NO2-B-8-d,Addition
7392,7393,ts_306_1_R-B-3,17,C6H8BrNO,"1,6,7,8,35",0,97,5,102,R-B-3,Cyclization
7393,7394,ts_306_1_R-B-15-a,19,C6H8ClNO3,"1,6,7,8,17",0,91,5,96,R-B-15-a,Rearrangement
7394,7395,ts_306_1_RR-A-4,13,C4H7ClO,"1,6,8,17",0,100,5,105,RR-A-4,Rearrangement
7395,7396,ts_306_1_RR-A-13-c,30,C12H14O4,"1,6,8",1,97,5,102,RR-A-13-c,Rearrangement
7396,7397,ts_306_1_RR-B-6-a,17,C4H9NO3,"1,6,7,8",1,100,5,105,RR-B-6-a,Rearrangement
7397,7398,ts_306_1_S-A-8,23,C6H10BrClO5,"1,6,8,17,35",0,98,5,103,S-A-8,Substitution
7398,7399,ts_306_1_S-A-21,11,C4H2ClFN2O,"1,6,7,8,9,17",0,89,5,94,S-A-21,Substitution
7399,7400,ts_306_1_S-A-24,33,C10H19ClFNO,"1,6,7,8,9,17",0,100,5,105,S-A-24,Substitution
7400,7401,ts_306_1_S-D-2,16,C2H7FN2O4,"1,6,7,8,9",0,96,5,101,S-D-2,Substitution
7401,7402,ts_306_1_S-G-4,20,C3H9ClO6S,"1,6,8,16,17",0,100,5,105,S-G-4,Substitution
7402,7403,ts_306_2_A-E-16,21,C5H10ClNO3S,"1,6,7,8,16,17",0,97,5,102,A-E-16,Addition
7403,7404,ts_306_2_R-B-5,22,C6H12ClN3,"1,6,7,17",0,100,5,105,R-B-5,Cyclization
7404,7405,ts_307_1_NO2-A-1-b,12,C3H3Br2NO3,"1,6,7,8,35",0,100,5,105,NO2-A-1-b,Rearrangement
7405,7406,ts_307_1_R-A-2,19,C5H9ClO4,"1,6,8,17",0,99,5,104,R-A-2,Cyclization
7406,7407,ts_307_1_R-A-4,24,C7H13Cl2FO,"1,6,8,9,17",0,100,5,105,R-A-4,Cyclization
7407,7408,ts_307_1_R-B-4,22,C6H13N3,"1,6,7",1,99,5,104,R-B-4,Cyclization
7408,7409,ts_307_1_R-B-5,21,C6H11ClN2O,"1,6,7,8,17",0,99,5,104,R-B-5,Cyclization
7409,7410,ts_307_1_RR-A-1,10,C3H4Br2O,"1,6,8,35",0,100,5,105,RR-A-1,Rearrangement
7410,7411,ts_307_1_RR-A-4,13,C4H7BrO,"1,6,8,35",0,100,5,105,RR-A-4,Rearrangement
7411,7412,ts_307_1_RR-A-8-c,12,C3H5Br2NO,"1,6,7,8,35",0,100,5,105,RR-A-8-c,Rearrangement
7412,7413,ts_307_1_RR-B-6-a,13,C3H6BrNO2,"1,6,7,8,35",0,100,5,105,RR-B-6-a,Rearrangement
7413,7414,ts_307_1_S-A-14,16,C4H6BrClO3S,"1,6,8,16,17,35",0,97,5,102,S-A-14,Substitution
7414,7415,ts_307_1_S-G-1,15,C2H5Cl3O4S,"1,6,8,16,17",0,100,5,105,S-G-1,Substitution
7415,7416,ts_307_2_NO2-A-8-a,17,C2H5ClN2O6S,"1,6,7,8,16,17",0,94,5,99,NO2-A-8-a,Substitution
7416,7417,ts_307_2_R-A-6,21,C5H12BrNO2,"1,6,7,8,35",0,100,5,105,R-A-6,Cyclization
7417,7418,ts_307_2_R-B-2,21,C7H12N2,"1,6,7",1,100,5,105,R-B-2,Cyclization
7418,7419,ts_307_3_RR-B-7-a,20,C5H9NO5,"1,6,7,8",1,96,5,101,RR-B-7-a,Rearrangement
7419,7420,ts_308_1_A-E-2,19,C5H9NO4,"1,6,7,8",1,96,5,101,A-E-2,Addition
7420,7421,ts_308_1_NO2-A-1-d,20,C4H8N2O6,"1,6,7,8",1,96,5,101,NO2-A-1-d,Addition
7421,7422,ts_308_1_NO2-A-9-a,15,C2H8N2O3,"1,6,7,8",1,98,5,103,NO2-A-9-a,Substitution
7422,7423,ts_308_1_R-A-2,18,C5H7ClO5,"1,6,8,17",0,95,5,100,R-A-2,Cyclization
7423,7424,ts_308_1_R-B-14,23,C6H10FNO5,"1,6,7,8,9",0,97,5,102,R-B-14,Cyclization
7424,7425,ts_308_1_RR-A-13-a,29,C12H12O5,"1,6,8",1,92,5,97,RR-A-13-a,Rearrangement
7425,7426,ts_308_1_RR-B-6-a,17,C4H8N2O3,"1,6,7,8",1,94,5,99,RR-B-6-a,Rearrangement
7426,7427,ts_308_1_RR-B-7-b,18,C4H7NO6,"1,6,7,8",1,100,5,105,RR-B-7-b,Rearrangement
7427,7428,ts_308_1_RR-B-8-a,27,C10H12FNO3,"1,6,7,8,9",0,99,5,104,RR-B-8-a,Rearrangement
7428,7429,ts_308_1_S-A-16,26,C9H10ClNO4S,"1,6,7,8,16,17",0,98,5,103,S-A-16,Substitution
7429,7430,ts_308_1_S-C-2-ab,28,C10H11NO6,"1,6,7,8",1,89,5,94,S-C-2-ab,Substitution
7430,7431,ts_308_1_S-G-6,21,C2H11N3O4S,"1,6,7,8,16",0,100,5,105,S-G-6,Substitution
7431,7432,ts_308_2_R-B-10,20,C5H8N2O5,"1,6,7,8",1,98,5,103,R-B-10,Cyclization
7432,7433,ts_308_2_S-A-17,24,C6H13NO4,"1,6,7,8",1,94,5,99,S-A-17,Substitution
7433,7434,ts_309_1_A-E-16,17,C4H7BrClNO2S,"1,6,7,8,16,17,35",0,99,5,104,A-E-16,Addition
7434,7435,ts_309_1_S-A-12,28,C9H13BrO5,"1,6,8,35",0,94,5,99,S-A-12,Substitution
7435,7436,ts_309_1_S-G-2,21,C3H10ClNO5S,"1,6,7,8,16,17",0,100,5,105,S-G-2,Substitution
7436,7437,ts_309_2_A-E-6,23,C6H11BrN2O3,"1,6,7,8,35",0,97,5,102,A-E-6,Addition
7437,7438,ts_309_2_S-A-19,24,C6H13BrN2O2,"1,6,7,8,35",0,97,5,102,S-A-19,Substitution
7438,7439,ts_309_3_S-A-17,28,C7H16N2O3,"1,6,7,8",1,97,5,102,S-A-17,Substitution
7439,7440,ts_309_4_S-A-17,28,C7H16N2O3,"1,6,7,8",1,97,5,102,S-A-17,Substitution
7440,7441,ts_310_1_NO2-B-11-d,26,C9H14N2O,"1,6,7,8",1,100,5,105,NO2-B-11-d,Addition
7441,7442,ts_310_1_NO2-B-12-d,19,C5H9N3O2,"1,6,7,8",1,94,5,99,NO2-B-12-d,Addition
7442,7443,ts_310_1_R-B-7,16,C6H7ClO2,"1,6,8,17",0,99,5,104,R-B-7,Cyclization
7443,7444,ts_310_1_RR-A-8-c,17,C4H10N2O,"1,6,7,8",1,99,5,104,RR-A-8-c,Rearrangement
7444,7445,ts_310_1_RR-A-12,43,C20H17N3O3,"1,6,7,8",1,79,3,82,RR-A-12,Rearrangement
7445,7446,ts_310_1_RR-B-1-b,16,C4H9NO2,"1,6,7,8",1,95,5,100,RR-B-1-b,Rearrangement
7446,7447,ts_310_1_S-A-3,29,C10H14Br2N2O,"1,6,7,8,35",0,98,5,103,S-A-3,Substitution
7447,7448,ts_310_1_S-A-10,29,C7H17BrN2O2,"1,6,7,8,35",0,95,5,100,S-A-10,Substitution
7448,7449,ts_310_1_S-A-17,28,C7H16N2O3,"1,6,7,8",1,98,5,103,S-A-17,Substitution
7449,7450,ts_310_1_S-A-26,13,C2H6ClFN2O,"1,6,7,8,9,17",0,96,5,101,S-A-26,Substitution
7450,7451,ts_310_1_S-B-8,21,C5H11NO4,"1,6,7,8",1,95,5,100,S-B-8,Substitution
7451,7452,ts_310_2_A-E-8,21,C6H9NO5,"1,6,7,8",1,98,5,103,A-E-8,Addition
7452,7453,ts_310_2_A-E-14,22,C5H8ClNO6S,"1,6,7,8,16,17",0,92,5,97,A-E-14,Addition
7453,7454,ts_310_2_S-A-17,28,C7H16N2O3,"1,6,7,8",1,97,5,102,S-A-17,Substitution
7454,7455,ts_310_2_S-D-2,18,C4H6N2O6,"1,6,7,8",1,86,5,91,S-D-2,Substitution
7455,7456,ts_311_1_A-A-1,17,C2H9N3O3,"1,6,7,8",1,99,5,104,A-A-1,Addition
7456,7457,ts_311_1_NO2-A-6-a,14,C2H5BrClNO3S,"1,6,7,8,16,17,35",0,92,5,97,NO2-A-6-a,Substitution
7457,7458,ts_311_1_R-A-2,18,C5H9ClO3,"1,6,8,17",0,99,5,104,R-A-2,Cyclization
7458,7459,ts_311_1_RR-A-2-b,29,C11H14O4,"1,6,8",1,95,5,100,RR-A-2-b,Rearrangement
7459,7460,ts_311_1_RR-B-6-b,17,C4H9NO3,"1,6,7,8",1,98,5,103,RR-B-6-b,Rearrangement
7460,7461,ts_311_1_S-A-15,30,C10H16N2O2,"1,6,7,8",1,99,5,104,S-A-15,Substitution
7461,7462,ts_311_1_S-B-5-b,18,C4H9Br2NO2,"1,6,7,8,35",0,100,5,105,S-B-5-b,Addition
7462,7463,ts_311_1_S-D-2,18,C2H9N3O4,"1,6,7,8",1,98,5,103,S-D-2,Substitution
7463,7464,ts_311_1_S-G-6,19,C2H9BrN2O4S,"1,6,7,8,16,35",0,100,5,105,S-G-6,Substitution
7464,7465,ts_311_2_A-E-6,23,C6H12N2O3,"1,6,7,8",1,99,5,104,A-E-6,Addition
7465,7466,ts_311_2_R-B-3,16,C6H7NO2,"1,6,7,8",1,97,5,102,R-B-3,Cyclization
7466,7467,ts_311_2_S-A-4,14,C3H5BrFNO3,"1,6,7,8,9,35",0,94,5,99,S-A-4,Substitution
7467,7468,ts_311_2_S-A-9,25,C7H14BrClO2,"1,6,8,17,35",0,98,5,103,S-A-9,Substitution
7468,7469,ts_312_1_A-A-1,16,C4H6N2O4,"1,6,7,8",1,91,5,96,A-A-1,Addition
7469,7470,ts_312_1_NO2-A-1-a,22,C4H11N3O4,"1,6,7,8",1,98,5,103,NO2-A-1-a,Substitution
7470,7471,ts_312_1_NO2-A-9-a,19,C3H10N2O4,"1,6,7,8",1,100,5,105,NO2-A-9-a,Substitution
7471,7472,ts_312_1_NO2-B-2-d,33,C11H16N2O4,"1,6,7,8",1,77,3,80,NO2-B-2-d,Addition
7472,7473,ts_312_1_S-A-5,16,C4H7BrCl2O2,"1,6,8,17,35",0,98,5,103,S-A-5,Substitution
7473,7474,ts_312_1_S-A-7,18,C4H5Cl2NO6,"1,6,7,8,17",0,95,5,100,S-A-7,Substitution
7474,7475,ts_312_1_S-A-10,24,C6H13BrClNO2,"1,6,7,8,17,35",0,99,5,104,S-A-10,Substitution
7475,7476,ts_312_1_S-A-18,19,C6H7ClN2O3,"1,6,7,8,17",0,93,5,98,S-A-18,Substitution
7476,7477,ts_312_1_S-B-5-a,13,C3H6ClNO2,"1,6,7,8,17",0,99,5,104,S-B-5-a,Rearrangement
7477,7478,ts_312_1_S-D-10,21,C4H9N3O4S,"1,6,7,8,16",0,93,5,98,S-D-10,Substitution
7478,7479,ts_312_1_S-G-1,15,C2H5BrCl2O4S,"1,6,8,16,17,35",0,100,5,105,S-G-1,Substitution
7479,7480,ts_312_1_S-G-2,16,C2H6BrClO5S,"1,6,8,16,17,35",0,99,5,104,S-G-2,Substitution
7480,7481,ts_312_2_R-B-5,20,C6H9ClN2O2,"1,6,7,8,17",0,96,5,101,R-B-5,Cyclization
7481,7482,ts_312_2_S-G-6,22,C3H10N2O6S,"1,6,7,8,16",0,95,5,100,S-G-6,Substitution
7482,7483,ts_313_1_A-E-8,18,C6H9NO2,"1,6,7,8",1,91,5,96,A-E-8,Addition
7483,7484,ts_313_1_E-2-a,14,C4H7NO2,"1,6,7,8",1,98,5,103,E-2-a,Addition
7484,7485,ts_313_1_NO2-A-3-a,16,C3H6N2O5,"1,6,7,8",1,100,5,105,NO2-A-3-a,Substitution
7485,7486,ts_313_1_NO2-A-6-a,16,C2H5FN2O5S,"1,6,7,8,9,16",0,96,5,101,NO2-A-6-a,Substitution
7486,7487,ts_313_1_NO2-A-6-d,23,C5H11NO5S,"1,6,7,8,16",0,99,5,104,NO2-A-6-d,Addition
7487,7488,ts_313_1_NO2-B-11-d,25,C8H13N3O,"1,6,7,8",1,100,5,105,NO2-B-11-d,Addition
7488,7489,ts_313_1_RR-A-1,15,C4H9NO,"1,6,7,8",1,99,5,104,RR-A-1,Rearrangement
7489,7490,ts_313_1_RR-A-6,23,C10H10N2O,"1,6,7,8",1,92,5,97,RR-A-6,Rearrangement
7490,7491,ts_313_2_NO2-A-8-a,17,C2H5FN2O6S,"1,6,7,8,9,16",0,95,5,100,NO2-A-8-a,Substitution
7491,7492,ts_313_2_S-A-11,20,C5H9NO5,"1,6,7,8",1,94,5,99,S-A-11,Substitution
7492,7493,ts_314_1_A-E-2,17,C5H9NO2,"1,6,7,8",1,95,5,100,A-E-2,Addition
7493,7494,ts_314_1_NO2-A-3-b,14,C4H5NO4,"1,6,7,8",1,95,5,100,NO2-A-3-b,Rearrangement
7494,7495,ts_314_1_NO2-A-6-d,23,C5H11NO5S,"1,6,7,8,16",0,98,5,103,NO2-A-6-d,Addition
7495,7496,ts_314_1_NO2-B-3-d,20,C5H11NO3,"1,6,7,8",1,97,5,102,NO2-B-3-d,Addition
7496,7497,ts_314_1_RR-A-4,17,C5H10O2,"1,6,8",1,100,5,105,RR-A-4,Rearrangement
7497,7498,ts_314_1_RR-A-6,24,C9H12N2O,"1,6,7,8",1,100,5,105,RR-A-6,Rearrangement
7498,7499,ts_314_1_RR-A-12,42,C21H17N3O,"1,6,7,8",1,74,3,77,RR-A-12,Rearrangement
7499,7500,ts_314_1_RR-B-6-b,13,C3H6BrNO2,"1,6,7,8,35",0,100,5,105,RR-B-6-b,Rearrangement
7500,7501,ts_314_1_S-A-14,13,C3H5BrClFOS,"1,6,8,9,16,17,35",0,98,5,103,S-A-14,Substitution
7501,7502,ts_314_1_S-A-21,16,C5H6ClFO3,"1,6,8,9,17",0,92,5,97,S-A-21,Substitution
7502,7503,ts_314_1_S-A-26,16,C5H6ClFO3,"1,6,8,9,17",0,93,5,98,S-A-26,Substitution
7503,7504,ts_314_1_S-G-2,16,C2H6BrClO5S,"1,6,8,16,17,35",0,99,5,104,S-G-2,Substitution
7504,7505,ts_314_1_S-G-4,20,C3H9BrO6S,"1,6,8,16,35",0,99,5,104,S-G-4,Substitution
7505,7506,ts_314_1_S-G-5,18,C2H9FN2O3S,"1,6,7,8,9,16",0,100,5,105,S-G-5,Substitution
7506,7507,ts_314_2_A-E-14,18,C5H7Cl2NO2S,"1,6,7,8,16,17",0,97,5,102,A-E-14,Addition
7507,7508,ts_314_2_S-D-9,21,C3H11N3O3S,"1,6,7,8,16",0,97,5,102,S-D-9,Substitution
7508,7509,ts_314_2_S-D-10,22,C3H11N3O4S,"1,6,7,8,16",0,100,5,105,S-D-10,Substitution
7509,7510,ts_315_1_A-A-1,17,C4H7NO5,"1,6,7,8",1,96,5,101,A-A-1,Addition
7510,7511,ts_315_1_NO2-A-1-d,22,C5H11NO5,"1,6,7,8",1,99,5,104,NO2-A-1-d,Addition
7511,7512,ts_315_1_NO2-A-6-d,24,C6H11NO5S,"1,6,7,8,16",0,100,5,105,NO2-A-6-d,Addition
7512,7513,ts_315_1_NO2-B-12-d,19,C4H10N4O,"1,6,7,8",1,96,5,101,NO2-B-12-d,Addition
7513,7514,ts_315_1_R-A-3,22,C6H12ClNO2,"1,6,7,8,17",0,100,5,105,R-A-3,Cyclization
7514,7515,ts_315_1_RR-A-13-a,30,C13H14O3,"1,6,8",1,93,5,98,RR-A-13-a,Rearrangement
7515,7516,ts_315_1_S-B-3-a,13,C4H4O5,"1,6,8",1,96,5,101,S-B-3-a,Rearrangement
7516,7517,ts_315_1_S-C-2-aa,21,C7H9NO4,"1,6,7,8",1,98,5,103,S-C-2-aa,Substitution
7517,7518,ts_315_2_R-A-7,22,C5H13ClN2O,"1,6,7,8,17",0,100,5,105,R-A-7,Cyclization
7518,7519,ts_315_2_S-D-9,19,C3H9BrN2O3S,"1,6,7,8,16,35",0,100,5,105,S-D-9,Substitution
7519,7520,ts_316_1_A-E-8,19,C6H10N2O,"1,6,7,8",1,98,5,103,A-E-8,Addition
7520,7521,ts_316_1_R-B-4,19,C6H11NO,"1,6,7,8",1,100,5,105,R-B-4,Cyclization
7521,7522,ts_316_1_RR-B-7-a,16,C4H6N2O4,"1,6,7,8",1,89,5,94,RR-B-7-a,Rearrangement
7522,7523,ts_316_1_S-A-5,16,C4H7Br2ClO2,"1,6,8,17,35",0,97,5,102,S-A-5,Substitution
7523,7524,ts_316_1_S-A-8,20,C5H9Br2ClO3,"1,6,8,17,35",0,98,5,103,S-A-8,Substitution
7524,7525,ts_316_1_S-A-16,24,C9H10Cl2O2S,"1,6,8,16,17",0,96,5,101,S-A-16,Substitution
7525,7526,ts_316_1_S-A-24,33,C10H19BrClNO,"1,6,7,8,17,35",0,100,5,105,S-A-24,Substitution
7526,7527,ts_316_1_S-B-5-b,18,C5H8Br2O3,"1,6,8,35",0,100,5,105,S-B-5-b,Addition
7527,7528,ts_316_1_S-D-9,19,C3H9BrN2O3S,"1,6,7,8,16,35",0,98,5,103,S-D-9,Substitution
7528,7529,ts_316_2_A-E-8,19,C6H10N2O,"1,6,7,8",1,89,5,94,A-E-8,Addition
7529,7530,ts_316_2_A-E-24,18,C5H9BrN2S,"1,6,7,16,35",0,93,5,98,A-E-24,Addition
7530,7531,ts_316_2_S-A-11,21,C5H9NO6,"1,6,7,8",1,98,5,103,S-A-11,Substitution
7531,7532,ts_317_1_A-E-24,17,C6H7BrN2S,"1,6,7,16,35",0,92,5,97,A-E-24,Addition
7532,7533,ts_317_1_E-1,17,C4H8N2O3,"1,6,7,8",1,95,5,100,E-1,Addition
7533,7534,ts_317_1_NO2-A-3-b,14,C4H7NO2,"1,6,7,8",1,100,5,105,NO2-A-3-b,Rearrangement
7534,7535,ts_317_1_NO2-B-3-d,18,C5H9NO3,"1,6,7,8",1,96,5,101,NO2-B-3-d,Addition
7535,7536,ts_317_1_NO2-B-3-e,20,C5H10N2O3,"1,6,7,8",1,98,5,103,NO2-B-3-e,Addition
7536,7537,ts_317_1_R-A-6,21,C5H12N2O2,"1,6,7,8",1,99,5,104,R-A-6,Cyclization
7537,7538,ts_317_1_R-A-8,31,C8H18N2O3,"1,6,7,8",1,98,5,103,R-A-8,Cyclization
7538,7539,ts_317_1_S-A-5,19,C5H8BrClO4,"1,6,8,17,35",0,100,5,105,S-A-5,Substitution
7539,7540,ts_317_1_S-A-19,24,C6H13BrN2O2,"1,6,7,8,35",0,98,5,103,S-A-19,Substitution
7540,7541,ts_317_1_S-B-5-b,18,C5H8Br2O3,"1,6,8,35",0,98,5,103,S-B-5-b,Addition
7541,7542,ts_317_2_A-E-16,17,C6H7ClN2S,"1,6,7,16,17",0,84,5,89,A-E-16,Addition
7542,7543,ts_317_2_NO2-A-6-a,20,C4H9NO5S,"1,6,7,8,16",0,97,5,102,NO2-A-6-a,Substitution
7543,7544,ts_317_2_R-A-7,21,C5H12ClNO2,"1,6,7,8,17",0,100,5,105,R-A-7,Cyclization
7544,7545,ts_317_3_R-B-7,21,C8H10O3,"1,6,8",1,99,5,104,R-B-7,Cyclization
7545,7546,ts_318_1_A-E-8,22,C7H12N2O,"1,6,7,8",1,89,5,94,A-E-8,Addition
7546,7547,ts_318_1_NO2-A-3-b,16,C4H8N2O2,"1,6,7,8",1,98,5,103,NO2-A-3-b,Rearrangement
7547,7548,ts_318_1_NO2-A-6-d,16,C3H6BrNO4S,"1,6,7,8,16,35",0,98,5,103,NO2-A-6-d,Addition
7548,7549,ts_318_1_NO2-A-8-b,20,C5H9NO4S,"1,6,7,8,16",0,95,5,100,NO2-A-8-b,Rearrangement
7549,7550,ts_318_1_NO2-A-9-e,19,C3H9N3O4,"1,6,7,8",1,100,5,105,NO2-A-9-e,Addition
7550,7551,ts_318_1_R-A-2,19,C5H10ClNO2,"1,6,7,8,17",0,98,5,103,R-A-2,Cyclization
7551,7552,ts_318_1_R-A-4,31,C9H18ClNO2,"1,6,7,8,17",0,99,5,104,R-A-4,Cyclization
7552,7553,ts_318_1_RR-A-1,15,C5H8O2,"1,6,8",1,99,5,104,RR-A-1,Rearrangement
7553,7554,ts_318_1_RR-A-3-a,28,C14H10N2O2,"1,6,7,8",1,89,5,94,RR-A-3-a,Rearrangement
7554,7555,ts_318_1_RR-A-13-c,30,C12H15NO2,"1,6,7,8",1,98,5,103,RR-A-13-c,Rearrangement
7555,7556,ts_318_1_S-A-9,23,C7H11BrClNO2,"1,6,7,8,17,35",0,93,5,98,S-A-9,Substitution
7556,7557,ts_318_1_S-B-8,22,C6H11NO4,"1,6,7,8",1,92,5,97,S-B-8,Substitution
7557,7558,ts_318_1_S-D-11,23,C3H9N3O7S,"1,6,7,8,16",0,99,5,104,S-D-11,Substitution
7558,7559,ts_318_2_NO2-A-6-a,17,C4H6N2O4S,"1,6,7,8,16",0,89,5,94,NO2-A-6-a,Substitution
7559,7560,ts_318_2_R-B-7,16,C6H7BrO2,"1,6,8,35",0,96,5,101,R-B-7,Cyclization
7560,7561,ts_318_2_RR-B-7-a,15,C3H6BrNO4,"1,6,7,8,35",0,96,5,101,RR-B-7-a,Rearrangement
7561,7562,ts_318_2_S-D-10,22,C3H9N3O6S,"1,6,7,8,16",0,96,5,101,S-D-10,Substitution
7562,7563,ts_319_1_NO2-B-7-d,28,C10H12BrNO3S,"1,6,7,8,16,35",0,99,5,104,NO2-B-7-d,Addition
7563,7564,ts_319_1_R-A-7,22,C5H13ClN2O,"1,6,7,8,17",0,100,5,105,R-A-7,Cyclization
7564,7565,ts_319_1_RR-B-8-b,25,C9H13NO2,"1,6,7,8",1,100,5,105,RR-B-8-b,Rearrangement
7565,7566,ts_319_1_S-A-9,22,C6H12BrClO2,"1,6,8,17,35",0,95,5,100,S-A-9,Substitution
7566,7567,ts_319_1_S-A-26,9,C2H2Br2ClFO,"1,6,8,9,17,35",0,97,5,102,S-A-26,Substitution
7567,7568,ts_319_1_S-B-1,18,C5H8BrClN2O,"1,6,7,8,17,35",0,92,5,97,S-B-1,Substitution
7568,7569,ts_319_1_S-B-8,22,C6H11NO4,"1,6,7,8",1,98,5,103,S-B-8,Substitution
7569,7570,ts_319_1_S-G-1,14,C2H5BrCl2O3S,"1,6,8,16,17,35",0,97,5,102,S-G-1,Substitution
7570,7571,ts_319_2_A-E-16,20,C6H10ClNOS,"1,6,7,8,16,17",0,97,5,102,A-E-16,Addition
7571,7572,ts_319_2_R-B-2,19,C7H10O2,"1,6,8",1,98,5,103,R-B-2,Cyclization
7572,7573,ts_319_2_R-B-7,19,C7H8O4,"1,6,8",1,97,5,102,R-B-7,Cyclization
7573,7574,ts_319_2_S-D-10,20,C3H9ClN2O4S,"1,6,7,8,16,17",0,94,5,99,S-D-10,Substitution
7574,7575,ts_320_1_NO2-A-6-a,18,C4H7NO5S,"1,6,7,8,16",0,94,5,99,NO2-A-6-a,Substitution
7575,7576,ts_320_1_RR-A-13-b,31,C13H14O4,"1,6,8",1,100,5,105,RR-A-13-b,Rearrangement
7576,7577,ts_320_1_RR-B-6-a,16,C4H7NO4,"1,6,7,8",1,96,5,101,RR-B-6-a,Rearrangement
7577,7578,ts_320_1_S-A-9,24,C6H11BrClNO4,"1,6,7,8,17,35",0,96,5,101,S-A-9,Substitution
7578,7579,ts_320_1_S-A-17,25,C6H14N2O3,"1,6,7,8",1,99,5,104,S-A-17,Substitution
7579,7580,ts_320_1_S-G-1,14,C2H5Cl2FO3S,"1,6,8,9,16,17",0,98,5,103,S-G-1,Substitution
7580,7581,ts_320_2_NO2-A-6-a,18,C4H7NO5S,"1,6,7,8,16",0,96,5,101,NO2-A-6-a,Substitution
7581,7582,ts_320_2_R-A-5,22,C6H12O4,"1,6,8",1,99,5,104,R-A-5,Cyclization
7582,7583,ts_320_2_R-B-2,18,C7H9ClO,"1,6,8,17",0,100,5,105,R-B-2,Cyclization
7583,7584,ts_321_1_A-E-2,18,C6H9NO2,"1,6,7,8",1,90,5,95,A-E-2,Addition
7584,7585,ts_321_1_NO2-A-1-a,22,C4H9N3O6,"1,6,7,8",1,95,5,100,NO2-A-1-a,Substitution
7585,7586,ts_321_1_NO2-A-1-d,19,C5H8N2O4,"1,6,7,8",1,96,5,101,NO2-A-1-d,Addition
7586,7587,ts_321_1_NO2-A-3-d,14,C2H4N2O6,"1,6,7,8",1,94,5,99,NO2-A-3-d,Addition
7587,7588,ts_321_1_NO2-A-9-e,14,C2H6N2O4,"1,6,7,8",1,99,5,104,NO2-A-9-e,Addition
7588,7589,ts_321_1_R-A-6,21,C6H11NO3,"1,6,7,8",1,98,5,103,R-A-6,Cyclization
7589,7590,ts_321_1_R-B-15-a,19,C5H9ClFNO2,"1,6,7,8,9,17",0,100,5,105,R-B-15-a,Rearrangement
7590,7591,ts_321_1_RR-A-12,40,C21H15FN2O,"1,6,7,8,9",0,73,3,76,RR-A-12,Rearrangement
7591,7592,ts_321_1_S-A-4,14,C3H5BrFNO3,"1,6,7,8,9,35",0,97,5,102,S-A-4,Substitution
7592,7593,ts_321_1_S-A-5,20,C5H9ClO5,"1,6,8,17",0,98,5,103,S-A-5,Substitution
7593,7594,ts_321_1_S-A-8,24,C6H11ClO6,"1,6,8,17",0,95,5,100,S-A-8,Substitution
7594,7595,ts_321_1_S-B-2,22,C6H9BrN2O4,"1,6,7,8,35",0,89,5,94,S-B-2,Substitution
7595,7596,ts_321_1_S-C-1,39,C14H20ClNO3,"1,6,7,8,17",0,78,2,80,S-C-1,Substitution
7596,7597,ts_321_1_S-D-2,16,C2H5FN2O6,"1,6,7,8,9",0,91,5,96,S-D-2,Substitution
7597,7598,ts_321_1_S-G-1,16,C2H7Cl2NO3S,"1,6,7,8,16,17",0,99,5,104,S-G-1,Substitution
7598,7599,ts_322_1_A-E-14,18,C5H7BrClNO2S,"1,6,7,8,16,17,35",0,95,5,100,A-E-14,Addition
7599,7600,ts_322_1_A-E-24,16,C5H7Br2NS,"1,6,7,16,35",0,94,5,99,A-E-24,Addition
7600,7601,ts_322_1_NO2-A-3-b,13,C3H6N2O2,"1,6,7,8",1,94,5,99,NO2-A-3-b,Rearrangement
7601,7602,ts_322_1_NO2-A-6-d,18,C3H6N2O6S,"1,6,7,8,16",0,96,5,101,NO2-A-6-d,Addition
7602,7603,ts_322_1_NO2-B-7-d,28,C9H12N2O4S,"1,6,7,8,16",0,99,5,104,NO2-B-7-d,Addition
7603,7604,ts_322_1_NO2-B-12-d,14,C3H4BrN3O3,"1,6,7,8,35",0,91,5,96,NO2-B-12-d,Addition
7604,7605,ts_322_1_R-A-7,20,C5H10ClNO3,"1,6,7,8,17",0,99,5,104,R-A-7,Cyclization
7605,7606,ts_322_1_RR-A-8-c,15,C4H8BrNO,"1,6,7,8,35",0,100,5,105,RR-A-8-c,Rearrangement
7606,7607,ts_322_1_RR-B-8-a,28,C10H12BrNO4,"1,6,7,8,35",0,96,5,101,RR-B-8-a,Rearrangement
7607,7608,ts_322_1_S-A-4,19,C4H9BrN2O3,"1,6,7,8,35",0,97,5,102,S-A-4,Substitution
7608,7609,ts_322_1_S-A-14,21,C5H10ClNO3S,"1,6,7,8,16,17",0,99,5,104,S-A-14,Substitution
7609,7610,ts_322_1_S-B-5-a,12,C4H4BrNO2,"1,6,7,8,35",0,93,5,98,S-B-5-a,Rearrangement
7610,7611,ts_322_2_A-E-2,21,C7H11NO2,"1,6,7,8",1,91,5,96,A-E-2,Addition
7611,7612,ts_322_2_R-A-6,24,C7H13NO3,"1,6,7,8",1,92,5,97,R-A-6,Cyclization
7612,7613,ts_322_2_R-B-4,21,C6H12N2O,"1,6,7,8",1,100,5,105,R-B-4,Cyclization
7613,7614,ts_322_2_S-D-10,22,C3H9N3O6S,"1,6,7,8,16",0,96,5,101,S-D-10,Substitution
7614,7615,ts_323_1_A-E-6,25,C8H12N2O3,"1,6,7,8",1,89,5,94,A-E-6,Addition
7615,7616,ts_323_1_E-1,17,C4H8N2O3,"1,6,7,8",1,97,5,102,E-1,Addition
7616,7617,ts_323_1_NO2-B-3-e,16,C4H6ClNO4,"1,6,7,8,17",0,96,5,101,NO2-B-3-e,Addition
7617,7618,ts_323_1_RR-B-4-b,20,C5H8N4O3,"1,6,7,8",1,88,5,93,RR-B-4-b,Rearrangement
7618,7619,ts_323_1_RR-B-6-b,17,C4H8N2O3,"1,6,7,8",1,98,5,103,RR-B-6-b,Rearrangement
7619,7620,ts_323_1_S-A-2,32,C11H15ClN2O3,"1,6,7,8,17",0,80,3,83,S-A-2,Substitution
7620,7621,ts_323_1_S-A-18,21,C6H9BrClNO3,"1,6,7,8,17,35",0,92,5,97,S-A-18,Substitution
7621,7622,ts_324_1_A-E-6,22,C7H12N2O,"1,6,7,8",1,95,5,100,A-E-6,Addition
7622,7623,ts_324_1_R-B-3,18,C7H9NO,"1,6,7,8",1,98,5,103,R-B-3,Cyclization
7623,7624,ts_324_1_RR-A-1,11,C3H5BrO2,"1,6,8,35",0,99,5,104,RR-A-1,Rearrangement
7624,7625,ts_324_1_RR-A-3-a,28,C15H9NO3,"1,6,7,8",1,71,3,74,RR-A-3-a,Rearrangement
7625,7626,ts_324_1_S-A-1,24,C6H12O6,"1,6,8",1,98,5,103,S-A-1,Substitution
7626,7627,ts_324_1_S-A-7,12,C3H2Cl3FO3,"1,6,8,9,17",0,94,5,99,S-A-7,Substitution
7627,7628,ts_324_1_S-A-8,27,C7H13ClO6,"1,6,8,17",0,92,5,97,S-A-8,Substitution
7628,7629,ts_324_1_S-B-3-a,16,C5H8O3,"1,6,8",1,98,5,103,S-B-3-a,Rearrangement
7629,7630,ts_324_1_S-D-10,21,C4H9N3O4S,"1,6,7,8,16",0,91,5,96,S-D-10,Substitution
7630,7631,ts_324_2_A-E-8,17,C6H9NO,"1,6,7,8",1,93,5,98,A-E-8,Addition
7631,7632,ts_325_1_A-E-14,18,C5H7ClFNO2S,"1,6,7,8,9,16,17",0,93,5,98,A-E-14,Addition
7632,7633,ts_325_1_NO2-A-6-d,16,C3H6ClNO4S,"1,6,7,8,16,17",0,98,5,103,NO2-A-6-d,Addition
7633,7634,ts_325_1_NO2-B-2-d,26,C9H11BrN2O3,"1,6,7,8,35",0,100,5,105,NO2-B-2-d,Addition
7634,7635,ts_325_1_RR-B-7-a,21,C4H12N2O3,"1,6,7,8",1,100,5,105,RR-B-7-a,Rearrangement
7635,7636,ts_325_1_RR-B-8-a,30,C10H15BrN2O2,"1,6,7,8,35",0,100,5,105,RR-B-8-a,Rearrangement
7636,7637,ts_325_2_A-E-8,17,C6H8FNO,"1,6,7,8,9",0,97,5,102,A-E-8,Addition
7637,7638,ts_325_2_S-A-17,24,C7H12N2O3,"1,6,7,8",1,93,5,98,S-A-17,Substitution
7638,7639,ts_325_2_S-B-3-a,17,C6H8O3,"1,6,8",1,94,5,99,S-B-3-a,Rearrangement
7639,7640,ts_325_2_S-D-10,22,C4H10N2O5S,"1,6,7,8,16",0,94,5,99,S-D-10,Substitution
7640,7641,ts_326_1_A-E-6,24,C7H13NO3,"1,6,7,8",1,96,5,101,A-E-6,Addition
7641,7642,ts_326_1_A-E-16,18,C5H9ClO2S,"1,6,8,16,17",0,97,5,102,A-E-16,Addition
7642,7643,ts_326_1_NO2-A-1-d,16,C3H6FNO5,"1,6,7,8,9",0,96,5,101,NO2-A-1-d,Addition
7643,7644,ts_326_1_NO2-A-3-b,12,C3H5NO3,"1,6,7,8",1,97,5,102,NO2-A-3-b,Rearrangement
7644,7645,ts_326_1_NO2-A-9-e,17,C2H7N3O5,"1,6,7,8",1,99,5,104,NO2-A-9-e,Addition
7645,7646,ts_326_2_S-A-17,23,C6H13NO3,"1,6,7,8",1,90,5,95,S-A-17,Substitution
7646,7647,ts_327_1_A-E-24,17,C5H8BrClOS,"1,6,8,16,17,35",0,98,5,103,A-E-24,Addition
7647,7648,ts_327_1_NO2-A-6-d,18,C3H8ClNO4S,"1,6,7,8,16,17",0,100,5,105,NO2-A-6-d,Addition
7648,7649,ts_327_1_NO2-A-11-d,28,C9H12N2O5,"1,6,7,8",1,97,5,102,NO2-A-11-d,Addition
7649,7650,ts_327_1_R-A-3,22,C7H11ClO3,"1,6,8,17",0,93,5,98,R-A-3,Cyclization
7650,7651,ts_327_1_RR-B-6-b,16,C4H7NO4,"1,6,7,8",1,100,5,105,RR-B-6-b,Rearrangement
7651,7652,ts_327_1_RR-B-7-a,20,C4H11NO4,"1,6,7,8",1,99,5,104,RR-B-7-a,Rearrangement
7652,7653,ts_327_1_S-A-4,15,C4H5BrN2O3,"1,6,7,8,35",0,85,5,90,S-A-4,Substitution
7653,7654,ts_327_1_S-A-10,30,C8H15NO6,"1,6,7,8",1,96,5,101,S-A-10,Substitution
7654,7655,ts_327_1_S-A-11,17,C4H7FO5,"1,6,8,9",0,98,5,103,S-A-11,Substitution
7655,7656,ts_327_1_S-A-12,29,C9H12O8,"1,6,8",1,90,5,95,S-A-12,Substitution
7656,7657,ts_327_1_S-A-16,30,C10H15ClN2OS,"1,6,7,8,16,17",0,100,5,105,S-A-16,Substitution
7657,7658,ts_327_1_S-D-9,20,C5H8N2O4S,"1,6,7,8,16",0,92,5,97,S-D-9,Substitution
7658,7659,ts_327_1_S-G-6,20,C3H10FNO4S,"1,6,7,8,9,16",0,100,5,105,S-G-6,Substitution
7659,7660,ts_328_1_A-E-2,17,C5H9ClO2,"1,6,8,17",0,98,5,103,A-E-2,Addition
7660,7661,ts_328_1_A-E-6,25,C7H12N2O4,"1,6,7,8",1,89,5,94,A-E-6,Addition
7661,7662,ts_328_1_NO2-A-3-d,14,C2H6N2O4,"1,6,7,8",1,100,5,105,NO2-A-3-d,Addition
7662,7663,ts_328_1_NO2-B-3-d,16,C3H8N2O3,"1,6,7,8",1,96,5,101,NO2-B-3-d,Addition
7663,7664,ts_328_1_R-A-6,20,C5H10ClNO3,"1,6,7,8,17",0,99,5,104,R-A-6,Cyclization
7664,7665,ts_328_1_RR-A-3-a,30,C15H11BrO3,"1,6,8,35",0,76,3,79,RR-A-3-a,Rearrangement
7665,7666,ts_328_1_RR-A-6,23,C11H9NO2,"1,6,7,8",1,92,5,97,RR-A-6,Rearrangement
7666,7667,ts_328_1_RR-B-8-a,27,C9H13BrN2O2,"1,6,7,8,35",0,98,5,103,RR-B-8-a,Rearrangement
7667,7668,ts_328_1_S-A-7,16,C3H2Cl2N2O7,"1,6,7,8,17",0,87,5,92,S-A-7,Substitution
7668,7669,ts_328_1_S-A-16,30,C10H15ClN2OS,"1,6,7,8,16,17",0,99,5,104,S-A-16,Substitution
7669,7670,ts_328_2_A-E-2,17,C5H9ClO2,"1,6,8,17",0,99,5,104,A-E-2,Addition
7670,7671,ts_329_1_NO2-A-3-b,13,C3H5NO4,"1,6,7,8",1,99,5,104,NO2-A-3-b,Rearrangement
7671,7672,ts_329_1_RR-A-1,13,C3H7NO2,"1,6,7,8",1,97,5,102,RR-A-1,Rearrangement
7672,7673,ts_329_1_RR-A-9-a,27,C12H11NO3,"1,6,7,8",1,94,5,99,RR-A-9-a,Rearrangement
7673,7674,ts_329_1_S-A-3,32,C12H14BrNO4,"1,6,7,8,35",0,77,3,80,S-A-3,Substitution
7674,7675,ts_329_1_S-D-10,22,C4H8N2O7S,"1,6,7,8,16",0,94,5,99,S-D-10,Substitution
7675,7676,ts_329_2_S-A-9,30,C9H15ClO5,"1,6,8,17",0,94,5,99,S-A-9,Substitution
7676,7677,ts_330_1_A-E-6,24,C8H12N2O2,"1,6,7,8",1,95,5,100,A-E-6,Addition
7677,7678,ts_330_1_NO2-A-8-b,17,C3H7NO5S,"1,6,7,8,16",0,99,5,104,NO2-A-8-b,Rearrangement
7678,7679,ts_330_1_NO2-A-9-e,15,C2H5BrN2O5,"1,6,7,8,35",0,98,5,103,NO2-A-9-e,Addition
7679,7680,ts_330_1_R-B-15-a,21,C6H8ClNO5,"1,6,7,8,17",0,95,5,100,R-B-15-a,Rearrangement
7680,7681,ts_330_1_RR-A-10,26,C9H13BrO3,"1,6,8,35",0,98,5,103,RR-A-10,Rearrangement
7681,7682,ts_330_1_S-A-1,25,C6H13NO5,"1,6,7,8",1,99,5,104,S-A-1,Substitution
7682,7683,ts_330_1_S-A-16,27,C9H11ClN2O3S,"1,6,7,8,16,17",0,97,5,102,S-A-16,Substitution
7683,7684,ts_330_2_S-B-3-a,12,C4H5FO2,"1,6,8,9",0,95,5,100,S-B-3-a,Rearrangement
7684,7685,ts_330_4_S-A-17,25,C6H14N2O3,"1,6,7,8",1,100,5,105,S-A-17,Substitution
7685,7686,ts_331_1_NO2-A-1-b,17,C4H7NO5,"1,6,7,8",1,93,5,98,NO2-A-1-b,Rearrangement
7686,7687,ts_331_1_NO2-A-1-d,19,C4H7NO7,"1,6,7,8",1,98,5,103,NO2-A-1-d,Addition
7687,7688,ts_331_1_NO2-A-9-b,14,C2H6N2O4,"1,6,7,8",1,99,5,104,NO2-A-9-b,Rearrangement
7688,7689,ts_331_1_NO2-B-2-d,26,C9H9BrN2O5,"1,6,7,8,35",0,94,5,99,NO2-B-2-d,Addition
7689,7690,ts_331_1_R-B-3,22,C8H11NO2,"1,6,7,8",1,98,5,103,R-B-3,Cyclization
7690,7691,ts_331_1_RR-A-2-a,22,C10H8O4,"1,6,8",1,92,5,97,RR-A-2-a,Rearrangement
7691,7692,ts_331_1_RR-A-10,26,C9H13BrO3,"1,6,8,35",0,96,5,101,RR-A-10,Rearrangement
7692,7693,ts_331_1_RR-A-12,40,C21H15ClN2O,"1,6,7,8,17",0,69,3,72,RR-A-12,Rearrangement
7693,7694,ts_331_1_RR-A-13-a,26,C11H11BrO3,"1,6,8,35",0,96,5,101,RR-A-13-a,Rearrangement
7694,7695,ts_331_1_S-A-9,28,C8H15ClO4,"1,6,8,17",0,97,5,102,S-A-9,Substitution
7695,7696,ts_331_1_S-A-17,23,C6H12FNO3,"1,6,7,8,9",0,97,5,102,S-A-17,Substitution
7696,7697,ts_331_1_S-B-2,24,C7H11BrN2O3,"1,6,7,8,35",0,90,5,95,S-B-2,Substitution
7697,7698,ts_331_2_RR-A-1,14,C4H6O4,"1,6,8",1,100,5,105,RR-A-1,Rearrangement
7698,7699,ts_332_1_NO2-A-1-d,17,C3H7NO6,"1,6,7,8",1,97,5,102,NO2-A-1-d,Addition
7699,7700,ts_332_1_NO2-A-6-d,19,C4H8N2O4S,"1,6,7,8,16",0,95,5,100,NO2-A-6-d,Addition
7700,7701,ts_332_1_NO2-A-11-d,29,C9H14N2O4,"1,6,7,8",1,98,5,103,NO2-A-11-d,Addition
7701,7702,ts_332_1_NO2-B-3-e,16,C4H6FNO4,"1,6,7,8,9",0,91,5,96,NO2-B-3-e,Addition
7702,7703,ts_332_1_S-B-1,21,C6H8Cl2N2O3,"1,6,7,8,17",0,93,5,98,S-B-1,Substitution
7703,7704,ts_332_1_S-G-1,19,C3H8Cl2O5S,"1,6,8,16,17",0,100,5,105,S-G-1,Substitution
7704,7705,ts_332_1_S-G-6,17,C2H7BrFNO4S,"1,6,7,8,9,16,35",0,100,5,105,S-G-6,Substitution
7705,7706,ts_332_2_A-E-2,22,C6H13NO2,"1,6,7,8",1,100,5,105,A-E-2,Addition
7706,7707,ts_332_2_A-E-6,27,C8H15NO3,"1,6,7,8",1,99,5,104,A-E-6,Addition
7707,7708,ts_332_2_A-E-24,21,C6H11BrO2S,"1,6,8,16,35",0,99,5,104,A-E-24,Addition
7708,7709,ts_332_2_R-B-6,16,C5H7ClFNO,"1,6,7,8,9,17",0,100,5,105,R-B-6,Cyclization
7709,7710,ts_332_2_S-D-10,20,C4H8ClNO5S,"1,6,7,8,16,17",0,91,5,96,S-D-10,Substitution
7710,7711,ts_333_1_A-E-8,20,C7H10O3,"1,6,8",1,95,5,100,A-E-8,Addition
7711,7712,ts_333_1_NO2-A-8-b,16,C3H5NO6S,"1,6,7,8,16",0,92,5,97,NO2-A-8-b,Rearrangement
7712,7713,ts_333_1_RR-A-2-a,26,C11H10O5,"1,6,8",1,95,5,100,RR-A-2-a,Rearrangement
7713,7714,ts_333_1_RR-A-2-b,30,C11H15NO3,"1,6,7,8",1,98,5,103,RR-A-2-b,Rearrangement
7714,7715,ts_333_1_RR-A-13-a,26,C11H11FO3,"1,6,8,9",0,97,5,102,RR-A-13-a,Rearrangement
7715,7716,ts_333_1_RR-B-7-a,16,C3H8ClNO3,"1,6,7,8,17",0,99,5,104,RR-B-7-a,Rearrangement
7716,7717,ts_333_1_RR-B-8-b,23,C8H9NO5,"1,6,7,8",1,98,5,103,RR-B-8-b,Rearrangement
7717,7718,ts_333_1_S-A-15,29,C10H14ClNO3,"1,6,7,8,17",0,98,5,103,S-A-15,Substitution
7718,7719,ts_333_1_S-B-1,23,C6H10ClN3O3,"1,6,7,8,17",0,92,5,97,S-B-1,Substitution
7719,7720,ts_333_2_R-A-7,17,C4H9Cl2NO,"1,6,7,8,17",0,100,5,105,R-A-7,Cyclization
7720,7721,ts_333_2_S-D-9,14,C2H6BrNO3S,"1,6,7,8,16,35",0,98,5,103,S-D-9,Substitution
7721,7722,ts_333_4_R-B-7,22,C8H10O4,"1,6,8",1,91,5,96,R-B-7,Cyclization
7722,7723,ts_334_1_E-2-b,18,C4H10N2O2,"1,6,7,8",1,97,5,102,E-2-b,Addition
7723,7724,ts_334_1_NO2-B-3-d,16,C4H6ClNO4,"1,6,7,8,17",0,96,5,101,NO2-B-3-d,Addition
7724,7725,ts_334_1_R-A-2,19,C5H9ClO4,"1,6,8,17",0,96,5,101,R-A-2,Cyclization
7725,7726,ts_334_1_R-A-7,17,C4H9BrClNO,"1,6,7,8,17,35",0,100,5,105,R-A-7,Cyclization
7726,7727,ts_334_1_R-B-7,19,C7H10O2,"1,6,8",1,100,5,105,R-B-7,Cyclization
7727,7728,ts_334_1_RR-B-8-b,25,C9H11NO4,"1,6,7,8",1,100,5,105,RR-B-8-b,Rearrangement
7728,7729,ts_334_1_S-A-8,23,C6H10ClFO5,"1,6,8,9,17",0,100,5,105,S-A-8,Substitution
7729,7730,ts_334_1_S-A-15,29,C10H14ClNO3,"1,6,7,8,17",0,97,5,102,S-A-15,Substitution
7730,7731,ts_334_1_S-A-18,16,C4H7BrClNO2,"1,6,7,8,17,35",0,98,5,103,S-A-18,Substitution
7731,7732,ts_334_1_S-D-10,20,C4H8BrNO5S,"1,6,7,8,16,35",0,97,5,102,S-D-10,Substitution
7732,7733,ts_334_1_S-G-6,18,C3H7FN2O4S,"1,6,7,8,9,16",0,89,5,94,S-G-6,Substitution
7733,7734,ts_334_2_R-B-3,18,C7H8BrNO,"1,6,7,8,35",0,95,5,100,R-B-3,Cyclization
7734,7735,ts_335_1_E-1,18,C4H10N2O2,"1,6,7,8",1,97,5,102,E-1,Addition
7735,7736,ts_335_1_E-2-b,18,C4H10N2O2,"1,6,7,8",1,99,5,104,E-2-b,Addition
7736,7737,ts_335_1_NO2-A-1-d,18,C4H6ClNO6,"1,6,7,8,17",0,96,5,101,NO2-A-1-d,Addition
7737,7738,ts_335_1_NO2-A-6-b,19,C4H8N2O4S,"1,6,7,8,16",0,95,5,100,NO2-A-6-b,Rearrangement
7738,7739,ts_335_1_NO2-A-9-a,19,C3H8N2O6,"1,6,7,8",1,99,5,104,NO2-A-9-a,Substitution
7739,7740,ts_335_1_R-A-6,25,C7H13NO4,"1,6,7,8",1,98,5,103,R-A-6,Cyclization
7740,7741,ts_335_1_R-B-7,22,C8H12O2,"1,6,8",1,97,5,102,R-B-7,Cyclization
7741,7742,ts_335_1_RR-B-6-b,18,C4H10N2O2,"1,6,7,8",1,99,5,104,RR-B-6-b,Rearrangement
7742,7743,ts_335_1_S-A-18,18,C4H6BrClN2O4,"1,6,7,8,17,35",0,93,5,98,S-A-18,Substitution
7743,7744,ts_335_1_S-D-10,20,C4H8BrNO5S,"1,6,7,8,16,35",0,93,5,98,S-D-10,Substitution
7744,7745,ts_335_2_NO2-B-3-d,21,C5H10N2O4,"1,6,7,8",1,96,5,101,NO2-B-3-d,Addition
7745,7746,ts_335_2_S-B-3-a,14,C4H7NO2,"1,6,7,8",1,99,5,104,S-B-3-a,Rearrangement
7746,7747,ts_336_1_NO2-A-11-d,30,C9H15N3O3,"1,6,7,8",1,100,5,105,NO2-A-11-d,Addition
7747,7748,ts_336_1_NO2-B-8-d,25,C5H12N2O5S,"1,6,7,8,16",0,98,5,103,NO2-B-8-d,Addition
7748,7749,ts_336_1_R-A-4,28,C8H14ClNO4,"1,6,7,8,17",0,96,5,101,R-A-4,Cyclization
7749,7750,ts_336_1_R-A-8,27,C8H15BrN2O,"1,6,7,8,35",0,96,5,101,R-A-8,Cyclization
7750,7751,ts_336_1_RR-A-3-a,31,C15H12O4,"1,6,8",1,75,3,78,RR-A-3-a,Rearrangement
7751,7752,ts_336_1_RR-A-10,32,C10H19NO2,"1,6,7,8",1,99,5,104,RR-A-10,Rearrangement
7752,7753,ts_336_1_RR-A-13-b,32,C12H17NO2,"1,6,7,8",1,99,5,104,RR-A-13-b,Rearrangement
7753,7754,ts_336_1_RR-A-13-c,32,C12H17NO2,"1,6,7,8",1,100,5,105,RR-A-13-c,Rearrangement
7754,7755,ts_336_1_RR-B-7-b,21,C4H12N2O3,"1,6,7,8",1,100,5,105,RR-B-7-b,Rearrangement
7755,7756,ts_336_1_RR-B-8-a,27,C9H11BrN2O4,"1,6,7,8,35",0,99,5,104,RR-B-8-a,Rearrangement
7756,7757,ts_336_1_S-A-15,30,C11H14ClNO3,"1,6,7,8,17",0,94,5,99,S-A-15,Substitution
7757,7758,ts_336_1_S-D-10,15,C2H6ClNO4S,"1,6,7,8,16,17",0,98,5,103,S-D-10,Substitution
7758,7759,ts_336_1_S-G-2,17,C2H8ClNO4S,"1,6,7,8,16,17",0,100,5,105,S-G-2,Substitution
7759,7760,ts_336_2_A-E-8,21,C7H10O4,"1,6,8",1,96,5,101,A-E-8,Addition
7760,7761,ts_336_2_NO2-B-3-d,16,C4H6BrNO4,"1,6,7,8,35",0,98,5,103,NO2-B-3-d,Addition
7761,7762,ts_336_2_R-B-7,19,C7H9FO2,"1,6,8,9",0,96,5,101,R-B-7,Cyclization
7762,7763,ts_337_1_R-A-3,20,C5H8ClNO5,"1,6,7,8,17",0,93,5,98,R-A-3,Cyclization
7763,7764,ts_337_1_R-B-3,16,C6H8BrN,"1,6,7,35",0,97,5,102,R-B-3,Cyclization
7764,7765,ts_337_1_R-B-7,15,C5H7BrO2,"1,6,8,35",0,100,5,105,R-B-7,Cyclization
7765,7766,ts_337_1_R-B-15-a,14,C4H6Cl2O2,"1,6,8,17",0,100,5,105,R-B-15-a,Rearrangement
7766,7767,ts_337_1_RR-A-6,17,C8H7ClO,"1,6,8,17",0,99,5,104,RR-A-6,Rearrangement
7767,7768,ts_337_1_RR-A-10,32,C10H19NO2,"1,6,7,8",1,100,5,105,RR-A-10,Rearrangement
7768,7769,ts_337_1_RR-A-13-c,32,C12H17NO2,"1,6,7,8",1,100,5,105,RR-A-13-c,Rearrangement
7769,7770,ts_337_1_RR-B-8-b,26,C9H11NO5,"1,6,7,8",1,100,5,105,RR-B-8-b,Rearrangement
7770,7771,ts_337_1_S-A-24,32,C9H19ClN2O,"1,6,7,8,17",0,100,5,105,S-A-24,Substitution
7771,7772,ts_337_1_S-G-5,15,CH7BrN2O3S,"1,6,7,8,16,35",0,100,5,105,S-G-5,Substitution
7772,7773,ts_337_2_S-B-3-a,12,C4H5BrO2,"1,6,8,35",0,97,5,102,S-B-3-a,Rearrangement
7773,7774,ts_338_1_A-E-6,23,C7H12FNO2,"1,6,7,8,9",0,91,5,96,A-E-6,Addition
7774,7775,ts_338_1_NO2-A-3-d,18,C4H7NO6,"1,6,7,8",1,96,5,101,NO2-A-3-d,Addition
7775,7776,ts_338_1_NO2-B-2-d,26,C11H9N3O3,"1,6,7,8",1,83,5,88,NO2-B-2-d,Addition
7776,7777,ts_338_1_R-B-3,13,C5H6BrN,"1,6,7,35",0,100,5,105,R-B-3,Cyclization
7777,7778,ts_338_1_RR-A-8-c,18,C5H7NO5,"1,6,7,8",1,97,5,102,RR-A-8-c,Rearrangement
7778,7779,ts_338_1_RR-B-7-b,21,C4H12N2O3,"1,6,7,8",1,100,5,105,RR-B-7-b,Rearrangement
7779,7780,ts_338_1_S-A-5,20,C6H8ClNO4,"1,6,7,8,17",0,92,5,97,S-A-5,Substitution
7780,7781,ts_338_1_S-A-6,23,C6H13NO3,"1,6,7,8",1,98,5,103,S-A-6,Substitution
7781,7782,ts_338_1_S-A-15,28,C10H12ClNO4,"1,6,7,8,17",0,98,5,103,S-A-15,Substitution
7782,7783,ts_338_2_A-E-16,17,C5H8ClFOS,"1,6,8,9,16,17",0,98,5,103,A-E-16,Addition
7783,7784,ts_338_2_S-A-4,22,C6H9NO6,"1,6,7,8",1,94,5,99,S-A-4,Substitution
7784,7785,ts_339_1_A-E-2,18,C5H10O3,"1,6,8",1,99,5,104,A-E-2,Addition
7785,7786,ts_339_1_E-2-b,18,C4H10N2O2,"1,6,7,8",1,98,5,103,E-2-b,Addition
7786,7787,ts_339_1_NO2-A-9-a,19,C3H9N3O4,"1,6,7,8",1,99,5,104,NO2-A-9-a,Substitution
7787,7788,ts_339_1_R-A-6,18,C5H10N2O,"1,6,7,8",1,95,5,100,R-A-6,Cyclization
7788,7789,ts_339_1_S-A-2,27,C10H12ClNO3,"1,6,7,8,17",0,75,4,79,S-A-2,Substitution
7789,7790,ts_339_1_S-A-8,23,C6H11ClO5,"1,6,8,17",0,95,5,100,S-A-8,Substitution
7790,7791,ts_339_1_S-A-18,24,C6H11ClN2O4,"1,6,7,8,17",0,76,4,80,S-A-18,Substitution
7791,7792,ts_339_1_S-A-19,22,C6H12BrNO2,"1,6,7,8,35",0,96,5,101,S-A-19,Substitution
7792,7793,ts_339_1_S-B-1,21,C6H9ClN2O3,"1,6,7,8,17",0,94,5,99,S-B-1,Substitution
7793,7794,ts_339_1_S-B-3-a,17,C5H9NO2,"1,6,7,8",1,99,5,104,S-B-3-a,Rearrangement
7794,7795,ts_339_1_S-D-10,20,C4H8FNO5S,"1,6,7,8,9,16",0,97,5,102,S-D-10,Substitution
7795,7796,ts_339_2_A-E-14,21,C5H9ClO5S,"1,6,8,16,17",0,98,5,103,A-E-14,Addition
7796,7797,ts_339_2_S-A-9,25,C7H13ClO4,"1,6,8,17",0,96,5,101,S-A-9,Substitution
7797,7798,ts_339_2_S-D-9,19,C4H8FNO4S,"1,6,7,8,9,16",0,96,5,101,S-D-9,Substitution
7798,7799,ts_340_1_A-E-2,19,C5H10O4,"1,6,8",1,100,5,105,A-E-2,Addition
7799,7800,ts_340_1_E-2-a,13,C4H5NO3,"1,6,7,8",1,97,5,102,E-2-a,Addition
7800,7801,ts_340_1_NO2-A-1-d,19,C5H6N2O6,"1,6,7,8",1,92,5,97,NO2-A-1-d,Addition
7801,7802,ts_340_1_NO2-A-9-a,18,C3H8N2O5,"1,6,7,8",1,95,5,100,NO2-A-9-a,Substitution
7802,7803,ts_340_1_NO2-B-11-d,24,C9H9N3O3,"1,6,7,8",1,93,5,98,NO2-B-11-d,Addition
7803,7804,ts_340_1_S-A-3,29,C10H11BrN2O5,"1,6,7,8,35",0,72,3,75,S-A-3,Substitution
7804,7805,ts_340_1_S-A-19,21,C5H9BrN2O4,"1,6,7,8,35",0,93,5,98,S-A-19,Substitution
7805,7806,ts_340_2_S-D-10,25,C5H12N2O5S,"1,6,7,8,16",0,97,5,102,S-D-10,Substitution
7806,7807,ts_340_3_S-A-11,19,C5H7FO6,"1,6,8,9",0,96,5,101,S-A-11,Substitution
7807,7808,ts_341_1_A-E-2,18,C5H9ClO3,"1,6,8,17",0,98,5,103,A-E-2,Addition
7808,7809,ts_341_1_NO2-A-1-a,25,C6H12N2O5,"1,6,7,8",1,97,5,102,NO2-A-1-a,Substitution
7809,7810,ts_341_1_R-A-3,18,C5H8BrClO3,"1,6,8,17,35",0,98,5,103,R-A-3,Cyclization
7810,7811,ts_341_1_R-A-8,31,C9H18ClNO2,"1,6,7,8,17",0,97,5,102,R-A-8,Cyclization
7811,7812,ts_341_1_R-B-15-a,24,C7H12ClNO3,"1,6,7,8,17",0,100,5,105,R-B-15-a,Rearrangement
7812,7813,ts_341_1_S-A-9,24,C7H12ClNO3,"1,6,7,8,17",0,93,5,98,S-A-9,Substitution
7813,7814,ts_341_1_S-B-5-a,11,C3H4BrFO2,"1,6,8,9,35",0,96,5,101,S-B-5-a,Rearrangement
7814,7815,ts_341_1_S-D-9,24,C5H12N2O4S,"1,6,7,8,16",0,97,5,102,S-D-9,Substitution
7815,7816,ts_341_2_A-E-8,21,C6H9NO5,"1,6,7,8",1,98,5,103,A-E-8,Addition
7816,7817,ts_341_2_R-A-5,17,C5H8ClNO2,"1,6,7,8,17",0,95,5,100,R-A-5,Cyclization
7817,7818,ts_341_2_S-D-10,25,C5H12N2O5S,"1,6,7,8,16",0,99,5,104,S-D-10,Substitution
7818,7819,ts_342_1_E-1,11,C2H5ClN2O,"1,6,7,8,17",0,100,5,105,E-1,Addition
7819,7820,ts_342_1_NO2-A-1-b,18,C5H7NO5,"1,6,7,8",1,95,5,100,NO2-A-1-b,Rearrangement
7820,7821,ts_342_1_R-A-1,15,C4H7ClO3,"1,6,8,17",0,97,5,102,R-A-1,Cyclization
7821,7822,ts_342_1_RR-A-3-a,28,C14H11ClO2,"1,6,8,17",0,98,5,103,RR-A-3-a,Rearrangement
7822,7823,ts_342_1_RR-A-10,32,C11H18O3,"1,6,8",1,98,5,103,RR-A-10,Rearrangement
7823,7824,ts_342_1_S-A-1,23,C6H12N2O3,"1,6,7,8",1,94,5,99,S-A-1,Substitution
7824,7825,ts_342_1_S-A-14,19,C5H9ClN2OS,"1,6,7,8,16,17",0,90,5,95,S-A-14,Substitution
7825,7826,ts_342_1_S-D-9,24,C5H12N2O4S,"1,6,7,8,16",0,94,5,99,S-D-9,Substitution
7826,7827,ts_342_1_S-G-2,20,C4H7ClO7S,"1,6,8,16,17",0,96,5,101,S-G-2,Substitution
7827,7828,ts_342_2_A-E-8,21,C6H11NO3,"1,6,7,8",1,98,5,103,A-E-8,Addition
7828,7829,ts_342_2_A-E-24,20,C5H10BrNO2S,"1,6,7,8,16,35",0,98,5,103,A-E-24,Addition
7829,7830,ts_343_1_NO2-A-1-d,21,C5H7NO8,"1,6,7,8",1,95,5,100,NO2-A-1-d,Addition
7830,7831,ts_343_1_NO2-A-11-d,23,C7H10ClN3O2,"1,6,7,8,17",0,100,5,105,NO2-A-11-d,Addition
7831,7832,ts_343_1_R-B-7,18,C6H9BrO2,"1,6,8,35",0,99,5,104,R-B-7,Cyclization
7832,7833,ts_343_1_R-B-15-a,24,C7H12ClNO3,"1,6,7,8,17",0,100,5,105,R-B-15-a,Rearrangement
7833,7834,ts_343_1_RR-A-1,16,C5H6O5,"1,6,8",1,97,5,102,RR-A-1,Rearrangement
7834,7835,ts_343_1_RR-A-2-a,21,C9H9BrO2,"1,6,8,35",0,98,5,103,RR-A-2-a,Rearrangement
7835,7836,ts_343_1_RR-A-3-a,28,C14H11BrO2,"1,6,8,35",0,97,5,102,RR-A-3-a,Rearrangement
7836,7837,ts_343_1_RR-A-8-c,17,C5H7NO4,"1,6,7,8",1,98,5,103,RR-A-8-c,Rearrangement
7837,7838,ts_343_1_RR-A-10,27,C9H16O2,"1,6,8",1,100,5,105,RR-A-10,Rearrangement
7838,7839,ts_343_1_S-A-11,17,C5H6FNO4,"1,6,7,8,9",0,88,5,93,S-A-11,Substitution
7839,7840,ts_343_1_S-D-10,20,C3H9FN2O4S,"1,6,7,8,9,16",0,99,5,104,S-D-10,Substitution
7840,7841,ts_343_2_A-E-14,21,C6H8ClNO4S,"1,6,7,8,16,17",0,88,5,93,A-E-14,Addition
7841,7842,ts_343_2_A-E-24,19,C6H8BrNO2S,"1,6,7,8,16,35",0,91,5,96,A-E-24,Addition
7842,7843,ts_343_2_R-A-7,24,C6H14N2O2,"1,6,7,8",1,99,5,104,R-A-7,Cyclization
7843,7844,ts_343_2_R-B-3,14,C6H5BrN2,"1,6,7,35",0,88,5,93,R-B-3,Cyclization
7844,7845,ts_343_2_R-B-4,17,C6H8BrNO,"1,6,7,8,35",0,100,5,105,R-B-4,Cyclization
7845,7846,ts_343_2_R-B-5,24,C6H14N4,"1,6,7",1,80,4,84,R-B-5,Cyclization
7846,7847,ts_343_2_S-D-10,20,C3H9FN2O4S,"1,6,7,8,9,16",0,99,5,104,S-D-10,Substitution
7847,7848,ts_344_1_A-E-6,29,C8H16N2O3,"1,6,7,8",1,97,5,102,A-E-6,Addition
7848,7849,ts_344_1_E-2-b,13,C3H6ClNO2,"1,6,7,8,17",0,100,5,105,E-2-b,Addition
7849,7850,ts_344_1_RR-B-8-a,33,C12H15NO5,"1,6,7,8",1,78,3,81,RR-B-8-a,Rearrangement
7850,7851,ts_344_1_S-A-16,26,C10H11ClN2OS,"1,6,7,8,16,17",0,97,5,102,S-A-16,Substitution
7851,7852,ts_344_1_S-B-5-a,13,C3H4FNO4,"1,6,7,8,9",0,97,5,102,S-B-5-a,Rearrangement
7852,7853,ts_344_2_A-E-14,25,C6H12ClNO4S,"1,6,7,8,16,17",0,96,5,101,A-E-14,Addition
7853,7854,ts_345_1_A-E-2,23,C6H13NO3,"1,6,7,8",1,96,5,101,A-E-2,Addition
7854,7855,ts_345_1_A-E-8,23,C7H12O4,"1,6,8",1,96,5,101,A-E-8,Addition
7855,7856,ts_345_1_E-1,13,C3H6BrNO2,"1,6,7,8,35",0,97,5,102,E-1,Addition
7856,7857,ts_345_1_E-2-a,8,C2H3NO2,"1,6,7,8",1,97,5,102,E-2-a,Addition
7857,7858,ts_345_1_NO2-A-3-d,16,C4H6ClNO4,"1,6,7,8,17",0,95,5,100,NO2-A-3-d,Addition
7858,7859,ts_345_1_R-A-5,22,C6H12N2O2,"1,6,7,8",1,97,5,102,R-A-5,Cyclization
7859,7860,ts_345_1_RR-A-3-a,30,C14H13NO2,"1,6,7,8",1,96,5,101,RR-A-3-a,Rearrangement
7860,7861,ts_345_1_RR-A-8-c,19,C6H9NO3,"1,6,7,8",1,93,5,98,RR-A-8-c,Rearrangement
7861,7862,ts_345_1_RR-A-9-a,27,C11H13FO2,"1,6,8,9",0,100,5,105,RR-A-9-a,Rearrangement
7862,7863,ts_345_1_S-A-18,24,C7H10ClNO5,"1,6,7,8,17",0,97,5,102,S-A-18,Substitution
7863,7864,ts_345_2_NO2-A-1-a,23,C6H9NO7,"1,6,7,8",1,87,5,92,NO2-A-1-a,Substitution
7864,7865,ts_345_2_R-A-5,22,C6H12N2O2,"1,6,7,8",1,90,5,95,R-A-5,Cyclization
7865,7866,ts_345_2_S-A-4,19,C5H7NO6,"1,6,7,8",1,95,5,100,S-A-4,Substitution
7866,7867,ts_346_1_NO2-A-9-a,19,C3H9N3O4,"1,6,7,8",1,99,5,104,NO2-A-9-a,Substitution
7867,7868,ts_346_1_NO2-A-11-a,25,C8H11BrN2O3,"1,6,7,8,35",0,99,5,104,NO2-A-11-a,Substitution
7868,7869,ts_346_1_R-A-4,29,C9H16BrClO2,"1,6,8,17,35",0,98,5,103,R-A-4,Cyclization
7869,7870,ts_346_1_R-A-6,22,C6H12N2O2,"1,6,7,8",1,93,5,98,R-A-6,Cyclization
7870,7871,ts_346_1_R-B-6,23,C7H10N2O4,"1,6,7,8",1,97,5,102,R-B-6,Cyclization
7871,7872,ts_346_1_RR-A-2-a,23,C9H11NO2,"1,6,7,8",1,98,5,103,RR-A-2-a,Rearrangement
7872,7873,ts_346_1_RR-A-2-b,25,C10H11BrO3,"1,6,8,35",0,95,5,100,RR-A-2-b,Rearrangement
7873,7874,ts_346_1_RR-A-6,17,C8H7FO,"1,6,8,9",0,100,5,105,RR-A-6,Rearrangement
7874,7875,ts_346_1_RR-A-13-c,27,C11H13ClO2,"1,6,8,17",0,100,5,105,RR-A-13-c,Rearrangement
7875,7876,ts_346_1_RR-B-4-b,16,C4H6BrN3O2,"1,6,7,8,35",0,91,5,96,RR-B-4-b,Rearrangement
7876,7877,ts_346_1_S-A-7,15,C4H4Cl2FNO3,"1,6,7,8,9,17",0,94,5,99,S-A-7,Substitution
7877,7878,ts_346_1_S-A-10,28,C8H14N2O4,"1,6,7,8",1,91,5,96,S-A-10,Substitution
7878,7879,ts_347_1_E-1,13,C3H6FNO2,"1,6,7,8,9",0,99,5,104,E-1,Addition
7879,7880,ts_347_1_NO2-A-1-b,19,C5H8N2O4,"1,6,7,8",1,90,5,95,NO2-A-1-b,Rearrangement
7880,7881,ts_347_1_NO2-A-11-a,25,C8H11BrN2O3,"1,6,7,8,35",0,98,5,103,NO2-A-11-a,Substitution
7881,7882,ts_347_1_RR-B-8-a,31,C11H15NO4,"1,6,7,8",1,98,5,103,RR-B-8-a,Rearrangement
7882,7883,ts_347_1_S-G-1,15,C2H5Cl2FO4S,"1,6,8,9,16,17",0,99,5,104,S-G-1,Substitution
7883,7884,ts_347_2_A-E-2,20,C6H10O4,"1,6,8",1,97,5,102,A-E-2,Addition
7884,7885,ts_347_2_R-B-4,23,C8H13NO,"1,6,7,8",1,99,5,104,R-B-4,Cyclization
7885,7886,ts_348_1_A-E-2,23,C7H12O4,"1,6,8",1,96,5,101,A-E-2,Addition
7886,7887,ts_348_1_E-2-b,13,C3H6FNO2,"1,6,7,8,9",0,98,5,103,E-2-b,Addition
7887,7888,ts_348_1_NO2-A-3-a,17,C4H7N3O3,"1,6,7,8",1,91,5,96,NO2-A-3-a,Substitution
7888,7889,ts_348_1_NO2-A-3-b,16,C5H5NO5,"1,6,7,8",1,99,5,104,NO2-A-3-b,Rearrangement
7889,7890,ts_348_1_NO2-A-3-d,21,C5H10N2O4,"1,6,7,8",1,95,5,100,NO2-A-3-d,Addition
7890,7891,ts_348_1_RR-A-13-a,27,C11H13BrO2,"1,6,8,35",0,100,5,105,RR-A-13-a,Rearrangement
7891,7892,ts_348_1_RR-B-8-a,28,C10H12ClNO4,"1,6,7,8,17",0,98,5,103,RR-B-8-a,Rearrangement
7892,7893,ts_348_1_S-A-24,31,C10H17ClN2O,"1,6,7,8,17",0,92,5,97,S-A-24,Substitution
7893,7894,ts_348_1_S-G-4,20,C3H9FO6S,"1,6,8,9,16",0,99,5,104,S-G-4,Substitution
7894,7895,ts_348_2_A-E-16,18,C5H8BrClO2S,"1,6,8,16,17,35",0,99,5,104,A-E-16,Addition
7895,7896,ts_348_2_R-A-5,22,C7H11NO3,"1,6,7,8",1,96,5,101,R-A-5,Cyclization
7896,7897,ts_348_2_S-D-10,25,C4H13N3O4S,"1,6,7,8,16",0,96,5,101,S-D-10,Substitution
7897,7898,ts_349_1_R-A-7,19,C4H11FN2O,"1,6,7,8,9",0,100,5,105,R-A-7,Cyclization
7898,7899,ts_349_1_RR-A-13-b,27,C11H13BrO2,"1,6,8,35",0,100,5,105,RR-A-13-b,Rearrangement
7899,7900,ts_349_1_RR-B-8-a,30,C10H14N2O4,"1,6,7,8",1,98,5,103,RR-B-8-a,Rearrangement
7900,7901,ts_349_1_S-A-1,23,C7H11NO4,"1,6,7,8",1,88,5,93,S-A-1,Substitution
7901,7902,ts_349_1_S-A-13,30,C11H15NO3,"1,6,7,8",1,97,5,102,S-A-13,Substitution
7902,7903,ts_349_1_S-A-16,25,C9H11ClFNOS,"1,6,7,8,9,16,17",0,100,5,105,S-A-16,Substitution
7903,7904,ts_349_1_S-D-11,26,C4H13N3O5S,"1,6,7,8,16",0,97,5,102,S-D-11,Substitution
7904,7905,ts_349_2_R-B-2,20,C8H10O2,"1,6,8",1,99,5,104,R-B-2,Cyclization
7905,7906,ts_349_2_R-B-4,21,C7H11NO2,"1,6,7,8",1,98,5,103,R-B-4,Cyclization
7906,7907,ts_350_1_A-E-8,19,C6H10O3,"1,6,8",1,98,5,103,A-E-8,Addition
7907,7908,ts_350_1_E-2-b,15,C3H8N2O2,"1,6,7,8",1,96,5,101,E-2-b,Addition
7908,7909,ts_350_1_NO2-A-1-b,20,C6H7NO6,"1,6,7,8",1,98,5,103,NO2-A-1-b,Rearrangement
7909,7910,ts_350_1_NO2-A-1-d,20,C5H8FNO5,"1,6,7,8,9",0,95,5,100,NO2-A-1-d,Addition
7910,7911,ts_350_1_R-A-4,26,C7H15BrClNO,"1,6,7,8,17,35",0,100,5,105,R-A-4,Cyclization
7911,7912,ts_350_1_R-A-6,21,C6H10N2O3,"1,6,7,8",1,92,5,97,R-A-6,Cyclization
7912,7913,ts_350_1_R-B-4,20,C7H10ClNO,"1,6,7,8,17",0,99,5,104,R-B-4,Cyclization
7913,7914,ts_350_1_RR-A-6,27,C10H14N2O,"1,6,7,8",1,100,5,105,RR-A-6,Rearrangement
7914,7915,ts_350_1_RR-A-12,39,C20H15ClFNO,"1,6,7,8,9,17",0,79,3,82,RR-A-12,Rearrangement
7915,7916,ts_350_1_RR-B-4-b,18,C4H8N4O2,"1,6,7,8",1,85,5,90,RR-B-4-b,Rearrangement
7916,7917,ts_350_1_RR-B-6-b,15,C3H8N2O2,"1,6,7,8",1,100,5,105,RR-B-6-b,Rearrangement
7917,7918,ts_350_1_S-A-1,23,C6H12N2O3,"1,6,7,8",1,95,5,100,S-A-1,Substitution
7918,7919,ts_350_1_S-A-9,28,C8H15ClN2O2,"1,6,7,8,17",0,88,5,93,S-A-9,Substitution
7919,7920,ts_350_1_S-A-14,19,C5H9ClN2OS,"1,6,7,8,16,17",0,92,5,97,S-A-14,Substitution
7920,7921,ts_350_1_S-D-10,22,C3H11N3O4S,"1,6,7,8,16",0,97,5,102,S-D-10,Substitution
7921,7922,ts_350_2_R-A-6,21,C6H10N2O3,"1,6,7,8",1,93,5,98,R-A-6,Cyclization
7922,7923,ts_350_2_R-B-4,20,C7H10ClNO,"1,6,7,8,17",0,98,5,103,R-B-4,Cyclization
7923,7924,ts_351_1_A-E-6,24,C7H12FNO3,"1,6,7,8,9",0,97,5,102,A-E-6,Addition
7924,7925,ts_351_1_A-E-8,19,C6H9FO3,"1,6,8,9",0,99,5,104,A-E-8,Addition
7925,7926,ts_351_1_NO2-A-3-a,16,C3H7BrN2O3,"1,6,7,8,35",0,97,5,102,NO2-A-3-a,Substitution
7926,7927,ts_351_1_NO2-A-8-b,14,C3H5NO4S,"1,6,7,8,16",0,97,5,102,NO2-A-8-b,Rearrangement
7927,7928,ts_351_1_NO2-B-3-e,22,C5H12N2O3,"1,6,7,8",1,100,5,105,NO2-B-3-e,Addition
7928,7929,ts_351_1_R-A-2,18,C4H8ClNO4,"1,6,7,8,17",0,99,5,104,R-A-2,Cyclization
7929,7930,ts_351_1_R-A-3,23,C6H13ClO3,"1,6,8,17",0,100,5,105,R-A-3,Cyclization
7930,7931,ts_351_1_R-B-3,19,C7H9NO2,"1,6,7,8",1,98,5,103,R-B-3,Cyclization
7931,7932,ts_351_1_R-B-7,18,C6H8O4,"1,6,8",1,100,5,105,R-B-7,Cyclization
7932,7933,ts_351_1_RR-A-1,17,C6H8O3,"1,6,8",1,98,5,103,RR-A-1,Rearrangement
7933,7934,ts_351_1_RR-A-13-c,29,C11H13NO4,"1,6,7,8",1,99,5,104,RR-A-13-c,Rearrangement
7934,7935,ts_351_1_RR-B-7-b,18,C3H8N2O5,"1,6,7,8",1,100,5,105,RR-B-7-b,Rearrangement
7935,7936,ts_351_1_RR-B-8-a,30,C11H13NO5,"1,6,7,8",1,96,5,101,RR-B-8-a,Rearrangement
7936,7937,ts_351_1_RR-B-8-b,21,C8H9NO3,"1,6,7,8",1,98,5,103,RR-B-8-b,Rearrangement
7937,7938,ts_351_1_S-A-8,24,C7H12ClNO3,"1,6,7,8,17",0,92,5,97,S-A-8,Substitution
7938,7939,ts_351_1_S-A-15,27,C9H13ClN2O2,"1,6,7,8,17",0,100,5,105,S-A-15,Substitution
7939,7940,ts_351_1_S-G-4,23,C4H10O8S,"1,6,8,16",0,97,5,102,S-G-4,Substitution
7940,7941,ts_351_2_R-A-6,18,C5H9FN2O,"1,6,7,8,9",0,90,5,95,R-A-6,Cyclization
7941,7942,ts_351_2_S-A-15,27,C9H13ClN2O2,"1,6,7,8,17",0,95,5,100,S-A-15,Substitution
7942,7943,ts_351_2_S-D-9,22,C4H10N2O5S,"1,6,7,8,16",0,97,5,102,S-D-9,Substitution
7943,7944,ts_351_2_S-D-10,23,C4H10N2O6S,"1,6,7,8,16",0,97,5,102,S-D-10,Substitution
7944,7945,ts_351_2_S-G-2,19,C3H7ClO7S,"1,6,8,16,17",0,99,5,104,S-G-2,Substitution
7945,7946,ts_352_1_NO2-B-11-d,29,C10H14N2O3,"1,6,7,8",1,99,5,104,NO2-B-11-d,Addition
7946,7947,ts_352_1_R-B-5,19,C5H10ClN3,"1,6,7,17",0,99,5,104,R-B-5,Cyclization
7947,7948,ts_352_1_RR-A-13-c,32,C12H17NO2,"1,6,7,8",1,100,5,105,RR-A-13-c,Rearrangement
7948,7949,ts_352_1_RR-B-7-b,21,C4H12N2O3,"1,6,7,8",1,100,5,105,RR-B-7-b,Rearrangement
7949,7950,ts_352_1_S-A-6,18,C4H10ClNO2,"1,6,7,8,17",0,100,5,105,S-A-6,Substitution
7950,7951,ts_352_1_S-A-10,25,C7H13ClN2O2,"1,6,7,8,17",0,92,5,97,S-A-10,Substitution
7951,7952,ts_352_1_S-A-17,26,C6H16N2O2,"1,6,7,8",1,100,5,105,S-A-17,Substitution
7952,7953,ts_352_1_S-B-5-a,11,C3H4F2O2,"1,6,8,9",0,94,5,99,S-B-5-a,Rearrangement
7953,7954,ts_352_1_S-G-2,19,C3H7ClO7S,"1,6,8,16,17",0,94,5,99,S-G-2,Substitution
7954,7955,ts_352_2_A-E-8,18,C5H10O3,"1,6,8",1,98,5,103,A-E-8,Addition
7955,7956,ts_353_1_A-E-14,18,C4H8Cl2O3S,"1,6,8,16,17",0,100,5,105,A-E-14,Addition
7956,7957,ts_353_1_R-A-4,24,C7H13Br2ClO,"1,6,8,17,35",0,100,5,105,R-A-4,Cyclization
7957,7958,ts_353_1_R-B-2,20,C9H9NO,"1,6,7,8",1,93,5,98,R-B-2,Cyclization
7958,7959,ts_353_1_RR-A-6,25,C10H11NO3,"1,6,7,8",1,95,5,100,RR-A-6,Rearrangement
7959,7960,ts_353_1_RR-A-13-c,32,C12H17NO2,"1,6,7,8",1,100,5,105,RR-A-13-c,Rearrangement
7960,7961,ts_353_1_RR-A-18,32,C12H17NO2,"1,6,7,8",1,100,5,105,RR-A-18,Rearrangement
7961,7962,ts_353_1_S-A-1,20,C5H10N2O3,"1,6,7,8",1,97,5,102,S-A-1,Substitution
7962,7963,ts_353_1_S-A-8,23,C6H11ClN2O3,"1,6,7,8,17",0,95,5,100,S-A-8,Substitution
7963,7964,ts_353_1_S-A-17,23,C5H13ClN2O2,"1,6,7,8,17",0,97,5,102,S-A-17,Substitution
7964,7965,ts_353_1_S-A-24,27,C8H15Cl2NO,"1,6,7,8,17",0,100,5,105,S-A-24,Substitution
7965,7966,ts_353_2_A-E-8,17,C5H9ClO2,"1,6,8,17",0,100,5,105,A-E-8,Addition
7966,7967,ts_353_2_R-B-3,17,C6H7NO3,"1,6,7,8",1,92,5,97,R-B-3,Cyclization
7967,7968,ts_354_1_NO2-A-1-d,17,C4H6FNO5,"1,6,7,8,9",0,95,5,100,NO2-A-1-d,Addition
7968,7969,ts_354_1_NO2-B-3-d,15,C4H6BrNO3,"1,6,7,8,35",0,96,5,101,NO2-B-3-d,Addition
7969,7970,ts_354_1_R-B-4,25,C8H14N2O,"1,6,7,8",1,100,5,105,R-B-4,Cyclization
7970,7971,ts_354_1_RR-A-12,39,C20H15Cl2NO,"1,6,7,8,17",0,80,3,83,RR-A-12,Rearrangement
7971,7972,ts_354_1_RR-A-13-c,28,C12H13NO2,"1,6,7,8",1,92,5,97,RR-A-13-c,Rearrangement
7972,7973,ts_354_1_RR-B-1-b,20,C5H11NO3,"1,6,7,8",1,99,5,104,RR-B-1-b,Rearrangement
7973,7974,ts_354_1_RR-B-8-a,29,C11H12N2O4,"1,6,7,8",1,95,5,100,RR-B-8-a,Rearrangement
7974,7975,ts_354_1_RR-B-8-b,22,C8H8ClNO4,"1,6,7,8,17",0,97,5,102,RR-B-8-b,Rearrangement
7975,7976,ts_354_1_S-A-13,25,C9H12FNO2,"1,6,7,8,9",0,97,5,102,S-A-13,Substitution
7976,7977,ts_354_1_S-B-3-a,12,C4H4O4,"1,6,8",1,93,5,98,S-B-3-a,Rearrangement
7977,7978,ts_354_2_A-E-6,24,C6H12N2O4,"1,6,7,8",1,99,5,104,A-E-6,Addition
7978,7979,ts_354_2_S-A-9,23,C7H11ClFNO2,"1,6,7,8,9,17",0,93,5,98,S-A-9,Substitution
7979,7980,ts_355_1_R-A-3,19,C6H8ClNO3,"1,6,7,8,17",0,93,5,98,R-A-3,Cyclization
7980,7981,ts_355_1_R-A-4,25,C8H13BrClNO,"1,6,7,8,17,35",0,95,5,100,R-A-4,Cyclization
7981,7982,ts_355_1_S-A-3,27,C11H11BrN2O2,"1,6,7,8,35",0,97,5,102,S-A-3,Substitution
7982,7983,ts_355_1_S-A-5,19,C6H8ClNO3,"1,6,7,8,17",0,95,5,100,S-A-5,Substitution
7983,7984,ts_355_1_S-A-17,23,C5H13FN2O2,"1,6,7,8,9",0,97,5,102,S-A-17,Substitution
7984,7985,ts_355_1_S-D-11,24,C4H10N2O7S,"1,6,7,8,16",0,97,5,102,S-D-11,Substitution
7985,7986,ts_355_2_A-E-6,24,C6H14N2O2,"1,6,7,8",1,99,5,104,A-E-6,Addition
7986,7987,ts_356_1_A-E-2,18,C4H11NO2,"1,6,7,8",1,100,5,105,A-E-2,Addition
7987,7988,ts_356_1_NO2-A-6-b,16,C3H6N2O4S,"1,6,7,8,16",0,95,5,100,NO2-A-6-b,Rearrangement
7988,7989,ts_356_1_NO2-A-9-a,16,C3H5N3O5,"1,6,7,8",1,94,5,99,NO2-A-9-a,Substitution
7989,7990,ts_356_1_R-B-15-a,22,C6H10ClNO4,"1,6,7,8,17",0,99,5,104,R-B-15-a,Rearrangement
7990,7991,ts_356_1_RR-A-1,14,C4H7NO2,"1,6,7,8",1,97,5,102,RR-A-1,Rearrangement
7991,7992,ts_356_1_RR-A-6,25,C10H11NO3,"1,6,7,8",1,100,5,105,RR-A-6,Rearrangement
7992,7993,ts_356_1_RR-A-13-b,32,C13H16O3,"1,6,8",1,99,5,104,RR-A-13-b,Rearrangement
7993,7994,ts_356_1_RR-B-7-b,21,C5H11NO4,"1,6,7,8",1,98,5,103,RR-B-7-b,Rearrangement
7994,7995,ts_356_1_RR-B-8-a,28,C10H13NO4,"1,6,7,8",1,99,5,104,RR-B-8-a,Rearrangement
7995,7996,ts_356_1_S-A-7,16,C5H4Cl2N2O3,"1,6,7,8,17",0,90,5,95,S-A-7,Substitution
7996,7997,ts_356_1_S-A-12,24,C8H10BrNO4,"1,6,7,8,35",0,86,5,91,S-A-12,Substitution
7997,7998,ts_356_2_A-E-2,18,C4H11NO2,"1,6,7,8",1,100,5,105,A-E-2,Addition
7998,7999,ts_356_2_A-E-8,18,C6H9NO2,"1,6,7,8",1,92,5,97,A-E-8,Addition
7999,8000,ts_356_2_S-A-9,23,C7H11BrClNO2,"1,6,7,8,17,35",0,91,5,96,S-A-9,Substitution
8000,8001,ts_356_2_S-D-10,25,C6H11NO6S,"1,6,7,8,16",0,96,5,101,S-D-10,Substitution
8001,8002,ts_357_1_NO2-A-3-b,12,C4H2N2O4,"1,6,7,8",1,94,5,99,NO2-A-3-b,Rearrangement
8002,8003,ts_357_1_NO2-B-3-e,18,C4H9ClN2O2,"1,6,7,8,17",0,99,5,104,NO2-B-3-e,Addition
8003,8004,ts_357_1_R-A-4,26,C7H13BrClNO3,"1,6,7,8,17,35",0,96,5,101,R-A-4,Cyclization
8004,8005,ts_357_1_RR-A-3-a,31,C15H12O4,"1,6,8",1,75,3,78,RR-A-3-a,Rearrangement
8005,8006,ts_357_1_RR-A-13-c,32,C13H16O3,"1,6,8",1,98,5,103,RR-A-13-c,Rearrangement
8006,8007,ts_357_1_S-A-12,27,C9H11NO6,"1,6,7,8",1,89,5,94,S-A-12,Substitution
8007,8008,ts_357_1_S-A-14,17,C5H6ClNO3S,"1,6,7,8,16,17",0,94,5,99,S-A-14,Substitution
8008,8009,ts_357_1_S-A-15,30,C11H14ClNO3,"1,6,7,8,17",0,96,5,101,S-A-15,Substitution
8009,8010,ts_357_2_A-E-2,17,C5H9NO2,"1,6,7,8",1,95,5,100,A-E-2,Addition
8010,8011,ts_357_2_NO2-B-3-d,15,C4H6ClNO3,"1,6,7,8,17",0,96,5,101,NO2-B-3-d,Addition
8011,8012,ts_358_1_A-E-2,21,C5H13NO2,"1,6,7,8",1,99,5,104,A-E-2,Addition
8012,8013,ts_358_1_E-2-b,14,C4H6N2O2,"1,6,7,8",1,92,5,97,E-2-b,Addition
8013,8014,ts_358_1_NO2-A-1-a,17,C3H8N2O4,"1,6,7,8",1,98,5,103,NO2-A-1-a,Substitution
8014,8015,ts_358_1_NO2-A-1-b,16,C5H4N2O5,"1,6,7,8",1,90,5,95,NO2-A-1-b,Rearrangement
8015,8016,ts_358_1_NO2-A-8-b,16,C4H4N2O5S,"1,6,7,8,16",0,85,5,90,NO2-A-8-b,Rearrangement
8016,8017,ts_358_1_R-B-15-a,24,C8H11ClO4,"1,6,8,17",0,98,5,103,R-B-15-a,Rearrangement
8017,8018,ts_358_1_RR-B-6-a,14,C3H7BrN2O,"1,6,7,8,35",0,99,5,104,RR-B-6-a,Rearrangement
8018,8019,ts_358_1_S-A-4,22,C6H9NO6,"1,6,7,8",1,98,5,103,S-A-4,Substitution
8019,8020,ts_358_2_A-E-14,22,C5H11ClO4S,"1,6,8,16,17",0,100,5,105,A-E-14,Addition
8020,8021,ts_358_2_A-E-16,20,C5H11ClO2S,"1,6,8,16,17",0,100,5,105,A-E-16,Addition
8021,8022,ts_358_2_R-B-3,21,C7H10N2O2,"1,6,7,8",1,94,5,99,R-B-3,Cyclization
8022,8023,ts_359_1_A-E-8,19,C6H10O3,"1,6,8",1,96,5,101,A-E-8,Addition
8023,8024,ts_359_1_NO2-A-3-b,11,C3H2BrNO4,"1,6,7,8,35",0,99,5,104,NO2-A-3-b,Rearrangement
8024,8025,ts_359_1_NO2-A-3-d,15,C3H6FNO4,"1,6,7,8,9",0,99,5,104,NO2-A-3-d,Addition
8025,8026,ts_359_1_NO2-A-6-b,15,C4H4N2O4S,"1,6,7,8,16",0,88,5,93,NO2-A-6-b,Rearrangement
8026,8027,ts_359_1_NO2-B-3-d,17,C4H8FNO3,"1,6,7,8,9",0,96,5,101,NO2-B-3-d,Addition
8027,8028,ts_359_1_RR-A-3-a,29,C15H11NO2,"1,6,7,8",1,75,3,78,RR-A-3-a,Rearrangement
8028,8029,ts_359_1_RR-A-18,28,C11H14ClNO,"1,6,7,8,17",0,100,5,105,RR-A-18,Rearrangement
8029,8030,ts_359_1_RR-B-7-b,17,C3H9ClN2O2,"1,6,7,8,17",0,100,5,105,RR-B-7-b,Rearrangement
8030,8031,ts_359_1_S-A-10,25,C7H14N2O2,"1,6,7,8",1,92,5,97,S-A-10,Substitution
8031,8032,ts_359_1_S-A-18,22,C6H10ClN3O2,"1,6,7,8,17",0,89,5,94,S-A-18,Substitution
8032,8033,ts_359_1_S-A-19,20,C5H10BrN3O,"1,6,7,8,35",0,92,5,97,S-A-19,Substitution
8033,8034,ts_359_2_R-A-7,21,C4H13N3O,"1,6,7,8",1,100,5,105,R-A-7,Cyclization
8034,8035,ts_359_2_S-D-10,17,C2H8N2O4S,"1,6,7,8,16",0,99,5,104,S-D-10,Substitution
8035,8036,ts_360_1_E-2-b,13,C2H5N3O3,"1,6,7,8",1,100,5,105,E-2-b,Addition
8036,8037,ts_360_1_RR-A-6,19,C8H9NO,"1,6,7,8",1,100,5,105,RR-A-6,Rearrangement
8037,8038,ts_360_1_RR-A-13-c,29,C12H14N2O,"1,6,7,8",1,96,5,101,RR-A-13-c,Rearrangement
8038,8039,ts_360_1_S-A-10,27,C7H13N3O4,"1,6,7,8",1,95,5,100,S-A-10,Substitution
8039,8040,ts_360_1_S-A-15,27,C9H11ClN2O4,"1,6,7,8,17",0,96,5,101,S-A-15,Substitution
8040,8041,ts_360_2_R-B-7,17,C6H7BrO3,"1,6,8,35",0,93,5,98,R-B-7,Cyclization
8041,8042,ts_361_1_A-E-2,21,C6H12O3,"1,6,8",1,100,5,105,A-E-2,Addition
8042,8043,ts_361_1_NO2-B-3-e,20,C4H11N3O2,"1,6,7,8",1,99,5,104,NO2-B-3-e,Addition
8043,8044,ts_361_1_NO2-B-11-d,24,C8H11BrN2O2,"1,6,7,8,35",0,99,5,104,NO2-B-11-d,Addition
8044,8045,ts_361_1_R-B-4,15,C5H8BrN,"1,6,7,35",0,100,5,105,R-B-4,Cyclization
8045,8046,ts_361_1_RR-A-12,39,C20H15BrClNO,"1,6,7,8,17,35",0,77,3,80,RR-A-12,Rearrangement
8046,8047,ts_361_1_RR-B-6-b,14,C3H8N2O,"1,6,7,8",1,100,5,105,RR-B-6-b,Rearrangement
8047,8048,ts_361_1_RR-B-7-a,19,C4H10N2O3,"1,6,7,8",1,99,5,104,RR-B-7-a,Rearrangement
8048,8049,ts_361_1_S-A-9,23,C6H13ClO3,"1,6,8,17",0,100,5,105,S-A-9,Substitution
8049,8050,ts_361_1_S-A-14,14,C3H7ClO2S,"1,6,8,16,17",0,100,5,105,S-A-14,Substitution
8050,8051,ts_361_1_S-B-2,19,C5H8BrIN2O2,"1,6,7,8,35,53",0,97,5,102,S-B-2,Substitution
8051,8052,ts_361_1_S-G-5,26,C4H13N3O5S,"1,6,7,8,16",0,99,5,104,S-G-5,Substitution
8052,8053,ts_361_2_A-E-24,16,C4H8Br2OS,"1,6,8,16,35",0,100,5,105,A-E-24,Addition
8053,8054,ts_361_2_E-2-a,15,C3H8N2O2,"1,6,7,8",1,99,5,104,E-2-a,Addition
8054,8055,ts_361_2_S-B-3-a,10,C3H3BrO3,"1,6,8,35",0,99,5,104,S-B-3-a,Rearrangement
8055,8056,ts_361_2_S-D-10,21,C3H10N2O5S,"1,6,7,8,16",0,99,5,104,S-D-10,Substitution
8056,8057,ts_362_1_E-2-a,15,C3H8N2O2,"1,6,7,8",1,100,5,105,E-2-a,Addition
8057,8058,ts_362_1_NO2-A-1-d,20,C5H8N2O5,"1,6,7,8",1,89,5,94,NO2-A-1-d,Addition
8058,8059,ts_362_1_R-A-3,20,C6H10ClNO2,"1,6,7,8,17",0,96,5,101,R-A-3,Cyclization
8059,8060,ts_362_1_R-B-4,18,C6H10BrN,"1,6,7,35",0,100,5,105,R-B-4,Cyclization
8060,8061,ts_362_1_RR-A-12,42,C21H15N3O3,"1,6,7,8",1,77,3,80,RR-A-12,Rearrangement
8061,8062,ts_362_1_RR-B-7-a,19,C4H10N2O3,"1,6,7,8",1,98,5,103,RR-B-7-a,Rearrangement
8062,8063,ts_362_1_S-D-11,19,C3H7NO7S,"1,6,7,8,16",0,96,5,101,S-D-11,Substitution
8063,8064,ts_362_2_R-B-7,17,C6H8O3,"1,6,8",1,98,5,103,R-B-7,Cyclization
8064,8065,ts_362_2_RR-B-7-a,19,C4H10N2O3,"1,6,7,8",1,97,5,102,RR-B-7-a,Rearrangement
8065,8066,ts_363_1_A-E-6,22,C6H13NO2,"1,6,7,8",1,98,5,103,A-E-6,Addition
8066,8067,ts_363_1_NO2-A-1-b,15,C4H4FNO5,"1,6,7,8,9",0,94,5,99,NO2-A-1-b,Rearrangement
8067,8068,ts_363_1_NO2-A-3-a,17,C5H6N2O4,"1,6,7,8",1,89,5,94,NO2-A-3-a,Substitution
8068,8069,ts_363_1_NO2-B-3-d,19,C4H8N2O5,"1,6,7,8",1,94,5,99,NO2-B-3-d,Addition
8069,8070,ts_363_1_NO2-B-11-d,26,C8H13N3O2,"1,6,7,8",1,100,5,105,NO2-B-11-d,Addition
8070,8071,ts_363_1_R-B-2,14,C6H7Br,"1,6,35",0,100,5,105,R-B-2,Cyclization
8071,8072,ts_363_1_RR-B-1-b,15,C4H7FO3,"1,6,8,9",0,97,5,102,RR-B-1-b,Rearrangement
8072,8073,ts_363_1_S-A-2,29,C10H15ClN2O,"1,6,7,8,17",0,100,5,105,S-A-2,Substitution
8073,8074,ts_363_1_S-A-16,27,C9H13ClN2OS,"1,6,7,8,16,17",0,99,5,104,S-A-16,Substitution
8074,8075,ts_363_1_S-G-6,21,C3H10BrNO5S,"1,6,7,8,16,35",0,100,5,105,S-G-6,Substitution
8075,8076,ts_364_1_A-E-14,18,C4H8ClFO3S,"1,6,8,9,16,17",0,100,5,105,A-E-14,Addition
8076,8077,ts_364_1_E-1,14,C3H7ClN2O,"1,6,7,8,17",0,99,5,104,E-1,Addition
8077,8078,ts_364_1_E-2-a,14,C3H7NO3,"1,6,7,8",1,100,5,105,E-2-a,Addition
8078,8079,ts_364_1_NO2-A-8-b,19,C4H7NO6S,"1,6,7,8,16",0,99,5,104,NO2-A-8-b,Rearrangement
8079,8080,ts_364_1_NO2-A-9-e,17,C2H8BrN3O3,"1,6,7,8,35",0,100,5,105,NO2-A-9-e,Addition
8080,8081,ts_364_1_NO2-A-11-a,27,C9H12N4O2,"1,6,7,8",1,96,5,101,NO2-A-11-a,Substitution
8081,8082,ts_364_1_R-A-7,19,C4H11ClN2O,"1,6,7,8,17",0,99,5,104,R-A-7,Cyclization
8082,8083,ts_364_1_R-B-3,16,C6H6FNO2,"1,6,7,8,9",0,99,5,104,R-B-3,Cyclization
8083,8084,ts_364_1_R-B-7,17,C6H7FO3,"1,6,8,9",0,99,5,104,R-B-7,Cyclization
8084,8085,ts_364_1_RR-A-8-c,19,C5H9NO4,"1,6,7,8",1,99,5,104,RR-A-8-c,Rearrangement
8085,8086,ts_364_1_RR-A-12,42,C21H15N3O3,"1,6,7,8",1,75,3,78,RR-A-12,Rearrangement
8086,8087,ts_364_1_RR-A-13-b,28,C11H14BrNO,"1,6,7,8,35",0,100,5,105,RR-A-13-b,Rearrangement
8087,8088,ts_364_1_RR-B-7-b,17,C3H9BrN2O2,"1,6,7,8,35",0,100,5,105,RR-B-7-b,Rearrangement
8088,8089,ts_364_1_S-A-4,15,C3H6FNO4,"1,6,7,8,9",0,97,5,102,S-A-4,Substitution
8089,8090,ts_364_1_S-A-17,25,C5H15N3O2,"1,6,7,8",1,99,5,104,S-A-17,Substitution
8090,8091,ts_364_1_S-D-11,26,C5H12N2O6S,"1,6,7,8,16",0,97,5,102,S-D-11,Substitution
8091,8092,ts_364_2_A-E-6,22,C6H12FNO2,"1,6,7,8,9",0,98,5,103,A-E-6,Addition
8092,8093,ts_364_2_R-A-5,21,C6H11FO3,"1,6,8,9",0,98,5,103,R-A-5,Cyclization
8093,8094,ts_364_2_S-A-17,25,C5H15N3O2,"1,6,7,8",1,96,5,101,S-A-17,Substitution
8094,8095,ts_364_2_S-G-1,19,C3H7Cl2NO5S,"1,6,7,8,16,17",0,97,5,102,S-G-1,Substitution
8095,8096,ts_365_1_NO2-A-8-b,19,C4H7NO6S,"1,6,7,8,16",0,96,5,101,NO2-A-8-b,Rearrangement
8096,8097,ts_365_1_R-A-3,24,C6H14ClNO2,"1,6,7,8,17",0,100,5,105,R-A-3,Cyclization
8097,8098,ts_365_1_RR-B-8-b,26,C9H11NO5,"1,6,7,8",1,98,5,103,RR-B-8-b,Rearrangement
8098,8099,ts_365_1_S-A-4,19,C4H9FN2O3,"1,6,7,8,9",0,100,5,105,S-A-4,Substitution
8099,8100,ts_365_1_S-A-6,20,C4H11ClN2O2,"1,6,7,8,17",0,99,5,104,S-A-6,Substitution
8100,8101,ts_365_1_S-G-1,14,C2H3Cl3O5S,"1,6,8,16,17",0,96,5,101,S-G-1,Substitution
8101,8102,ts_365_1_S-G-6,20,C3H8BrNO6S,"1,6,7,8,16,35",0,100,5,105,S-G-6,Substitution
8102,8103,ts_365_2_A-E-16,20,C5H11ClO2S,"1,6,8,16,17",0,100,5,105,A-E-16,Addition
8103,8104,ts_365_2_R-A-7,19,C4H11BrN2O,"1,6,7,8,35",0,100,5,105,R-A-7,Cyclization
8104,8105,ts_365_2_R-B-3,16,C6H8FN,"1,6,7,9",0,96,5,101,R-B-3,Cyclization
8105,8106,ts_366_1_RR-A-2-b,26,C10H12BrNO2,"1,6,7,8,35",0,99,5,104,RR-A-2-b,Rearrangement
8106,8107,ts_366_1_RR-A-8-c,21,C5H12N2O2,"1,6,7,8",1,100,5,105,RR-A-8-c,Rearrangement
8107,8108,ts_366_1_S-A-5,19,C5H9ClO4,"1,6,8,17",0,95,5,100,S-A-5,Substitution
8108,8109,ts_366_1_S-A-10,27,C7H15NO4,"1,6,7,8",1,96,5,101,S-A-10,Substitution
8109,8110,ts_366_2_A-E-16,19,C5H10Cl2OS,"1,6,8,16,17",0,100,5,105,A-E-16,Addition
8110,8111,ts_366_2_NO2-B-3-d,20,C5H10N2O3,"1,6,7,8",1,95,5,100,NO2-B-3-d,Addition
8111,8112,ts_366_2_R-A-6,22,C5H13NO3,"1,6,7,8",1,99,5,104,R-A-6,Cyclization
8112,8113,ts_366_2_S-A-4,19,C4H9FN2O3,"1,6,7,8,9",0,98,5,103,S-A-4,Substitution
8113,8114,ts_366_2_S-A-9,25,C7H13ClO4,"1,6,8,17",0,92,5,97,S-A-9,Substitution
8114,8115,ts_366_2_S-B-3-a,10,C3H3FO3,"1,6,8,9",0,99,5,104,S-B-3-a,Rearrangement
8115,8116,ts_366_2_S-D-10,21,C3H10N2O5S,"1,6,7,8,16",0,100,5,105,S-D-10,Substitution
8116,8117,ts_366_2_S-G-1,16,C3H4Cl2O6S,"1,6,8,16,17",0,97,5,102,S-G-1,Substitution
8117,8118,ts_366_2_S-G-2,17,C3H5ClO7S,"1,6,8,16,17",0,98,5,103,S-G-2,Substitution
8118,8119,ts_367_1_A-E-8,22,C6H11NO4,"1,6,7,8",1,99,5,104,A-E-8,Addition
8119,8120,ts_367_1_A-E-16,21,C5H10ClNO3S,"1,6,7,8,16,17",0,99,5,104,A-E-16,Addition
8120,8121,ts_367_1_NO2-A-8-b,21,C4H10N2O4S,"1,6,7,8,16",0,99,5,104,NO2-A-8-b,Rearrangement
8121,8122,ts_367_1_NO2-A-9-e,19,C2H8N4O5,"1,6,7,8",1,100,5,105,NO2-A-9-e,Addition
8122,8123,ts_367_1_NO2-A-11-d,28,C8H12N4O4,"1,6,7,8",1,98,5,103,NO2-A-11-d,Addition
8123,8124,ts_367_1_R-B-3,14,C5H6FNO,"1,6,7,8,9",0,99,5,104,R-B-3,Cyclization
8124,8125,ts_367_1_RR-A-10,30,C9H16N2O3,"1,6,7,8",1,99,5,104,RR-A-10,Rearrangement
8125,8126,ts_367_1_S-A-3,27,C10H12BrNO3,"1,6,7,8,35",0,94,5,99,S-A-3,Substitution
8126,8127,ts_367_1_S-A-16,30,C10H15ClN2OS,"1,6,7,8,16,17",0,100,5,105,S-A-16,Substitution
8127,8128,ts_367_1_S-A-18,22,C6H10ClN3O2,"1,6,7,8,17",0,92,5,97,S-A-18,Substitution
8128,8129,ts_368_1_NO2-A-9-b,18,C3H9N3O3,"1,6,7,8",1,100,5,105,NO2-A-9-b,Rearrangement
8129,8130,ts_368_1_R-B-15-a,20,C5H10ClNO3,"1,6,7,8,17",0,100,5,105,R-B-15-a,Rearrangement
8130,8131,ts_368_1_RR-A-3-a,26,C13H9ClO3,"1,6,8,17",0,97,5,102,RR-A-3-a,Rearrangement
8131,8132,ts_368_1_RR-A-6,23,C9H11NO2,"1,6,7,8",1,99,5,104,RR-A-6,Rearrangement
8132,8133,ts_368_1_S-A-3,29,C11H14BrNO2,"1,6,7,8,35",0,99,5,104,S-A-3,Substitution
8133,8134,ts_368_1_S-A-4,18,C4H8FNO4,"1,6,7,8,9",0,91,5,96,S-A-4,Substitution
8134,8135,ts_368_1_S-A-5,21,C6H11ClO3,"1,6,8,17",0,98,5,103,S-A-5,Substitution
8135,8136,ts_368_1_S-A-10,29,C8H17NO3,"1,6,7,8",1,99,5,104,S-A-10,Substitution
8136,8137,ts_368_1_S-A-18,20,C6H9ClN2O2,"1,6,7,8,17",0,71,4,75,S-A-18,Substitution
8137,8138,ts_368_2_R-A-7,23,C5H14N2O2,"1,6,7,8",1,100,5,105,R-A-7,Cyclization
8138,8139,ts_368_2_S-A-9,27,C8H15ClO3,"1,6,8,17",0,93,5,98,S-A-9,Substitution
8139,8140,ts_369_1_R-A-1,17,C4H9ClO3,"1,6,8,17",0,100,5,105,R-A-1,Cyclization
8140,8141,ts_369_1_R-A-3,20,C5H11ClO3,"1,6,8,17",0,100,5,105,R-A-3,Cyclization
8141,8142,ts_369_1_RR-A-8-c,20,C5H11NO3,"1,6,7,8",1,100,5,105,RR-A-8-c,Rearrangement
8142,8143,ts_369_1_S-D-10,20,C3H8N2O6S,"1,6,7,8,16",0,93,5,98,S-D-10,Substitution
8143,8144,ts_369_1_S-D-11,21,C3H8N2O7S,"1,6,7,8,16",0,97,5,102,S-D-11,Substitution
8144,8145,ts_369_2_A-E-2,21,C5H13NO2,"1,6,7,8",1,99,5,104,A-E-2,Addition
8145,8146,ts_370_1_A-E-24,24,C6H14BrNOS,"1,6,7,8,16,35",0,100,5,105,A-E-24,Addition
8146,8147,ts_370_1_NO2-A-8-b,20,C4H9NO5S,"1,6,7,8,16",0,96,5,101,NO2-A-8-b,Rearrangement
8147,8148,ts_370_1_NO2-A-11-d,31,C9H16N4O2,"1,6,7,8",1,99,5,104,NO2-A-11-d,Addition
8148,8149,ts_370_1_R-B-4,19,C6H10BrNO,"1,6,7,8,35",0,99,5,104,R-B-4,Cyclization
8149,8150,ts_370_1_RR-A-2-b,31,C11H16N2O2,"1,6,7,8",1,99,5,104,RR-A-2-b,Rearrangement
8150,8151,ts_370_1_S-A-5,21,C5H12ClNO2,"1,6,7,8,17",0,99,5,104,S-A-5,Substitution
8151,8152,ts_370_1_S-A-7,17,C3H5BrCl2N2O4,"1,6,7,8,17,35",0,87,5,92,S-A-7,Substitution
8152,8153,ts_370_1_S-A-14,18,C4H10ClNOS,"1,6,7,8,16,17",0,99,5,104,S-A-14,Substitution
8153,8154,ts_370_1_S-A-16,25,C9H11BrClNOS,"1,6,7,8,16,17,35",0,97,5,102,S-A-16,Substitution
8154,8155,ts_370_1_S-G-6,17,C2H7BrClNO4S,"1,6,7,8,16,17,35",0,100,5,105,S-G-6,Substitution
8155,8156,ts_370_2_A-E-2,20,C6H11NO2,"1,6,7,8",1,89,5,94,A-E-2,Addition
8156,8157,ts_370_2_A-E-8,25,C7H15NO2,"1,6,7,8",1,100,5,105,A-E-8,Addition
8157,8158,ts_371_1_E-1,19,C4H11N3O,"1,6,7,8",1,99,5,104,E-1,Addition
8158,8159,ts_371_1_NO2-A-9-e,19,C2H8N4O5,"1,6,7,8",1,100,5,105,NO2-A-9-e,Addition
8159,8160,ts_371_1_NO2-A-11-a,31,C9H16N4O2,"1,6,7,8",1,100,5,105,NO2-A-11-a,Substitution
8160,8161,ts_371_1_R-A-5,25,C6H15NO3,"1,6,7,8",1,100,5,105,R-A-5,Cyclization
8161,8162,ts_371_1_R-B-3,14,C6H5FN2,"1,6,7,9",0,92,5,97,R-B-3,Cyclization
8162,8163,ts_371_1_R-B-4,17,C6H8BrNO,"1,6,7,8,35",0,100,5,105,R-B-4,Cyclization
8163,8164,ts_371_1_RR-A-3-a,26,C13H9FO3,"1,6,8,9",0,99,5,104,RR-A-3-a,Rearrangement
8164,8165,ts_371_1_RR-A-13-c,30,C11H14N2O3,"1,6,7,8",1,100,5,105,RR-A-13-c,Rearrangement
8165,8166,ts_371_1_S-A-16,27,C9H13ClN2OS,"1,6,7,8,16,17",0,99,5,104,S-A-16,Substitution
8166,8167,ts_371_1_S-A-19,20,C5H10BrN3O,"1,6,7,8,35",0,93,5,98,S-A-19,Substitution
8167,8168,ts_372_1_NO2-B-8-d,24,C4H13N3O3S,"1,6,7,8,16",0,100,5,105,NO2-B-8-d,Addition
8168,8169,ts_372_1_RR-A-13-b,33,C12H18N2O,"1,6,7,8",1,100,5,105,RR-A-13-b,Rearrangement
8169,8170,ts_372_1_RR-B-7-a,12,C2H6ClNO2,"1,6,7,8,17",0,100,5,105,RR-B-7-a,Rearrangement
8170,8171,ts_372_1_S-A-4,19,C5H8FNO4,"1,6,7,8,9",0,90,5,95,S-A-4,Substitution
8171,8172,ts_372_1_S-A-13,27,C9H11ClN2O4,"1,6,7,8,17",0,99,5,104,S-A-13,Substitution
8172,8173,ts_372_1_S-A-15,27,C9H13FN2O2,"1,6,7,8,9",0,97,5,102,S-A-15,Substitution
8173,8174,ts_372_1_S-A-19,23,C5H13BrN2O2,"1,6,7,8,35",0,98,5,103,S-A-19,Substitution
8174,8175,ts_372_1_S-B-5-a,21,C7H10O4,"1,6,8",1,94,5,99,S-B-5-a,Rearrangement
8175,8176,ts_373_1_NO2-A-3-b,12,C3H4FNO3,"1,6,7,8,9",0,95,5,100,NO2-A-3-b,Rearrangement
8176,8177,ts_373_1_NO2-A-6-b,15,C3H7NO3S,"1,6,7,8,16",0,100,5,105,NO2-A-6-b,Rearrangement
8177,8178,ts_373_1_NO2-A-11-a,26,C8H13N3O2,"1,6,7,8",1,100,5,105,NO2-A-11-a,Substitution
8178,8179,ts_373_1_RR-B-7-a,13,C3H6N2O2,"1,6,7,8",1,96,5,101,RR-B-7-a,Rearrangement
8179,8180,ts_373_1_S-A-6,20,C4H11ClN2O2,"1,6,7,8,17",0,99,5,104,S-A-6,Substitution
8180,8181,ts_373_1_S-A-9,24,C6H14ClNO2,"1,6,7,8,17",0,96,5,101,S-A-9,Substitution
8181,8182,ts_373_1_S-A-16,28,C10H14ClNOS,"1,6,7,8,16,17",0,98,5,103,S-A-16,Substitution
8182,8183,ts_373_1_S-A-17,26,C6H16N2O2,"1,6,7,8",1,100,5,105,S-A-17,Substitution
8183,8184,ts_373_1_S-B-2,20,C5H9BrIN3O,"1,6,7,8,35,53",0,95,5,100,S-B-2,Substitution
8184,8185,ts_373_1_S-B-3-a,11,C3H6O2,"1,6,8",1,100,5,105,S-B-3-a,Rearrangement
8185,8186,ts_373_1_S-G-5,23,C4H10N2O6S,"1,6,7,8,16",0,97,5,102,S-G-5,Substitution
8186,8187,ts_374_1_NO2-A-3-a,16,C4H6FNO4,"1,6,7,8,9",0,94,5,99,NO2-A-3-a,Substitution
8187,8188,ts_374_1_NO2-A-11-d,23,C7H8BrN3O4,"1,6,7,8,35",0,97,5,102,NO2-A-11-d,Addition
8188,8189,ts_374_1_NO2-B-8-d,27,C5H15N3O3S,"1,6,7,8,16",0,100,5,105,NO2-B-8-d,Addition
8189,8190,ts_374_1_R-A-1,13,C3H6ClFO2,"1,6,8,9,17",0,100,5,105,R-A-1,Cyclization
8190,8191,ts_374_1_RR-A-10,30,C10H17NO2,"1,6,7,8",1,96,5,101,RR-A-10,Rearrangement
8191,8192,ts_374_1_RR-B-8-a,29,C11H12N2O4,"1,6,7,8",1,97,5,102,RR-B-8-a,Rearrangement
8192,8193,ts_374_1_S-G-1,18,C3H7Cl2NO4S,"1,6,7,8,16,17",0,98,5,103,S-G-1,Substitution
8193,8194,ts_374_1_S-G-4,23,C4H11NO6S,"1,6,7,8,16",0,99,5,104,S-G-4,Substitution
8194,8195,ts_375_1_RR-B-7-b,19,C4H10N2O3,"1,6,7,8",1,98,5,103,RR-B-7-b,Rearrangement
8195,8196,ts_375_1_S-A-5,18,C5H9ClO3,"1,6,8,17",0,96,5,101,S-A-5,Substitution
8196,8197,ts_375_1_S-A-10,26,C7H15NO3,"1,6,7,8",1,99,5,104,S-A-10,Substitution
8197,8198,ts_375_2_S-B-3-a,11,C4H3NO3,"1,6,7,8",1,94,5,99,S-B-3-a,Rearrangement
8198,8199,ts_376_1_NO2-A-3-b,12,C3H4BrNO3,"1,6,7,8,35",0,98,5,103,NO2-A-3-b,Rearrangement
8199,8200,ts_376_1_NO2-A-6-d,16,C2H5ClN2O5S,"1,6,7,8,16,17",0,98,5,103,NO2-A-6-d,Addition
8200,8201,ts_376_1_R-A-7,19,C5H10FNO2,"1,6,7,8,9",0,98,5,103,R-A-7,Cyclization
8201,8202,ts_376_1_RR-B-7-b,18,C5H8N2O3,"1,6,7,8",1,94,5,99,RR-B-7-b,Rearrangement
8202,8203,ts_376_1_S-A-16,26,C10H11ClN2OS,"1,6,7,8,16,17",0,96,5,101,S-A-16,Substitution
8203,8204,ts_376_2_R-B-4,18,C6H9NO2,"1,6,7,8",1,96,5,101,R-B-4,Cyclization
8204,8205,ts_376_2_R-B-7,14,C5H7FO,"1,6,8,9",0,100,5,105,R-B-7,Cyclization
8205,8206,ts_376_4_R-A-6,24,C6H13NO4,"1,6,7,8",1,100,5,105,R-A-6,Cyclization
8206,8207,ts_377_1_A-E-6,25,C7H14FNO2,"1,6,7,8,9",0,99,5,104,A-E-6,Addition
8207,8208,ts_377_1_A-E-14,21,C5H10ClFO3S,"1,6,8,9,16,17",0,100,5,105,A-E-14,Addition
8208,8209,ts_377_1_NO2-A-3-b,12,C3H4BrNO3,"1,6,7,8,35",0,100,5,105,NO2-A-3-b,Rearrangement
8209,8210,ts_377_1_NO2-A-8-b,16,C3H6ClNO4S,"1,6,7,8,16,17",0,100,5,105,NO2-A-8-b,Rearrangement
8210,8211,ts_377_1_NO2-A-11-d,26,C8H12ClN3O2,"1,6,7,8,17",0,99,5,104,NO2-A-11-d,Addition
8211,8212,ts_377_1_R-A-2,18,C6H8ClNO2,"1,6,7,8,17",0,92,5,97,R-A-2,Cyclization
8212,8213,ts_377_1_R-A-3,21,C6H11ClN2O,"1,6,7,8,17",0,94,5,99,R-A-3,Cyclization
8213,8214,ts_377_1_RR-A-1,13,C4H6N2O,"1,6,7,8",1,96,5,101,RR-A-1,Rearrangement
8214,8215,ts_377_1_S-A-5,19,C5H9ClO4,"1,6,8,17",0,93,5,98,S-A-5,Substitution
8215,8216,ts_377_1_S-A-8,23,C6H11ClO5,"1,6,8,17",0,93,5,98,S-A-8,Substitution
8216,8217,ts_377_1_S-A-9,25,C7H13ClO4,"1,6,8,17",0,98,5,103,S-A-9,Substitution
8217,8218,ts_377_1_S-B-5-a,17,C5H8O4,"1,6,8",1,99,5,104,S-B-5-a,Rearrangement
8218,8219,ts_377_2_R-B-4,21,C7H11NO2,"1,6,7,8",1,100,5,105,R-B-4,Cyclization
8219,8220,ts_378_1_NO2-A-1-b,16,C4H6BrNO4,"1,6,7,8,35",0,97,5,102,NO2-A-1-b,Rearrangement
8220,8221,ts_378_1_NO2-B-3-d,15,C3H7BrN2O2,"1,6,7,8,35",0,98,5,103,NO2-B-3-d,Addition
8221,8222,ts_378_1_RR-B-6-a,18,C4H10N2O2,"1,6,7,8",1,100,5,105,RR-B-6-a,Rearrangement
8222,8223,ts_378_1_RR-B-6-b,14,C3H7BrN2O,"1,6,7,8,35",0,100,5,105,RR-B-6-b,Rearrangement
8223,8224,ts_378_1_RR-B-8-b,23,C8H10BrNO3,"1,6,7,8,35",0,100,5,105,RR-B-8-b,Rearrangement
8224,8225,ts_378_1_S-A-1,18,C5H9NO3,"1,6,7,8",1,95,5,100,S-A-1,Substitution
8225,8226,ts_378_1_S-A-16,25,C9H11ClFNOS,"1,6,7,8,9,16,17",0,99,5,104,S-A-16,Substitution
8226,8227,ts_378_1_S-A-17,26,C6H16N2O2,"1,6,7,8",1,99,5,104,S-A-17,Substitution
8227,8228,ts_378_1_S-G-5,23,C3H9N3O7S,"1,6,7,8,16",0,98,5,103,S-G-5,Substitution
8228,8229,ts_378_2_A-E-2,15,C4H9BrO,"1,6,8,35",0,100,5,105,A-E-2,Addition
8229,8230,ts_378_2_A-E-24,16,C4H8Br2OS,"1,6,8,16,35",0,100,5,105,A-E-24,Addition
8230,8231,ts_378_2_R-B-7,14,C5H6F2O,"1,6,8,9",0,97,5,102,R-B-7,Cyclization
8231,8232,ts_379_1_NO2-A-1-d,17,C3H7BrN2O4,"1,6,7,8,35",0,99,5,104,NO2-A-1-d,Addition
8232,8233,ts_379_1_NO2-A-6-d,18,C2H5N3O7S,"1,6,7,8,16",0,94,5,99,NO2-A-6-d,Addition
8233,8234,ts_379_1_R-A-7,21,C5H12FNO2,"1,6,7,8,9",0,100,5,105,R-A-7,Cyclization
8234,8235,ts_379_1_RR-A-8-c,16,C4H8BrNO2,"1,6,7,8,35",0,100,5,105,RR-A-8-c,Rearrangement
8235,8236,ts_379_1_RR-B-6-b,14,C3H7BrN2O,"1,6,7,8,35",0,100,5,105,RR-B-6-b,Rearrangement
8236,8237,ts_379_1_RR-B-8-a,23,C8H11NO3,"1,6,7,8",1,99,5,104,RR-B-8-a,Rearrangement
8237,8238,ts_379_1_S-A-2,24,C9H12ClNO,"1,6,7,8,17",0,100,5,105,S-A-2,Substitution
8238,8239,ts_379_1_S-A-13,27,C9H12N2O4,"1,6,7,8",1,99,5,104,S-A-13,Substitution
8239,8240,ts_379_1_S-A-18,17,C4H8ClNO3,"1,6,7,8,17",0,97,5,102,S-A-18,Substitution
8240,8241,ts_379_1_S-G-2,18,C3H7ClN2O4S,"1,6,7,8,16,17",0,90,5,95,S-G-2,Substitution
8241,8242,ts_380_1_R-A-1,15,C3H6ClNO4,"1,6,7,8,17",0,97,5,102,R-A-1,Cyclization
8242,8243,ts_380_1_RR-B-4-b,19,C4H9N5O,"1,6,7,8",1,94,5,99,RR-B-4-b,Rearrangement
8243,8244,ts_380_1_RR-B-8-a,27,C9H14N2O2,"1,6,7,8",1,99,5,104,RR-B-8-a,Rearrangement
8244,8245,ts_380_1_S-A-12,25,C7H11NO6,"1,6,7,8",1,94,5,99,S-A-12,Substitution
8245,8246,ts_381_1_A-E-2,17,C4H8BrNO3,"1,6,7,8,35",0,98,5,103,A-E-2,Addition
8246,8247,ts_381_1_NO2-A-3-d,14,C3H3N3O5,"1,6,7,8",1,87,5,92,NO2-A-3-d,Addition
8247,8248,ts_381_1_NO2-B-3-e,13,C3H6BrNO2,"1,6,7,8,35",0,98,5,103,NO2-B-3-e,Addition
8248,8249,ts_381_1_NO2-B-11-d,21,C8H8BrN3O,"1,6,7,8,35",0,91,5,96,NO2-B-11-d,Addition
8249,8250,ts_381_1_R-A-3,22,C5H11ClN2O3,"1,6,7,8,17",0,99,5,104,R-A-3,Cyclization
8250,8251,ts_381_1_RR-A-8-c,18,C4H8N2O4,"1,6,7,8",1,98,5,103,RR-A-8-c,Rearrangement
8251,8252,ts_381_1_RR-B-4-b,19,C4H9N5O,"1,6,7,8",1,94,5,99,RR-B-4-b,Rearrangement
8252,8253,ts_381_1_RR-B-8-a,27,C9H14N2O2,"1,6,7,8",1,100,5,105,RR-B-8-a,Rearrangement
8253,8254,ts_381_1_RR-B-8-b,25,C8H10N2O5,"1,6,7,8",1,99,5,104,RR-B-8-b,Rearrangement
8254,8255,ts_381_1_S-A-12,26,C7H11NO7,"1,6,7,8",1,95,5,100,S-A-12,Substitution
8255,8256,ts_381_1_S-A-14,16,C3H6ClNO4S,"1,6,7,8,16,17",0,95,5,100,S-A-14,Substitution
8256,8257,ts_381_1_S-A-24,25,C8H13BrCl2O,"1,6,8,17,35",0,100,5,105,S-A-24,Substitution
8257,8258,ts_381_1_S-B-3-a,11,C3H5ClO2,"1,6,8,17",0,99,5,104,S-B-3-a,Rearrangement
8258,8259,ts_382_1_A-E-2,17,C4H10BrNO,"1,6,7,8,35",0,100,5,105,A-E-2,Addition
8259,8260,ts_382_1_A-E-24,16,C5H7Br2NS,"1,6,7,16,35",0,97,5,102,A-E-24,Addition
8260,8261,ts_382_1_NO2-A-11-a,31,C9H16N4O2,"1,6,7,8",1,100,5,105,NO2-A-11-a,Substitution
8261,8262,ts_382_1_NO2-B-3-e,18,C5H8BrNO3,"1,6,7,8,35",0,93,5,98,NO2-B-3-e,Addition
8262,8263,ts_382_1_RR-A-2-a,20,C9H7NO3,"1,6,7,8",1,92,5,97,RR-A-2-a,Rearrangement
8263,8264,ts_382_1_RR-A-18,23,C10H11BrO,"1,6,8,35",0,100,5,105,RR-A-18,Rearrangement
8264,8265,ts_382_1_RR-B-7-b,12,C2H6BrNO2,"1,6,7,8,35",0,100,5,105,RR-B-7-b,Rearrangement
8265,8266,ts_382_1_S-A-11,21,C5H10BrNO4,"1,6,7,8,35",0,100,5,105,S-A-11,Substitution
8266,8267,ts_382_1_S-A-12,30,C8H14N2O6,"1,6,7,8",1,98,5,103,S-A-12,Substitution
8267,8268,ts_382_1_S-A-14,20,C4H9ClN2O3S,"1,6,7,8,16,17",0,97,5,102,S-A-14,Substitution
8268,8269,ts_382_2_R-A-6,20,C4H12N2O2,"1,6,7,8",1,100,5,105,R-A-6,Cyclization
8269,8270,ts_382_2_S-A-4,14,C3H6FNO3,"1,6,7,8,9",0,96,5,101,S-A-4,Substitution
8270,8271,ts_383_1_A-E-6,26,C7H15BrN2O,"1,6,7,8,35",0,99,5,104,A-E-6,Addition
8271,8272,ts_383_1_A-E-16,20,C5H11BrClNS,"1,6,7,16,17,35",0,99,5,104,A-E-16,Addition
8272,8273,ts_383_1_NO2-A-1-b,21,C5H10N2O4,"1,6,7,8",1,100,5,105,NO2-A-1-b,Rearrangement
8273,8274,ts_383_1_NO2-A-3-b,13,C4H4N2O3,"1,6,7,8",1,89,5,94,NO2-A-3-b,Rearrangement
8274,8275,ts_383_1_NO2-A-3-d,12,C3H3FN2O3,"1,6,7,8,9",0,94,5,99,NO2-A-3-d,Addition
8275,8276,ts_383_1_NO2-B-3-d,14,C4H5FN2O2,"1,6,7,8,9",0,95,5,100,NO2-B-3-d,Addition
8276,8277,ts_383_1_R-A-1,18,C4H10ClNO2,"1,6,7,8,17",0,100,5,105,R-A-1,Cyclization
8277,8278,ts_383_1_RR-B-6-a,15,C3H8N2O2,"1,6,7,8",1,98,5,103,RR-B-6-a,Rearrangement
8278,8279,ts_383_1_S-A-10,31,C7H17N3O4,"1,6,7,8",1,98,5,103,S-A-10,Substitution
8279,8280,ts_383_1_S-A-16,27,C9H13ClN2OS,"1,6,7,8,16,17",0,98,5,103,S-A-16,Substitution
8280,8281,ts_383_1_S-A-17,26,C7H15NO3,"1,6,7,8",1,96,5,101,S-A-17,Substitution
8281,8282,ts_384_1_NO2-A-1-d,16,C4H5FN2O4,"1,6,7,8,9",0,87,5,92,NO2-A-1-d,Addition
8282,8283,ts_384_1_R-A-7,20,C5H10FNO3,"1,6,7,8,9",0,99,5,104,R-A-7,Cyclization
8283,8284,ts_384_1_RR-A-3-a,28,C14H9FO4,"1,6,8,9",0,73,3,76,RR-A-3-a,Rearrangement
8284,8285,ts_384_1_RR-A-12,47,C22H21NO3,"1,6,7,8",1,80,3,83,RR-A-12,Rearrangement
8285,8286,ts_384_1_RR-B-7-a,22,C4H13N3O2,"1,6,7,8",1,100,5,105,RR-B-7-a,Rearrangement
8286,8287,ts_384_2_A-E-2,20,C5H12BrNO,"1,6,7,8,35",0,100,5,105,A-E-2,Addition
8287,8288,ts_384_2_A-E-8,20,C6H11BrO2,"1,6,8,35",0,99,5,104,A-E-8,Addition
8288,8289,ts_385_1_A-E-8,18,C6H9BrO2,"1,6,8,35",0,100,5,105,A-E-8,Addition
8289,8290,ts_385_1_A-E-16,17,C5H8BrClOS,"1,6,8,16,17,35",0,100,5,105,A-E-16,Addition
8290,8291,ts_385_1_NO2-A-1-d,17,C3H5ClN2O6,"1,6,7,8,17",0,96,5,101,NO2-A-1-d,Addition
8291,8292,ts_385_1_NO2-B-8-d,19,C3H7ClN2O5S,"1,6,7,8,16,17",0,96,5,101,NO2-B-8-d,Addition
8292,8293,ts_385_1_NO2-B-11-d,22,C7H8ClN3O3,"1,6,7,8,17",0,99,5,104,NO2-B-11-d,Addition
8293,8294,ts_385_1_R-B-2,21,C8H10O3,"1,6,8",1,98,5,103,R-B-2,Cyclization
8294,8295,ts_385_1_RR-A-10,23,C8H13ClO,"1,6,8,17",0,98,5,103,RR-A-10,Rearrangement
8295,8296,ts_385_1_RR-B-1-b,18,C4H8N2O4,"1,6,7,8",1,97,5,102,RR-B-1-b,Rearrangement
8296,8297,ts_385_1_S-A-14,19,C4H8ClNO4S,"1,6,7,8,16,17",0,96,5,101,S-A-14,Substitution
8297,8298,ts_385_1_S-A-18,19,C5H8ClNO4,"1,6,7,8,17",0,94,5,99,S-A-18,Substitution
8298,8299,ts_385_1_S-A-19,22,C5H13BrN2O,"1,6,7,8,35",0,99,5,104,S-A-19,Substitution
8299,8300,ts_385_2_A-E-6,23,C7H12BrNO2,"1,6,7,8,35",0,97,5,102,A-E-6,Addition
8300,8301,ts_385_2_R-A-6,22,C5H13NO3,"1,6,7,8",1,100,5,105,R-A-6,Cyclization
8301,8302,ts_385_2_R-B-4,22,C7H11NO3,"1,6,7,8",1,97,5,102,R-B-4,Cyclization
8302,8303,ts_386_1_NO2-A-3-d,15,C2H3N3O7,"1,6,7,8",1,92,5,97,NO2-A-3-d,Addition
8303,8304,ts_386_1_NO2-B-3-d,17,C3H5N3O6,"1,6,7,8",1,93,5,98,NO2-B-3-d,Addition
8304,8305,ts_386_1_NO2-B-11-d,22,C7H8BrN3O3,"1,6,7,8,35",0,98,5,103,NO2-B-11-d,Addition
8305,8306,ts_386_1_RR-A-1,12,C3H4BrNO3,"1,6,7,8,35",0,97,5,102,RR-A-1,Rearrangement
8306,8307,ts_386_1_RR-B-7-b,13,C3H6N2O2,"1,6,7,8",1,95,5,100,RR-B-7-b,Rearrangement
8307,8308,ts_386_1_S-A-14,18,C4H6ClNO5S,"1,6,7,8,16,17",0,97,5,102,S-A-14,Substitution
8308,8309,ts_386_1_S-A-16,26,C10H11ClN2OS,"1,6,7,8,16,17",0,93,5,98,S-A-16,Substitution
8309,8310,ts_386_1_S-A-18,21,C6H10ClNO3,"1,6,7,8,17",0,96,5,101,S-A-18,Substitution
8310,8311,ts_386_1_S-A-24,28,C9H15BrCl2O,"1,6,8,17,35",0,100,5,105,S-A-24,Substitution
8311,8312,ts_386_1_S-G-4,18,C2H8BrNO5S,"1,6,7,8,16,35",0,99,5,104,S-G-4,Substitution
8312,8313,ts_386_2_R-A-6,20,C5H11NO3,"1,6,7,8",1,96,5,101,R-A-6,Cyclization
8313,8314,ts_386_2_S-A-6,17,C3H9ClN2O2,"1,6,7,8,17",0,99,5,104,S-A-6,Substitution
8314,8315,ts_386_4_S-A-4,16,C3H7FN2O3,"1,6,7,8,9",0,96,5,101,S-A-4,Substitution
8315,8316,ts_387_1_A-E-6,21,C6H11Br2NO,"1,6,7,8,35",0,100,5,105,A-E-6,Addition
8316,8317,ts_387_1_E-2-a,13,C2H7N3O,"1,6,7,8",1,100,5,105,E-2-a,Addition
8317,8318,ts_387_1_RR-A-13-c,28,C12H13FO2,"1,6,8,9",0,99,5,104,RR-A-13-c,Rearrangement
8318,8319,ts_387_1_S-A-9,27,C7H12ClNO6,"1,6,7,8,17",0,99,5,104,S-A-9,Substitution
8319,8320,ts_387_2_A-E-2,20,C6H11BrO2,"1,6,8,35",0,98,5,103,A-E-2,Addition
8320,8321,ts_388_1_NO2-A-1-d,15,C3H5ClFNO4,"1,6,7,8,9,17",0,97,5,102,NO2-A-1-d,Addition
8321,8322,ts_388_1_NO2-A-6-b,16,C3H7ClN2O2S,"1,6,7,8,16,17",0,95,5,100,NO2-A-6-b,Rearrangement
8322,8323,ts_388_1_NO2-A-9-e,17,C3H7FN2O4,"1,6,7,8,9",0,94,5,99,NO2-A-9-e,Addition
8323,8324,ts_388_1_NO2-A-11-d,28,C9H13N3O3,"1,6,7,8",1,96,5,101,NO2-A-11-d,Addition
8324,8325,ts_388_1_R-A-5,17,C4H9BrO3,"1,6,8,35",0,100,5,105,R-A-5,Cyclization
8325,8326,ts_388_2_R-A-7,19,C4H9FN2O3,"1,6,7,8,9",0,98,5,103,R-A-7,Cyclization
8326,8327,ts_389_1_E-2-a,11,C2H5BrN2O,"1,6,7,8,35",0,100,5,105,E-2-a,Addition
8327,8328,ts_389_1_NO2-A-1-d,15,C3H5BrClNO4,"1,6,7,8,17,35",0,99,5,104,NO2-A-1-d,Addition
8328,8329,ts_389_1_NO2-A-3-d,11,C2H3BrFNO3,"1,6,7,8,9,35",0,97,5,102,NO2-A-3-d,Addition
8329,8330,ts_389_1_R-A-1,14,C3H7Cl2NO,"1,6,7,8,17",0,100,5,105,R-A-1,Cyclization
8330,8331,ts_389_1_RR-A-1,10,C3H4BrClO,"1,6,8,17,35",0,100,5,105,RR-A-1,Rearrangement
8331,8332,ts_389_1_RR-A-4,19,C6H11NO,"1,6,7,8",1,100,5,105,RR-A-4,Rearrangement
8332,8333,ts_389_1_S-A-5,23,C6H10ClNO5,"1,6,7,8,17",0,96,5,101,S-A-5,Substitution
8333,8334,ts_389_1_S-A-11,18,C5H7BrO5,"1,6,8,35",0,92,5,97,S-A-11,Substitution
8334,8335,ts_389_1_S-A-16,25,C9H11BrClNOS,"1,6,7,8,16,17,35",0,97,5,102,S-A-16,Substitution
8335,8336,ts_389_2_S-A-9,29,C8H14ClNO5,"1,6,7,8,17",0,94,5,99,S-A-9,Substitution
8336,8337,ts_390_1_A-E-6,21,C6H11BrFNO,"1,6,7,8,9,35",0,99,5,104,A-E-6,Addition
8337,8338,ts_390_1_NO2-A-1-d,15,C3H5BrFNO4,"1,6,7,8,9,35",0,98,5,103,NO2-A-1-d,Addition
8338,8339,ts_390_1_NO2-A-3-d,13,C2H3FN2O5,"1,6,7,8,9",0,99,5,104,NO2-A-3-d,Addition
8339,8340,ts_390_1_NO2-A-8-b,18,C4H7N3O3S,"1,6,7,8,16",0,92,5,97,NO2-A-8-b,Rearrangement
8340,8341,ts_390_1_NO2-A-9-a,17,C2H8ClN3O3,"1,6,7,8,17",0,98,5,103,NO2-A-9-a,Substitution
8341,8342,ts_390_1_RR-A-10,33,C11H19NO2,"1,6,7,8",1,97,5,102,RR-A-10,Rearrangement
8342,8343,ts_390_1_RR-A-12,45,C23H18N2O2,"1,6,7,8",1,72,3,75,RR-A-12,Rearrangement
8343,8344,ts_390_1_RR-B-8-a,22,C8H10ClNO2,"1,6,7,8,17",0,100,5,105,RR-B-8-a,Rearrangement
8344,8345,ts_390_1_S-B-3-a,12,C3H6ClNO,"1,6,7,8,17",0,100,5,105,S-B-3-a,Rearrangement
8345,8346,ts_390_1_S-G-1,12,C2H2BrCl2NO3S,"1,6,7,8,16,17,35",0,95,5,100,S-G-1,Substitution
8346,8347,ts_390_1_S-G-5,22,C4H11N3O3S,"1,6,7,8,16",0,92,5,97,S-G-5,Substitution
8347,8348,ts_390_2_A-E-2,15,C4H8BrFO,"1,6,8,9,35",0,100,5,105,A-E-2,Addition
8348,8349,ts_390_2_A-E-6,21,C6H11BrFNO,"1,6,7,8,9,35",0,97,5,102,A-E-6,Addition
8349,8350,ts_390_2_A-E-16,15,C4H7BrClFS,"1,6,9,16,17,35",0,100,5,105,A-E-16,Addition
8350,8351,ts_390_2_R-A-6,18,C4H10FNO2,"1,6,7,8,9",0,100,5,105,R-A-6,Cyclization
8351,8352,ts_390_2_S-A-4,14,C3H5BrFNO3,"1,6,7,8,9,35",0,99,5,104,S-A-4,Substitution
8352,8353,ts_391_1_A-E-8,21,C6H12O3,"1,6,8",1,99,5,104,A-E-8,Addition
8353,8354,ts_391_1_E-1,15,C3H8N2O2,"1,6,7,8",1,97,5,102,E-1,Addition
8354,8355,ts_391_1_E-2-a,13,C2H5N3O3,"1,6,7,8",1,97,5,102,E-2-a,Addition
8355,8356,ts_391_1_NO2-A-1-d,17,C3H5FN2O6,"1,6,7,8,9",0,90,5,95,NO2-A-1-d,Addition
8356,8357,ts_391_1_NO2-A-3-a,19,C4H8N2O5,"1,6,7,8",1,94,5,99,NO2-A-3-a,Substitution
8357,8358,ts_391_1_NO2-B-3-e,18,C4H9FN2O2,"1,6,7,8,9",0,98,5,103,NO2-B-3-e,Addition
8358,8359,ts_391_1_RR-A-3-a,28,C14H9BrO4,"1,6,8,35",0,76,3,79,RR-A-3-a,Rearrangement
8359,8360,ts_391_1_RR-B-8-b,25,C9H11N3O2,"1,6,7,8",1,96,5,101,RR-B-8-b,Rearrangement
8360,8361,ts_391_1_S-B-2,21,C6H11BrN2O,"1,6,7,8,35",0,95,5,100,S-B-2,Substitution
8361,8362,ts_391_2_A-E-24,20,C5H11BrO2S,"1,6,8,16,35",0,100,5,105,A-E-24,Addition
8362,8363,ts_391_2_S-A-4,19,C5H8FNO4,"1,6,7,8,9",0,97,5,102,S-A-4,Substitution
8363,8364,ts_392_1_A-E-24,19,C5H10BrClOS,"1,6,8,16,17,35",0,100,5,105,A-E-24,Addition
8364,8365,ts_392_1_NO2-A-1-b,19,C4H9N3O3,"1,6,7,8",1,99,5,104,NO2-A-1-b,Rearrangement
8365,8366,ts_392_1_NO2-A-1-d,15,C3H5Cl2NO4,"1,6,7,8,17",0,99,5,104,NO2-A-1-d,Addition
8366,8367,ts_392_1_NO2-A-6-d,20,C4H9NO5S,"1,6,7,8,16",0,99,5,104,NO2-A-6-d,Addition
8367,8368,ts_392_1_NO2-A-9-e,17,C2H8FN3O3,"1,6,7,8,9",0,99,5,104,NO2-A-9-e,Addition
8368,8369,ts_392_1_NO2-B-8-d,17,C3H7Cl2NO3S,"1,6,7,8,16,17",0,100,5,105,NO2-B-8-d,Addition
8369,8370,ts_392_1_R-A-4,27,C8H15ClN2O,"1,6,7,8,17",0,92,5,97,R-A-4,Cyclization
8370,8371,ts_392_1_R-B-4,18,C6H10FN,"1,6,7,9",0,98,5,103,R-B-4,Cyclization
8371,8372,ts_392_1_RR-A-1,10,C3H4Cl2O,"1,6,8,17",0,100,5,105,RR-A-1,Rearrangement
8372,8373,ts_392_1_RR-A-2-b,27,C10H13NO3,"1,6,7,8",1,97,5,102,RR-A-2-b,Rearrangement
8373,8374,ts_392_1_RR-A-3-a,30,C14H11NO4,"1,6,7,8",1,75,3,78,RR-A-3-a,Rearrangement
8374,8375,ts_392_1_S-A-2,26,C9H10Cl2N2O3,"1,6,7,8,17",0,93,5,98,S-A-2,Substitution
8375,8376,ts_392_1_S-A-18,16,C4H7ClFNO2,"1,6,7,8,9,17",0,97,5,102,S-A-18,Substitution
8376,8377,ts_392_2_A-E-14,21,C5H10Cl2O3S,"1,6,8,16,17",0,100,5,105,A-E-14,Addition
8377,8378,ts_392_3_NO2-A-3-a,21,C6H9NO5,"1,6,7,8",1,96,5,101,NO2-A-3-a,Substitution
8378,8379,ts_393_1_A-E-2,19,C5H11ClO2,"1,6,8,17",0,100,5,105,A-E-2,Addition
8379,8380,ts_393_1_A-E-6,27,C7H14N2O4,"1,6,7,8",1,97,5,102,A-E-6,Addition
8380,8381,ts_393_1_A-E-24,21,C5H10BrNO3S,"1,6,7,8,16,35",0,99,5,104,A-E-24,Addition
8381,8382,ts_393_1_NO2-A-1-d,15,C3H5F2NO4,"1,6,7,8,9",0,96,5,101,NO2-A-1-d,Addition
8382,8383,ts_393_1_NO2-A-6-b,18,C3H9N3O2S,"1,6,7,8,16",0,98,5,103,NO2-A-6-b,Rearrangement
8383,8384,ts_393_1_R-A-2,17,C4H9ClFNO,"1,6,7,8,9,17",0,100,5,105,R-A-2,Cyclization
8384,8385,ts_393_1_R-A-5,18,C4H8ClNO4,"1,6,7,8,17",0,99,5,104,R-A-5,Cyclization
8385,8386,ts_393_1_RR-A-10,28,C9H16FNO,"1,6,7,8,9",0,100,5,105,RR-A-10,Rearrangement
8386,8387,ts_393_1_RR-B-6-a,14,C3H7FN2O,"1,6,7,8,9",0,100,5,105,RR-B-6-a,Rearrangement
8387,8388,ts_393_1_RR-B-7-b,17,C3H9FN2O2,"1,6,7,8,9",0,99,5,104,RR-B-7-b,Rearrangement
8388,8389,ts_393_1_S-A-1,21,C4H10N2O5,"1,6,7,8",1,99,5,104,S-A-1,Substitution
8389,8390,ts_393_1_S-B-2,20,C5H10BrN3O,"1,6,7,8,35",0,93,5,98,S-B-2,Substitution
8390,8391,ts_393_1_S-B-3-a,14,C3H8N2O,"1,6,7,8",1,100,5,105,S-B-3-a,Rearrangement
8391,8392,ts_393_2_A-E-2,19,C5H11ClO2,"1,6,8,17",0,100,5,105,A-E-2,Addition
8392,8393,ts_393_2_A-E-8,22,C6H11NO4,"1,6,7,8",1,94,5,99,A-E-8,Addition
8393,8394,ts_393_2_A-E-16,21,C5H10ClNO3S,"1,6,7,8,16,17",0,100,5,105,A-E-16,Addition
8394,8395,ts_393_3_RR-B-7-a,22,C6H11NO4,"1,6,7,8",1,98,5,103,RR-B-7-a,Rearrangement
8395,8396,ts_394_1_NO2-A-1-d,19,C3H9N3O4,"1,6,7,8",1,98,5,103,NO2-A-1-d,Addition
8396,8397,ts_394_1_NO2-A-3-d,17,C4H7NO5,"1,6,7,8",1,95,5,100,NO2-A-3-d,Addition
8397,8398,ts_394_1_NO2-A-6-d,17,C4H6N2O4S,"1,6,7,8,16",0,92,5,97,NO2-A-6-d,Addition
8398,8399,ts_394_1_NO2-A-9-b,14,C2H6BrN3O2,"1,6,7,8,35",0,100,5,105,NO2-A-9-b,Rearrangement
8399,8400,ts_394_1_NO2-A-9-e,12,CH5FN2O3,"1,6,7,8,9",0,100,5,105,NO2-A-9-e,Addition
8400,8401,ts_394_1_NO2-B-8-d,21,C3H11N3O3S,"1,6,7,8,16",0,100,5,105,NO2-B-8-d,Addition
8401,8402,ts_394_1_R-A-1,14,C3H7BrClNO,"1,6,7,8,17,35",0,99,5,104,R-A-1,Cyclization
8402,8403,ts_394_1_R-A-7,19,C4H11FN2O,"1,6,7,8,9",0,100,5,105,R-A-7,Cyclization
8403,8404,ts_394_1_RR-A-1,14,C3H8N2O,"1,6,7,8",1,99,5,104,RR-A-1,Rearrangement
8404,8405,ts_394_1_RR-A-3-a,29,C15H9NO4,"1,6,7,8",1,74,3,77,RR-A-3-a,Rearrangement
8405,8406,ts_394_1_RR-A-8-c,17,C4H9BrN2O,"1,6,7,8,35",0,100,5,105,RR-A-8-c,Rearrangement
8406,8407,ts_394_1_RR-B-6-a,14,C3H7FN2O,"1,6,7,8,9",0,98,5,103,RR-B-6-a,Rearrangement
8407,8408,ts_394_1_RR-B-6-b,19,C5H10N2O2,"1,6,7,8",1,98,5,103,RR-B-6-b,Rearrangement
8408,8409,ts_394_1_RR-B-8-b,24,C8H11BrN2O2,"1,6,7,8,35",0,100,5,105,RR-B-8-b,Rearrangement
8409,8410,ts_394_1_S-A-2,26,C9H10ClFN2O3,"1,6,7,8,9,17",0,98,5,103,S-A-2,Substitution
8410,8411,ts_394_1_S-A-19,17,C4H10BrNO,"1,6,7,8,35",0,99,5,104,S-A-19,Substitution
8411,8412,ts_394_1_S-B-1,18,C5H8ClFN2O,"1,6,7,8,9,17",0,89,5,94,S-B-1,Substitution
8412,8413,ts_394_1_S-G-5,21,C4H9N3O4S,"1,6,7,8,16",0,94,5,99,S-G-5,Substitution
8413,8414,ts_394_2_R-A-7,19,C4H11FN2O,"1,6,7,8,9",0,100,5,105,R-A-7,Cyclization
8414,8415,ts_395_1_E-1,17,C4H8N2O3,"1,6,7,8",1,98,5,103,E-1,Addition
8415,8416,ts_395_1_NO2-A-1-d,21,C5H9NO6,"1,6,7,8",1,96,5,101,NO2-A-1-d,Addition
8416,8417,ts_395_1_NO2-A-3-d,14,C4H4N2O4,"1,6,7,8",1,87,5,92,NO2-A-3-d,Addition
8417,8418,ts_395_1_NO2-B-3-e,21,C6H9NO5,"1,6,7,8",1,97,5,102,NO2-B-3-e,Addition
8418,8419,ts_395_1_R-A-5,20,C4H10N2O4,"1,6,7,8",1,96,5,101,R-A-5,Cyclization
8419,8420,ts_395_1_RR-A-2-b,22,C10H8FNO2,"1,6,7,8,9",0,90,5,95,RR-A-2-b,Rearrangement
8420,8421,ts_395_1_RR-A-3-a,29,C15H9NO4,"1,6,7,8",1,73,3,76,RR-A-3-a,Rearrangement
8421,8422,ts_395_1_RR-A-9-a,31,C13H14O4,"1,6,8",1,99,5,104,RR-A-9-a,Rearrangement
8422,8423,ts_395_1_RR-B-6-b,10,C3H3FN2O,"1,6,7,8,9",0,98,5,103,RR-B-6-b,Rearrangement
8423,8424,ts_395_1_RR-B-8-b,24,C8H11BrN2O2,"1,6,7,8,35",0,100,5,105,RR-B-8-b,Rearrangement
8424,8425,ts_395_1_S-A-6,18,C4H10ClNO2,"1,6,7,8,17",0,100,5,105,S-A-6,Substitution
8425,8426,ts_395_1_S-A-10,28,C7H14N2O5,"1,6,7,8",1,95,5,100,S-A-10,Substitution
8426,8427,ts_395_2_S-A-15,30,C10H15FN2O2,"1,6,7,8,9",0,99,5,104,S-A-15,Substitution
8427,8428,ts_396_1_A-E-6,30,C8H18N2O2,"1,6,7,8",1,98,5,103,A-E-6,Addition
8428,8429,ts_396_1_NO2-A-1-d,18,C5H6N2O5,"1,6,7,8",1,89,5,94,NO2-A-1-d,Addition
8429,8430,ts_396_1_NO2-B-3-e,23,C5H13N3O2,"1,6,7,8",1,100,5,105,NO2-B-3-e,Addition
8430,8431,ts_396_1_NO2-B-11-d,23,C9H9N3O2,"1,6,7,8",1,91,5,96,NO2-B-11-d,Addition
8431,8432,ts_396_1_RR-A-2-a,25,C10H10O5,"1,6,8",1,97,5,102,RR-A-2-a,Rearrangement
8432,8433,ts_396_1_RR-A-10,31,C11H16O4,"1,6,8",1,93,5,98,RR-A-10,Rearrangement
8433,8434,ts_396_1_RR-B-6-b,17,C4H8N2O3,"1,6,7,8",1,99,5,104,RR-B-6-b,Rearrangement
8434,8435,ts_396_1_S-A-4,16,C3H5FN2O5,"1,6,7,8,9",0,94,5,99,S-A-4,Substitution
8435,8436,ts_396_1_S-A-15,30,C11H14FNO3,"1,6,7,8,9",0,98,5,103,S-A-15,Substitution
8436,8437,ts_396_2_A-E-2,20,C6H11NO2,"1,6,7,8",1,94,5,99,A-E-2,Addition
8437,8438,ts_396_2_A-E-6,30,C8H18N2O2,"1,6,7,8",1,99,5,104,A-E-6,Addition
8438,8439,ts_396_2_S-A-4,16,C3H5FN2O5,"1,6,7,8,9",0,95,5,100,S-A-4,Substitution
8439,8440,ts_396_2_S-B-10,21,C6H12O3,"1,6,8",1,99,5,104,S-B-10,Substitution
8440,8441,ts_397_1_A-E-2,24,C6H15NO2,"1,6,7,8",1,100,5,105,A-E-2,Addition
8441,8442,ts_397_1_NO2-A-9-a,19,C3H9N3O4,"1,6,7,8",1,96,5,101,NO2-A-9-a,Substitution
8442,8443,ts_397_1_NO2-B-11-d,25,C9H11BrN2O2,"1,6,7,8,35",0,98,5,103,NO2-B-11-d,Addition
8443,8444,ts_397_1_R-A-7,18,C5H9FN2O,"1,6,7,8,9",0,99,5,104,R-A-7,Cyclization
8444,8445,ts_397_1_RR-A-8-c,19,C4H9N3O3,"1,6,7,8",1,97,5,102,RR-A-8-c,Rearrangement
8445,8446,ts_397_1_RR-A-13-b,33,C12H18N2O,"1,6,7,8",1,100,5,105,RR-A-13-b,Rearrangement
8446,8447,ts_397_1_RR-B-6-b,17,C4H8N2O3,"1,6,7,8",1,99,5,104,RR-B-6-b,Rearrangement
8447,8448,ts_397_2_R-A-7,18,C5H9FN2O,"1,6,7,8,9",0,98,5,103,R-A-7,Cyclization
8448,8449,ts_397_2_R-B-4,17,C5H9FN2,"1,6,7,9",0,100,5,105,R-B-4,Cyclization
8449,8450,ts_397_2_S-A-4,20,C4H8N2O6,"1,6,7,8",1,96,5,101,S-A-4,Substitution
8450,8451,ts_397_2_S-A-8,25,C6H10ClNO7,"1,6,7,8,17",0,95,5,100,S-A-8,Substitution
8451,8452,ts_398_1_R-A-7,19,C5H10FNO2,"1,6,7,8,9",0,100,5,105,R-A-7,Cyclization
8452,8453,ts_398_1_RR-A-1,14,C5H6O3,"1,6,8",1,98,5,103,RR-A-1,Rearrangement
8453,8454,ts_398_1_RR-A-12,43,C22H17NO3,"1,6,7,8",1,77,3,80,RR-A-12,Rearrangement
8454,8455,ts_398_1_RR-B-8-b,24,C8H11ClN2O2,"1,6,7,8,17",0,100,5,105,RR-B-8-b,Rearrangement
8455,8456,ts_398_1_S-A-2,27,C10H10ClN3O3,"1,6,7,8,17",0,92,5,97,S-A-2,Substitution
8456,8457,ts_398_1_S-A-4,24,C5H11N3O5,"1,6,7,8",1,94,5,99,S-A-4,Substitution
8457,8458,ts_398_1_S-A-8,23,C6H9ClN2O5,"1,6,7,8,17",0,86,5,91,S-A-8,Substitution
8458,8459,ts_398_1_S-B-3-a,14,C3H6N2O3,"1,6,7,8",1,97,5,102,S-B-3-a,Rearrangement
8459,8460,ts_398_1_S-G-6,20,C3H9NO6S,"1,6,7,8,16",0,99,5,104,S-G-6,Substitution
8460,8461,ts_398_2_S-A-9,25,C7H11ClN2O4,"1,6,7,8,17",0,88,5,93,S-A-9,Substitution
8461,8462,ts_398_2_S-A-19,19,C4H11BrN2O,"1,6,7,8,35",0,97,5,102,S-A-19,Substitution
8462,8463,ts_399_1_A-E-6,30,C9H17NO3,"1,6,7,8",1,97,5,102,A-E-6,Addition
8463,8464,ts_399_1_A-E-24,24,C7H13BrO2S,"1,6,8,16,35",0,97,5,102,A-E-24,Addition
8464,8465,ts_399_1_NO2-A-11-a,22,C8H8BrN3O2,"1,6,7,8,35",0,93,5,98,NO2-A-11-a,Substitution
8465,8466,ts_399_1_NO2-A-11-d,22,C8H8BrN3O2,"1,6,7,8,35",0,95,5,100,NO2-A-11-d,Addition
8466,8467,ts_399_1_R-A-1,14,C3H7ClFNO,"1,6,7,8,9,17",0,100,5,105,R-A-1,Cyclization
8467,8468,ts_399_1_RR-B-7-b,19,C3H11N3O2,"1,6,7,8",1,100,5,105,RR-B-7-b,Rearrangement
8468,8469,ts_399_1_S-A-3,26,C9H11BrN2O3,"1,6,7,8,35",0,96,5,101,S-A-3,Substitution
8469,8470,ts_399_2_A-E-8,25,C8H14O3,"1,6,8",1,100,5,105,A-E-8,Addition
8470,8471,ts_400_1_A-E-6,25,C7H14BrNO2,"1,6,7,8,35",0,98,5,103,A-E-6,Addition
8471,8472,ts_400_1_A-E-14,21,C5H10BrClO3S,"1,6,8,16,17,35",0,100,5,105,A-E-14,Addition
8472,8473,ts_400_1_NO2-A-1-b,17,C4H7BrN2O3,"1,6,7,8,35",0,99,5,104,NO2-A-1-b,Rearrangement
8473,8474,ts_400_1_R-A-3,23,C6H12ClNO3,"1,6,7,8,17",0,97,5,102,R-A-3,Cyclization
8474,8475,ts_400_1_R-A-5,23,C6H11NO5,"1,6,7,8",1,98,5,103,R-A-5,Cyclization
8475,8476,ts_400_1_R-A-6,24,C6H12N2O4,"1,6,7,8",1,97,5,102,R-A-6,Cyclization
8476,8477,ts_400_1_RR-A-2-a,24,C10H8O6,"1,6,8",1,93,5,98,RR-A-2-a,Rearrangement
8477,8478,ts_400_1_RR-A-13-a,31,C12H15NO3,"1,6,7,8",1,98,5,103,RR-A-13-a,Rearrangement
8478,8479,ts_400_1_RR-B-7-b,20,C4H10N2O4,"1,6,7,8",1,99,5,104,RR-B-7-b,Rearrangement
8479,8480,ts_400_1_S-A-6,21,C4H12N2O3,"1,6,7,8",1,99,5,104,S-A-6,Substitution
8480,8481,ts_401_1_A-E-16,22,C6H11ClO3S,"1,6,8,16,17",0,97,5,102,A-E-16,Addition
8481,8482,ts_401_1_R-A-7,20,C5H10FNO3,"1,6,7,8,9",0,99,5,104,R-A-7,Cyclization
8482,8483,ts_401_1_RR-A-2-b,25,C11H11NO2,"1,6,7,8",1,88,5,93,RR-A-2-b,Rearrangement
8483,8484,ts_401_1_S-B-5-a,11,C3H5FO2,"1,6,8,9",0,97,5,102,S-B-5-a,Rearrangement
8484,8485,ts_401_2_R-A-5,18,C4H8BrNO4,"1,6,7,8,35",0,99,5,104,R-A-5,Cyclization
8485,8486,ts_402_1_E-2-b,14,C3H7FN2O,"1,6,7,8,9",0,98,5,103,E-2-b,Addition
8486,8487,ts_402_1_NO2-A-3-b,15,C4H6N2O3,"1,6,7,8",1,97,5,102,NO2-A-3-b,Rearrangement
8487,8488,ts_402_1_NO2-A-9-a,17,C3H7ClN2O4,"1,6,7,8,17",0,94,5,99,NO2-A-9-a,Substitution
8488,8489,ts_402_1_RR-B-8-b,29,C9H15N3O2,"1,6,7,8",1,100,5,105,RR-B-8-b,Rearrangement
8489,8490,ts_402_1_S-A-15,25,C9H11F2NO2,"1,6,7,8,9",0,99,5,104,S-A-15,Substitution
8490,8491,ts_402_1_S-G-4,21,C3H10FNO5S,"1,6,7,8,9,16",0,100,5,105,S-G-4,Substitution
8491,8492,ts_402_2_A-E-6,25,C7H15NO2,"1,6,7,8",1,99,5,104,A-E-6,Addition
8492,8493,ts_402_2_A-E-16,19,C5H11ClOS,"1,6,8,16,17",0,100,5,105,A-E-16,Addition
8493,8494,ts_402_2_R-A-7,18,C4H10FNO2,"1,6,7,8,9",0,100,5,105,R-A-7,Cyclization
8494,8495,ts_403_1_E-2-b,14,C3H7FN2O,"1,6,7,8,9",0,97,5,102,E-2-b,Addition
8495,8496,ts_403_1_R-A-3,21,C6H11ClO3,"1,6,8,17",0,98,5,103,R-A-3,Cyclization
8496,8497,ts_403_1_RR-A-9-a,31,C12H15NO3,"1,6,7,8",1,99,5,104,RR-A-9-a,Rearrangement
8497,8498,ts_403_1_RR-B-1-b,11,C3H5ClO2,"1,6,8,17",0,99,5,104,RR-B-1-b,Rearrangement
8498,8499,ts_403_1_RR-B-7-b,20,C4H10N2O4,"1,6,7,8",1,99,5,104,RR-B-7-b,Rearrangement
8499,8500,ts_403_1_S-A-15,25,C9H11BrFNO2,"1,6,7,8,9,35",0,100,5,105,S-A-15,Substitution
8500,8501,ts_403_1_S-A-18,22,C5H9ClN2O5,"1,6,7,8,17",0,97,5,102,S-A-18,Substitution
8501,8502,ts_403_2_A-E-6,25,C7H14FNO2,"1,6,7,8,9",0,100,5,105,A-E-6,Addition
8502,8503,ts_404_1_E-1,12,C3H6BrNO,"1,6,7,8,35",0,97,5,102,E-1,Addition
8503,8504,ts_404_1_R-A-2,20,C5H10ClNO3,"1,6,7,8,17",0,99,5,104,R-A-2,Cyclization
8504,8505,ts_404_1_RR-A-13-c,31,C12H15NO3,"1,6,7,8",1,97,5,102,RR-A-13-c,Rearrangement
8505,8506,ts_404_1_RR-B-8-b,26,C9H12N2O3,"1,6,7,8",1,98,5,103,RR-B-8-b,Rearrangement
8506,8507,ts_404_1_S-A-18,22,C5H9ClN2O5,"1,6,7,8,17",0,95,5,100,S-A-18,Substitution
8507,8508,ts_404_1_S-A-19,20,C5H10BrNO3,"1,6,7,8,35",0,98,5,103,S-A-19,Substitution
8508,8509,ts_404_1_S-B-1,24,C6H10ClN3O4,"1,6,7,8,17",0,90,5,95,S-B-1,Substitution
8509,8510,ts_404_1_S-G-4,23,C4H11NO6S,"1,6,7,8,16",0,100,5,105,S-G-4,Substitution
8510,8511,ts_405_1_R-A-7,22,C6H12BrNO2,"1,6,7,8,35",0,98,5,103,R-A-7,Cyclization
8511,8512,ts_405_1_RR-A-13-c,33,C14H16O3,"1,6,8",1,56,3,59,RR-A-13-c,Rearrangement
8512,8513,ts_405_1_RR-B-6-a,9,C2H3Cl2NO,"1,6,7,8,17",0,99,5,104,RR-B-6-a,Rearrangement
8513,8514,ts_405_1_RR-B-7-b,22,C6H11NO4,"1,6,7,8",1,99,5,104,RR-B-7-b,Rearrangement
8514,8515,ts_405_1_S-B-3-a,12,C3H6ClNO,"1,6,7,8,17",0,100,5,105,S-B-3-a,Rearrangement
8515,8516,ts_405_1_S-G-6,22,C4H10N2O5S,"1,6,7,8,16",0,93,5,98,S-G-6,Substitution
8516,8517,ts_406_1_E-2-b,9,C2H3BrClNO,"1,6,7,8,17,35",0,98,5,103,E-2-b,Addition
8517,8518,ts_406_1_R-A-1,15,C5H6ClNO2,"1,6,7,8,17",0,94,5,99,R-A-1,Cyclization
8518,8519,ts_406_1_RR-A-3-a,30,C15H11ClO3,"1,6,8,17",0,56,3,59,RR-A-3-a,Rearrangement
8519,8520,ts_406_1_RR-A-13-b,33,C14H16O3,"1,6,8",1,59,3,62,RR-A-13-b,Rearrangement
8520,8521,ts_406_1_RR-B-6-b,9,C2H3BrClNO,"1,6,7,8,17,35",0,99,5,104,RR-B-6-b,Rearrangement
8521,8522,ts_406_1_RR-B-8-a,28,C10H13NO4,"1,6,7,8",1,100,5,105,RR-B-8-a,Rearrangement
8522,8523,ts_406_1_S-A-16,20,C8H8BrClOS,"1,6,8,16,17,35",0,99,5,104,S-A-16,Substitution
8523,8524,ts_406_1_S-A-18,21,C5H7ClN2O6,"1,6,7,8,17",0,96,5,101,S-A-18,Substitution
8524,8525,ts_407_1_E-2-a,11,C3H4BrNO2,"1,6,7,8,35",0,97,5,102,E-2-a,Addition
8525,8526,ts_407_1_RR-A-3-a,32,C15H13NO3,"1,6,7,8",1,56,3,59,RR-A-3-a,Rearrangement
8526,8527,ts_407_1_RR-A-13-a,28,C12H14O2,"1,6,8",1,100,5,105,RR-A-13-a,Rearrangement
8527,8528,ts_407_2_S-G-1,19,C3H7Cl2NO5S,"1,6,7,8,16,17",0,95,5,100,S-G-1,Substitution
8528,8529,ts_407_2_S-G-2,20,C3H8ClNO6S,"1,6,7,8,16,17",0,99,5,104,S-G-2,Substitution
8529,8530,ts_408_1_NO2-A-11-a,21,C7H8BrFN2O2,"1,6,7,8,9,35",0,99,5,104,NO2-A-11-a,Substitution
8530,8531,ts_408_1_NO2-B-3-e,19,C4H10N2O3,"1,6,7,8",1,100,5,105,NO2-B-3-e,Addition
8531,8532,ts_408_1_R-A-7,22,C5H13BrN2O,"1,6,7,8,35",0,100,5,105,R-A-7,Cyclization
8532,8533,ts_408_1_RR-A-3-a,32,C15H13NO3,"1,6,7,8",1,55,3,58,RR-A-3-a,Rearrangement
8533,8534,ts_408_1_RR-A-12,42,C21H16BrNO3,"1,6,7,8,35",0,59,3,62,RR-A-12,Rearrangement
8534,8535,ts_408_1_RR-B-6-a,9,C2H3Br2NO,"1,6,7,8,35",0,98,5,103,RR-B-6-a,Rearrangement
8535,8536,ts_408_1_S-A-6,17,C3H9ClN2O2,"1,6,7,8,17",0,98,5,103,S-A-6,Substitution
8536,8537,ts_409_1_E-2-a,6,CH2ClNO,"1,6,7,8,17",0,98,5,103,E-2-a,Addition
8537,8538,ts_409_1_NO2-A-11-d,29,C9H15N3O2,"1,6,7,8",1,100,5,105,NO2-A-11-d,Addition
8538,8539,ts_409_1_RR-A-2-a,28,C11H13NO3,"1,6,7,8",1,95,5,100,RR-A-2-a,Rearrangement
8539,8540,ts_409_1_RR-A-10,29,C9H17NO2,"1,6,7,8",1,100,5,105,RR-A-10,Rearrangement
8540,8541,ts_409_1_RR-B-8-a,30,C10H16N2O2,"1,6,7,8",1,100,5,105,RR-B-8-a,Rearrangement
8541,8542,ts_409_2_S-B-5-a,12,C3H4O5,"1,6,8",1,98,5,103,S-B-5-a,Rearrangement
8542,8543,ts_410_1_E-1,9,C2H3ClFNO,"1,6,7,8,9,17",0,98,5,103,E-1,Addition
8543,8544,ts_410_1_RR-A-4,14,C4H8ClN,"1,6,7,17",0,100,5,105,RR-A-4,Rearrangement
8544,8545,ts_410_1_S-G-1,20,C3H9Cl2NO4S,"1,6,7,8,16,17",0,100,5,105,S-G-1,Substitution
8545,8546,ts_410_1_S-G-4,25,C4H13NO6S,"1,6,7,8,16",0,100,5,105,S-G-4,Substitution
8546,8547,ts_411_1_E-2-a,11,C3H4FNO2,"1,6,7,8,9",0,100,5,105,E-2-a,Addition
8547,8548,ts_411_1_RR-B-6-b,9,C2H3ClFNO,"1,6,7,8,9,17",0,100,5,105,RR-B-6-b,Rearrangement
8548,8549,ts_411_1_S-A-6,19,C4H10N2O3,"1,6,7,8",1,96,5,101,S-A-6,Substitution
8549,8550,ts_411_1_S-A-19,19,C4H10BrClN2O,"1,6,7,8,17,35",0,100,5,105,S-A-19,Substitution
8550,8551,ts_411_1_S-B-3-a,9,C2H3NO3,"1,6,7,8",1,98,5,103,S-B-3-a,Rearrangement
8551,8552,ts_411_2_S-A-4,21,C5H8N2O6,"1,6,7,8",1,87,5,92,S-A-4,Substitution
8552,8553,ts_412_1_NO2-A-3-b,13,C4H4BrNO3,"1,6,7,8,35",0,91,5,96,NO2-A-3-b,Rearrangement
8553,8554,ts_412_1_NO2-A-8-b,12,C2H4BrNO3S,"1,6,7,8,16,35",0,100,5,105,NO2-A-8-b,Rearrangement
8554,8555,ts_412_1_R-A-7,22,C5H13BrN2O,"1,6,7,8,35",0,100,5,105,R-A-7,Cyclization
8555,8556,ts_412_1_RR-A-2-a,23,C10H9FO3,"1,6,8,9",0,94,5,99,RR-A-2-a,Rearrangement
8556,8557,ts_412_1_RR-B-6-b,12,C3H6ClNO,"1,6,7,8,17",0,100,5,105,RR-B-6-b,Rearrangement
8557,8558,ts_412_1_RR-B-7-b,13,C2H7NO3,"1,6,7,8",1,100,5,105,RR-B-7-b,Rearrangement
8558,8559,ts_412_1_S-A-19,19,C4H10BrClN2O,"1,6,7,8,17,35",0,98,5,103,S-A-19,Substitution
8559,8560,ts_412_1_S-G-1,21,C3H10Cl2N2O3S,"1,6,7,8,16,17",0,100,5,105,S-G-1,Substitution
8560,8561,ts_412_2_S-A-17,23,C5H13ClN2O2,"1,6,7,8,17",0,99,5,104,S-A-17,Substitution
8561,8562,ts_413_1_NO2-A-1-b,17,C5H6BrNO4,"1,6,7,8,35",0,96,5,101,NO2-A-1-b,Rearrangement
8562,8563,ts_413_1_RR-B-6-b,12,C3H6FNO,"1,6,7,8,9",0,99,5,104,RR-B-6-b,Rearrangement
8563,8564,ts_413_1_S-A-15,25,C9H11BrFNO2,"1,6,7,8,9,35",0,98,5,103,S-A-15,Substitution
8564,8565,ts_413_2_E-2-a,16,C4H8N2O2,"1,6,7,8",1,97,5,102,E-2-a,Addition
8565,8566,ts_414_1_NO2-A-3-b,9,C3H2N2O2,"1,6,7,8",1,93,5,98,NO2-A-3-b,Rearrangement
8566,8567,ts_414_1_NO2-A-11-a,21,C7H8Cl2N2O2,"1,6,7,8,17",0,97,5,102,NO2-A-11-a,Substitution
8567,8568,ts_414_1_NO2-A-11-d,21,C7H8Cl2N2O2,"1,6,7,8,17",0,100,5,105,NO2-A-11-d,Addition
8568,8569,ts_414_1_R-B-6,23,C7H12N2O2,"1,6,7,8",1,96,5,101,R-B-6,Cyclization
8569,8570,ts_414_1_RR-B-8-b,24,C9H10BrNO3,"1,6,7,8,35",0,99,5,104,RR-B-8-b,Rearrangement
8570,8571,ts_414_1_S-A-6,18,C4H9N3O2,"1,6,7,8",1,88,5,93,S-A-6,Substitution
8571,8572,ts_414_1_S-A-19,18,C4H9BrClNO2,"1,6,7,8,17,35",0,100,5,105,S-A-19,Substitution
8572,8573,ts_414_1_S-B-10,25,C8H14O3,"1,6,8",1,99,5,104,S-B-10,Substitution
8573,8574,ts_414_1_S-G-1,16,C2H6BrCl2NO3S,"1,6,7,8,16,17,35",0,99,5,104,S-G-1,Substitution
8574,8575,ts_415_1_E-1,9,C2H3F2NO,"1,6,7,8,9",0,98,5,103,E-1,Addition
8575,8576,ts_415_1_RR-A-9-a,29,C11H15NO2,"1,6,7,8",1,100,5,105,RR-A-9-a,Rearrangement
8576,8577,ts_415_1_RR-B-6-b,14,C3H7FN2O,"1,6,7,8,9",0,100,5,105,RR-B-6-b,Rearrangement
8577,8578,ts_415_1_S-A-7,10,C2HBrCl3FO2,"1,6,8,9,17,35",0,95,5,100,S-A-7,Substitution
8578,8579,ts_416_1_NO2-A-8-b,13,C3H4N2O3S,"1,6,7,8,16",0,90,5,95,NO2-A-8-b,Rearrangement
8579,8580,ts_416_1_NO2-A-9-e,18,C2H9N3O4,"1,6,7,8",1,99,5,104,NO2-A-9-e,Addition
8580,8581,ts_416_1_NO2-A-11-d,21,C7H8F2N2O2,"1,6,7,8,9",0,100,5,105,NO2-A-11-d,Addition
8581,8582,ts_416_1_R-A-7,20,C5H10BrNO3,"1,6,7,8,35",0,98,5,103,R-A-7,Cyclization
8582,8583,ts_416_1_RR-A-2-b,21,C9H8F2O2,"1,6,8,9",0,99,5,104,RR-A-2-b,Rearrangement
8583,8584,ts_416_1_RR-A-18,29,C11H15NO2,"1,6,7,8",1,100,5,105,RR-A-18,Rearrangement
8584,8585,ts_416_1_RR-B-8-b,20,C8H8N2O2,"1,6,7,8",1,94,5,99,RR-B-8-b,Rearrangement
8585,8586,ts_417_1_NO2-A-3-b,18,C5H8N2O3,"1,6,7,8",1,96,5,101,NO2-A-3-b,Rearrangement
8586,8587,ts_417_1_NO2-A-9-b,14,C3H5FN2O3,"1,6,7,8,9",0,98,5,103,NO2-A-9-b,Rearrangement
8587,8588,ts_417_1_RR-B-7-b,15,C3H9NO2,"1,6,7,8",1,99,5,104,RR-B-7-b,Rearrangement
8588,8589,ts_417_1_S-A-24,27,C10H13ClN2O,"1,6,7,8,17",0,89,5,94,S-A-24,Substitution
8589,8590,ts_417_1_S-B-1,23,C6H8ClN3O5,"1,6,7,8,17",0,90,5,95,S-B-1,Substitution
8590,8591,ts_418_1_E-2-b,14,C3H7ClN2O,"1,6,7,8,17",0,94,5,99,E-2-b,Addition
8591,8592,ts_418_1_RR-A-10,28,C9H15NO3,"1,6,7,8",1,97,5,102,RR-A-10,Rearrangement
8592,8593,ts_418_1_RR-A-12,39,C20H15Br2NO,"1,6,7,8,35",0,59,3,62,RR-A-12,Rearrangement
8593,8594,ts_418_1_RR-A-13-a,28,C11H13NO3,"1,6,7,8",1,99,5,104,RR-A-13-a,Rearrangement
8594,8595,ts_418_1_S-A-6,17,C3H9ClN2O2,"1,6,7,8,17",0,99,5,104,S-A-6,Substitution
8595,8596,ts_418_1_S-A-17,23,C6H12ClNO3,"1,6,7,8,17",0,99,5,104,S-A-17,Substitution
8596,8597,ts_418_1_S-B-1,21,C6H7ClN4O3,"1,6,7,8,17",0,92,5,97,S-B-1,Substitution
8597,8598,ts_418_2_S-G-2,18,C2H8ClNO5S,"1,6,7,8,16,17",0,99,5,104,S-G-2,Substitution
8598,8599,ts_419_1_NO2-A-8-b,22,C5H10N2O4S,"1,6,7,8,16",0,93,5,98,NO2-A-8-b,Rearrangement
8599,8600,ts_419_1_S-A-7,17,C4H6Cl2O5,"1,6,8,17",0,93,5,98,S-A-7,Substitution
8600,8601,ts_419_1_S-A-17,23,C5H13ClN2O2,"1,6,7,8,17",0,99,5,104,S-A-17,Substitution
8601,8602,ts_420_1_E-2-b,14,C3H6N2O3,"1,6,7,8",1,97,5,102,E-2-b,Addition
8602,8603,ts_420_1_NO2-A-11-a,26,C8H11N3O4,"1,6,7,8",1,98,5,103,NO2-A-11-a,Substitution
8603,8604,ts_420_1_RR-B-8-b,29,C10H14N2O3,"1,6,7,8",1,98,5,103,RR-B-8-b,Rearrangement
8604,8605,ts_420_1_S-A-7,14,C4H3Cl2N3O2,"1,6,7,8,17",0,87,5,92,S-A-7,Substitution
8605,8606,ts_420_1_S-A-17,21,C5H12ClNO2,"1,6,7,8,17",0,97,5,102,S-A-17,Substitution
8606,8607,ts_420_1_S-A-19,17,C4H9BrClNO,"1,6,7,8,17,35",0,98,5,103,S-A-19,Substitution
8607,8608,ts_420_1_S-G-2,19,C2H9ClN2O4S,"1,6,7,8,16,17",0,100,5,105,S-G-2,Substitution
8608,8609,ts_420_3_R-B-6,23,C6H11N3O3,"1,6,7,8",1,98,5,103,R-B-6,Cyclization
8609,8610,ts_421_1_RR-B-6-a,19,C5H10N2O2,"1,6,7,8",1,97,5,102,RR-B-6-a,Rearrangement
8610,8611,ts_421_1_S-C-1,33,C11H16BrClN2O2,"1,6,7,8,17,35",0,58,3,61,S-C-1,Substitution
8611,8612,ts_421_1_S-G-4,24,C4H13NO5S,"1,6,7,8,16",0,100,5,105,S-G-4,Substitution
8612,8613,ts_421_2_S-B-3-a,15,C4H7NO3,"1,6,7,8",1,99,5,104,S-B-3-a,Rearrangement
8613,8614,ts_422_1_E-1,15,C4H5NO5,"1,6,7,8",1,96,5,101,E-1,Addition
8614,8615,ts_422_1_R-A-4,27,C7H14ClNO4,"1,6,7,8,17",0,100,5,105,R-A-4,Cyclization
8615,8616,ts_422_1_RR-B-6-a,19,C5H10N2O2,"1,6,7,8",1,98,5,103,RR-B-6-a,Rearrangement
8616,8617,ts_422_1_RR-B-8-a,32,C10H15N3O4,"1,6,7,8",1,98,5,103,RR-B-8-a,Rearrangement
8617,8618,ts_423_1_R-A-7,22,C5H13BrN2O,"1,6,7,8,35",0,100,5,105,R-A-7,Cyclization
8618,8619,ts_423_1_RR-A-3-a,29,C14H9NO5,"1,6,7,8",1,55,3,58,RR-A-3-a,Rearrangement
8619,8620,ts_424_1_NO2-A-1-b,12,C3H4FNO3,"1,6,7,8,9",0,95,5,100,NO2-A-1-b,Rearrangement
8620,8621,ts_424_1_R-A-3,18,C5H10Cl2O,"1,6,8,17",0,100,5,105,R-A-3,Cyclization
8621,8622,ts_424_1_R-A-4,31,C8H17ClN2O3,"1,6,7,8,17",0,100,5,105,R-A-4,Cyclization
8622,8623,ts_424_1_RR-A-9-a,29,C12H14O3,"1,6,8",1,93,5,98,RR-A-9-a,Rearrangement
8623,8624,ts_424_1_RR-B-6-a,14,C4H7NO2,"1,6,7,8",1,93,5,98,RR-B-6-a,Rearrangement
8624,8625,ts_424_1_S-A-4,24,C6H10N2O6,"1,6,7,8",1,93,5,98,S-A-4,Substitution
8625,8626,ts_424_1_S-A-24,30,C9H17ClFNO,"1,6,7,8,9,17",0,100,5,105,S-A-24,Substitution
8626,8627,ts_424_1_S-G-1,16,C2H6Cl2FNO3S,"1,6,7,8,9,16,17",0,99,5,104,S-G-1,Substitution
8627,8628,ts_424_1_S-G-4,21,C3H10FNO5S,"1,6,7,8,9,16",0,100,5,105,S-G-4,Substitution
8628,8629,ts_425_2_S-A-15,32,C11H16N2O3,"1,6,7,8",1,94,5,99,S-A-15,Substitution
8629,8630,ts_425_3_R-A-7,19,C4H11BrN2O,"1,6,7,8,35",0,100,5,105,R-A-7,Cyclization
8630,8631,ts_426_1_NO2-A-8-b,20,C5H7NO6S,"1,6,7,8,16",0,93,5,98,NO2-A-8-b,Rearrangement
8631,8632,ts_426_1_S-B-3-a,13,C3H7NO2,"1,6,7,8",1,99,5,104,S-B-3-a,Rearrangement
8632,8633,ts_426_1_S-G-4,16,C2H6Cl2O5S,"1,6,8,16,17",0,100,5,105,S-G-4,Substitution
8633,8634,ts_427_1_S-A-18,16,C4H6ClNO4,"1,6,7,8,17",0,98,5,103,S-A-18,Substitution
8634,8635,ts_427_1_S-A-24,27,C8H15BrClNO,"1,6,7,8,17,35",0,100,5,105,S-A-24,Substitution
8635,8636,ts_427_1_S-B-10,17,C5H8Cl2O2,"1,6,8,17",0,99,5,104,S-B-10,Substitution
8636,8637,ts_428_1_RR-A-3-a,29,C14H11ClO3,"1,6,8,17",0,58,3,61,RR-A-3-a,Rearrangement
8637,8638,ts_428_1_RR-B-4-b,15,C4H5N3O3,"1,6,7,8",1,91,5,96,RR-B-4-b,Rearrangement
8638,8639,ts_428_1_RR-B-6-a,19,C6H9NO3,"1,6,7,8",1,88,5,93,RR-B-6-a,Rearrangement
8639,8640,ts_428_1_RR-B-6-b,12,C3H5NO3,"1,6,7,8",1,96,5,101,RR-B-6-b,Rearrangement
8640,8641,ts_428_1_S-A-4,22,C5H10N2O5,"1,6,7,8",1,90,5,95,S-A-4,Substitution
8641,8642,ts_428_1_S-A-18,18,C5H8ClNO3,"1,6,7,8,17",0,93,5,98,S-A-18,Substitution
8642,8643,ts_428_2_R-A-7,18,C5H9BrN2O,"1,6,7,8,35",0,89,5,94,R-A-7,Cyclization
8643,8644,ts_429_1_NO2-A-9-b,16,C2H8N4O2,"1,6,7,8",1,100,5,105,NO2-A-9-b,Rearrangement
8644,8645,ts_429_1_RR-A-2-a,22,C9H9FO3,"1,6,8,9",0,94,5,99,RR-A-2-a,Rearrangement
8645,8646,ts_429_1_RR-A-8-c,19,C4H11N3O,"1,6,7,8",1,98,5,103,RR-A-8-c,Rearrangement
8646,8647,ts_429_1_RR-B-6-b,19,C5H10N2O2,"1,6,7,8",1,97,5,102,RR-B-6-b,Rearrangement
8647,8648,ts_429_1_S-A-4,21,C4H7N3O7,"1,6,7,8",1,87,5,92,S-A-4,Substitution
8648,8649,ts_429_1_S-A-19,16,C3H6BrClN2O3,"1,6,7,8,17,35",0,98,5,103,S-A-19,Substitution
8649,8650,ts_430_1_RR-A-2-a,22,C9H9FO3,"1,6,8,9",0,97,5,102,RR-A-2-a,Rearrangement
8650,8651,ts_430_1_RR-B-6-a,16,C3H9N3O,"1,6,7,8",1,96,5,101,RR-B-6-a,Rearrangement
8651,8652,ts_430_1_RR-B-8-a,32,C10H15N3O4,"1,6,7,8",1,98,5,103,RR-B-8-a,Rearrangement
8652,8653,ts_430_1_S-B-3-a,15,C4H9NO,"1,6,7,8",1,100,5,105,S-B-3-a,Rearrangement
8653,8654,ts_430_1_S-G-6,22,C4H11NO5S,"1,6,7,8,16",0,97,5,102,S-G-6,Substitution
8654,8655,ts_431_1_E-2-a,11,C3H5NO2,"1,6,7,8",1,96,5,101,E-2-a,Addition
8655,8656,ts_431_1_R-A-4,31,C8H17ClN2O3,"1,6,7,8,17",0,97,5,102,R-A-4,Cyclization
8656,8657,ts_431_1_RR-B-6-b,19,C5H10N2O2,"1,6,7,8",1,95,5,100,RR-B-6-b,Rearrangement
8657,8658,ts_431_1_RR-B-8-b,27,C9H12N2O4,"1,6,7,8",1,96,5,101,RR-B-8-b,Rearrangement
8658,8659,ts_431_1_S-A-6,20,C4H11FN2O2,"1,6,7,8,9",0,100,5,105,S-A-6,Substitution
8659,8660,ts_431_1_S-A-11,19,C5H8N2O4,"1,6,7,8",1,91,5,96,S-A-11,Substitution
8660,8661,ts_431_1_S-G-1,15,CH2Cl2N2O7S,"1,6,7,8,16,17",0,91,5,96,S-G-1,Substitution
8661,8662,ts_431_1_S-G-4,20,C2H6N2O9S,"1,6,7,8,16",0,94,5,99,S-G-4,Substitution
8662,8663,ts_432_1_RR-B-8-b,21,C7H8N2O4,"1,6,7,8",1,98,5,103,RR-B-8-b,Rearrangement
8663,8664,ts_432_1_S-A-6,20,C4H11FN2O2,"1,6,7,8,9",0,98,5,103,S-A-6,Substitution
8664,8665,ts_432_1_S-A-11,22,C6H10N2O4,"1,6,7,8",1,83,5,88,S-A-11,Substitution
8665,8666,ts_432_1_S-A-15,27,C10H12FNO3,"1,6,7,8,9",0,95,5,100,S-A-15,Substitution
8666,8667,ts_433_1_S-B-5-a,13,C3H5NO4,"1,6,7,8",1,98,5,103,S-B-5-a,Rearrangement
8667,8668,ts_434_1_R-A-7,19,C4H9BrN2O3,"1,6,7,8,35",0,99,5,104,R-A-7,Cyclization
8668,8669,ts_434_1_RR-B-4-b,21,C5H10N4O2,"1,6,7,8",1,87,5,92,RR-B-4-b,Rearrangement
8669,8670,ts_434_1_RR-B-8-a,27,C9H11FN2O4,"1,6,7,8,9",0,100,5,105,RR-B-8-a,Rearrangement
8670,8671,ts_434_1_RR-B-8-b,27,C9H12N2O4,"1,6,7,8",1,100,5,105,RR-B-8-b,Rearrangement
8671,8672,ts_434_1_S-G-4,23,C4H11NO6S,"1,6,7,8,16",0,100,5,105,S-G-4,Substitution
8672,8673,ts_434_2_E-2-a,12,C2H6N2O2,"1,6,7,8",1,100,5,105,E-2-a,Addition
8673,8674,ts_435_1_RR-A-2-b,28,C11H11NO5,"1,6,7,8",1,93,5,98,RR-A-2-b,Rearrangement
8674,8675,ts_435_1_RR-B-6-a,14,C4H7NO2,"1,6,7,8",1,97,5,102,RR-B-6-a,Rearrangement
8675,8676,ts_435_1_RR-B-6-b,16,C4H6N2O4,"1,6,7,8",1,93,5,98,RR-B-6-b,Rearrangement
8676,8677,ts_435_1_S-A-16,25,C10H11ClO2S,"1,6,8,16,17",0,99,5,104,S-A-16,Substitution
8677,8678,ts_435_1_S-A-19,16,C4H7BrClNO2,"1,6,7,8,17,35",0,99,5,104,S-A-19,Substitution
8678,8679,ts_435_2_S-B-5-a,12,C4H3NO4,"1,6,7,8",1,91,5,96,S-B-5-a,Rearrangement
8679,8680,ts_436_1_E-2-a,7,CH3NO2,"1,6,7,8",1,99,5,104,E-2-a,Addition
8680,8681,ts_436_1_NO2-A-3-b,14,C3H6N2O3,"1,6,7,8",1,93,5,98,NO2-A-3-b,Rearrangement
8681,8682,ts_436_1_NO2-A-11-d,28,C9H11N3O5,"1,6,7,8",1,97,5,102,NO2-A-11-d,Addition
8682,8683,ts_436_1_RR-A-3-a,31,C14H11NO5,"1,6,7,8",1,52,3,55,RR-A-3-a,Rearrangement
8683,8684,ts_436_1_RR-A-8-c,22,C7H11NO3,"1,6,7,8",1,98,5,103,RR-A-8-c,Rearrangement
8684,8685,ts_437_1_R-A-7,24,C7H13NO3,"1,6,7,8",1,96,5,101,R-A-7,Cyclization
8685,8686,ts_437_1_RR-A-2-a,27,C10H13NO3,"1,6,7,8",1,97,5,102,RR-A-2-a,Rearrangement
8686,8687,ts_437_1_S-A-24,31,C9H18ClNO2,"1,6,7,8,17",0,100,5,105,S-A-24,Substitution
8687,8688,ts_438_1_E-1,16,C3H9N3O,"1,6,7,8",1,99,5,104,E-1,Addition
8688,8689,ts_438_1_NO2-A-8-b,14,C2H6N2O3S,"1,6,7,8,16",0,93,5,98,NO2-A-8-b,Rearrangement
8689,8690,ts_438_2_R-A-4,29,C8H14ClNO5,"1,6,7,8,17",0,96,5,101,R-A-4,Cyclization
8690,8691,ts_439_1_E-1,16,C4H8N2O2,"1,6,7,8",1,96,5,101,E-1,Addition
8691,8692,ts_439_1_R-A-7,24,C6H14N2O2,"1,6,7,8",1,97,5,102,R-A-7,Cyclization
8692,8693,ts_439_1_RR-A-8-c,18,C4H10N2O2,"1,6,7,8",1,99,5,104,RR-A-8-c,Rearrangement
8693,8694,ts_439_1_S-A-24,31,C9H18ClNO2,"1,6,7,8,17",0,100,5,105,S-A-24,Substitution
8694,8695,ts_440_1_S-A-17,22,C5H12ClNO3,"1,6,7,8,17",0,100,5,105,S-A-17,Substitution
8695,8696,ts_440_2_S-A-11,20,C6H7NO6,"1,6,7,8",1,90,5,95,S-A-11,Substitution
8696,8697,ts_440_4_S-A-11,20,C6H7NO6,"1,6,7,8",1,84,5,89,S-A-11,Substitution
8697,8698,ts_441_1_E-2-a,9,C2H5NO,"1,6,7,8",1,100,5,105,E-2-a,Addition
8698,8699,ts_441_1_R-A-3,24,C7H13ClO3,"1,6,8,17",0,99,5,104,R-A-3,Cyclization
8699,8700,ts_441_1_RR-A-2-a,26,C10H12O4,"1,6,8",1,97,5,102,RR-A-2-a,Rearrangement
8700,8701,ts_442_1_E-1,15,C4H5NO5,"1,6,7,8",1,97,5,102,E-1,Addition
8701,8702,ts_442_1_RR-A-8-c,13,C3H7NO2,"1,6,7,8",1,98,5,103,RR-A-8-c,Rearrangement
8702,8703,ts_443_1_E-2-b,15,C4H5NO5,"1,6,7,8",1,94,5,99,E-2-b,Addition
8703,8704,ts_443_1_S-G-5,20,C2H10N2O5S,"1,6,7,8,16",0,100,5,105,S-G-5,Substitution
8704,8705,ts_444_1_E-2-b,14,C4H7NO2,"1,6,7,8",1,97,5,102,E-2-b,Addition
8705,8706,ts_444_1_RR-B-4-b,17,C5H7N3O2,"1,6,7,8",1,88,5,93,RR-B-4-b,Rearrangement
8706,8707,ts_444_1_S-A-16,30,C12H13ClO3S,"1,6,8,16,17",0,92,5,97,S-A-16,Substitution
8707,8708,ts_445_1_RR-B-8-b,25,C8H12N2O3,"1,6,7,8",1,100,5,105,RR-B-8-b,Rearrangement
8708,8709,ts_445_1_S-A-15,30,C11H13NO5,"1,6,7,8",1,98,5,103,S-A-15,Substitution
8709,8710,ts_445_1_S-A-24,29,C10H14ClNO3,"1,6,7,8,17",0,92,5,97,S-A-24,Substitution
8710,8711,ts_445_2_R-B-6,23,C7H12N2O2,"1,6,7,8",1,99,5,104,R-B-6,Cyclization
8711,8712,ts_446_1_RR-A-2-a,23,C9H10ClNO2,"1,6,7,8,17",0,97,5,102,RR-A-2-a,Rearrangement
8712,8713,ts_446_1_RR-A-2-b,31,C11H16N2O2,"1,6,7,8",1,97,5,102,RR-A-2-b,Rearrangement
8713,8714,ts_446_2_S-A-17,25,C5H15N3O2,"1,6,7,8",1,99,5,104,S-A-17,Substitution
8714,8715,ts_447_1_NO2-A-1-b,15,C4H7NO3,"1,6,7,8",1,94,5,99,NO2-A-1-b,Rearrangement
8715,8716,ts_447_1_NO2-A-8-b,15,C3H7NO3S,"1,6,7,8,16",0,98,5,103,NO2-A-8-b,Rearrangement
8716,8717,ts_447_1_RR-A-8-c,15,C4H9NO,"1,6,7,8",1,100,5,105,RR-A-8-c,Rearrangement
8717,8718,ts_447_1_RR-B-6-b,19,C4H11N3O,"1,6,7,8",1,100,5,105,RR-B-6-b,Rearrangement
8718,8719,ts_448_1_R-A-1,14,C3H6ClNO3,"1,6,7,8,17",0,98,5,103,R-A-1,Cyclization
8719,8720,ts_448_1_RR-A-3-a,30,C14H12BrNO2,"1,6,7,8,35",0,59,3,62,RR-A-3-a,Rearrangement
8720,8721,ts_448_1_RR-B-6-b,16,C3H7N3O3,"1,6,7,8",1,99,5,104,RR-B-6-b,Rearrangement
8721,8722,ts_448_1_S-A-6,15,C3H8FNO2,"1,6,7,8,9",0,99,5,104,S-A-6,Substitution
8722,8723,ts_448_1_S-A-7,15,C3H4Cl2O6,"1,6,8,17",0,94,5,99,S-A-7,Substitution
8723,8724,ts_448_1_S-A-15,31,C11H15NO4,"1,6,7,8",1,95,5,100,S-A-15,Substitution
8724,8725,ts_448_2_R-A-7,24,C6H14N2O2,"1,6,7,8",1,98,5,103,R-A-7,Cyclization
8725,8726,ts_449_1_NO2-A-11-d,28,C8H12N4O4,"1,6,7,8",1,98,5,103,NO2-A-11-d,Addition
8726,8727,ts_449_1_S-A-6,17,C3H7FN2O4,"1,6,7,8,9",0,98,5,103,S-A-6,Substitution
8727,8728,ts_449_1_S-A-11,19,C5H6N2O6,"1,6,7,8",1,85,5,90,S-A-11,Substitution
8728,8729,ts_449_1_S-A-19,19,C4H9BrN2O3,"1,6,7,8,35",0,97,5,102,S-A-19,Substitution
8729,8730,ts_449_1_S-B-10,14,C4H6Cl2O2,"1,6,8,17",0,98,5,103,S-B-10,Substitution
8730,8731,ts_450_1_E-2-b,11,C2H4N2O3,"1,6,7,8",1,93,5,98,E-2-b,Addition
8731,8732,ts_450_1_NO2-A-11-a,23,C7H9N3O4,"1,6,7,8",1,99,5,104,NO2-A-11-a,Substitution
8732,8733,ts_450_1_RR-B-6-b,11,C2H4N2O3,"1,6,7,8",1,98,5,103,RR-B-6-b,Rearrangement
8733,8734,ts_450_1_S-A-7,19,C5H4Cl2O8,"1,6,8,17",0,95,5,100,S-A-7,Substitution
8734,8735,ts_450_1_S-A-15,29,C10H12N2O5,"1,6,7,8",1,90,5,95,S-A-15,Substitution
8735,8736,ts_450_1_S-A-24,32,C9H19ClN2O,"1,6,7,8,17",0,100,5,105,S-A-24,Substitution
8736,8737,ts_450_1_S-G-5,24,C4H12N2O5S,"1,6,7,8,16",0,98,5,103,S-G-5,Substitution
8737,8738,ts_450_2_R-B-5,22,C7H11BrN2O,"1,6,7,8,35",0,97,5,102,R-B-5,Cyclization
8738,8739,ts_451_1_R-A-7,22,C6H11NO4,"1,6,7,8",1,98,5,103,R-A-7,Cyclization
8739,8740,ts_451_1_RR-A-9-a,29,C12H14O3,"1,6,8",1,97,5,102,RR-A-9-a,Rearrangement
8740,8741,ts_451_1_S-A-6,15,C3H7ClFNO2,"1,6,7,8,9,17",0,100,5,105,S-A-6,Substitution
8741,8742,ts_451_1_S-A-19,21,C5H11BrN2O2,"1,6,7,8,35",0,98,5,103,S-A-19,Substitution
8742,8743,ts_451_2_S-A-11,17,C4H8O5,"1,6,8",1,91,5,96,S-A-11,Substitution
8743,8744,ts_453_1_S-A-11,16,C4H7ClO4,"1,6,8,17",0,93,5,98,S-A-11,Substitution
8744,8745,ts_454_1_S-A-11,16,C4H7ClO4,"1,6,8,17",0,100,5,105,S-A-11,Substitution
8745,8746,ts_455_1_RR-A-9-a,30,C13H14O3,"1,6,8",1,95,5,100,RR-A-9-a,Rearrangement
8746,8747,ts_455_1_S-B-5-a,12,C3H5BrO3,"1,6,8,35",0,97,5,102,S-B-5-a,Rearrangement
8747,8748,ts_456_1_S-A-17,22,C4H13N3O2,"1,6,7,8",1,99,5,104,S-A-17,Substitution
8748,8749,ts_457_1_S-A-19,16,C3H8BrFN2O,"1,6,7,8,9,35",0,99,5,104,S-A-19,Substitution
8749,8750,ts_457_2_R-B-6,15,C5H7NO2,"1,6,7,8",1,99,5,104,R-B-6,Cyclization
8750,8751,ts_458_1_R-B-5,22,C6H12BrN3,"1,6,7,35",0,100,5,105,R-B-5,Cyclization
8751,8752,ts_458_1_RR-A-2-a,22,C8H8N2O4,"1,6,7,8",1,93,5,98,RR-A-2-a,Rearrangement
8752,8753,ts_458_2_R-A-7,19,C5H10BrNO2,"1,6,7,8,35",0,99,5,104,R-A-7,Cyclization
8753,8754,ts_459_1_RR-A-9-a,31,C13H14O4,"1,6,8",1,96,5,101,RR-A-9-a,Rearrangement
8754,8755,ts_459_1_S-A-6,16,C4H7FN2O2,"1,6,7,8,9",0,89,5,94,S-A-6,Substitution
8755,8756,ts_459_1_S-A-15,28,C10H12BrNO4,"1,6,7,8,35",0,97,5,102,S-A-15,Substitution
8756,8757,ts_459_1_S-B-5-a,17,C4H9NO3,"1,6,7,8",1,99,5,104,S-B-5-a,Rearrangement
8757,8758,ts_460_1_R-A-3,24,C7H13ClO3,"1,6,8,17",0,98,5,103,R-A-3,Cyclization
8758,8759,ts_460_1_RR-A-3-a,27,C13H10ClNO2,"1,6,7,8,17",0,97,5,102,RR-A-3-a,Rearrangement
8759,8760,ts_460_1_S-A-6,19,C4H10FNO3,"1,6,7,8,9",0,98,5,103,S-A-6,Substitution
8760,8761,ts_460_1_S-B-5-a,13,C4H5NO3,"1,6,7,8",1,92,5,97,S-B-5-a,Rearrangement
8761,8762,ts_460_3_R-B-6,20,C6H8N2O4,"1,6,7,8",1,96,5,101,R-B-6,Cyclization
8762,8763,ts_461_1_S-A-6,18,C4H10FNO2,"1,6,7,8,9",0,100,5,105,S-A-6,Substitution
8763,8764,ts_461_1_S-A-17,21,C5H11N3O2,"1,6,7,8",1,92,5,97,S-A-17,Substitution
8764,8765,ts_461_1_S-A-19,17,C4H8BrN3O,"1,6,7,8,35",0,92,5,97,S-A-19,Substitution
8765,8766,ts_462_1_S-B-5-a,17,C5H8O4,"1,6,8",1,98,5,103,S-B-5-a,Rearrangement
8766,8767,ts_463_1_R-A-3,22,C7H11ClO3,"1,6,8,17",0,96,5,101,R-A-3,Cyclization
8767,8768,ts_463_1_S-A-17,22,C4H11N3O4,"1,6,7,8",1,97,5,102,S-A-17,Substitution
8768,8769,ts_464_1_S-A-11,18,C5H8O5,"1,6,8",1,95,5,100,S-A-11,Substitution
8769,8770,ts_464_1_S-G-5,19,C2H9ClN2O4S,"1,6,7,8,16,17",0,100,5,105,S-G-5,Substitution
8770,8771,ts_464_2_S-A-6,22,C5H12N2O3,"1,6,7,8",1,100,5,105,S-A-6,Substitution
8771,8772,ts_465_1_S-A-11,19,C5H8O6,"1,6,8",1,97,5,102,S-A-11,Substitution
8772,8773,ts_465_1_S-A-17,20,C4H11ClN2O2,"1,6,7,8,17",0,99,5,104,S-A-17,Substitution
8773,8774,ts_466_1_S-B-5-a,14,C4H6N2O2,"1,6,7,8",1,94,5,99,S-B-5-a,Rearrangement
8774,8775,ts_466_1_S-G-5,23,C3H12ClN3O3S,"1,6,7,8,16,17",0,100,5,105,S-G-5,Substitution
8775,8776,ts_466_2_R-B-5,17,C5H8BrClN2,"1,6,7,17,35",0,100,5,105,R-B-5,Cyclization
8776,8777,ts_467_1_RR-A-3-a,26,C14H8FNO2,"1,6,7,8,9",0,93,5,98,RR-A-3-a,Rearrangement
8777,8778,ts_468_1_S-A-19,21,C4H12BrN3O,"1,6,7,8,35",0,99,5,104,S-A-19,Substitution
8778,8779,ts_469_1_R-A-7,22,C6H11NO4,"1,6,7,8",1,100,5,105,R-A-7,Cyclization
8779,8780,ts_469_1_S-A-6,20,C5H9NO5,"1,6,7,8",1,94,5,99,S-A-6,Substitution
8780,8781,ts_470_1_RR-A-9-a,26,C11H11BrO3,"1,6,8,35",0,99,5,104,RR-A-9-a,Rearrangement
8781,8782,ts_471_1_RR-A-2-a,20,C8H6ClNO4,"1,6,7,8,17",0,96,5,101,RR-A-2-a,Rearrangement
8782,8783,ts_471_2_S-A-15,27,C9H13BrN2O2,"1,6,7,8,35",0,99,5,104,S-A-15,Substitution
8783,8784,ts_472_1_S-A-6,22,C5H12N2O3,"1,6,7,8",1,99,5,104,S-A-6,Substitution
8784,8785,ts_472_2_R-A-7,24,C6H13NO4,"1,6,7,8",1,99,5,104,R-A-7,Cyclization
8785,8786,ts_474_1_S-A-15,27,C10H12BrNO3,"1,6,7,8,35",0,97,5,102,S-A-15,Substitution
8786,8787,ts_474_1_S-A-24,34,C11H17ClO5,"1,6,8,17",0,59,3,62,S-A-24,Substitution
8787,8788,ts_475_1_S-A-7,16,C4H6Cl2O4,"1,6,8,17",0,97,5,102,S-A-7,Substitution
8788,8789,ts_476_1_RR-A-3-a,25,C13H8ClFO2,"1,6,8,9,17",0,96,5,101,RR-A-3-a,Rearrangement
8789,8790,ts_477_1_S-A-19,11,C2H5BrFNO,"1,6,7,8,9,35",0,98,5,103,S-A-19,Substitution
8790,8791,ts_477_1_S-G-5,18,C2H8ClFN2O3S,"1,6,7,8,9,16,17",0,100,5,105,S-G-5,Substitution
8791,8792,ts_478_1_S-A-19,15,C3H7BrFNO2,"1,6,7,8,9,35",0,96,5,101,S-A-19,Substitution
8792,8793,ts_479_2_S-A-17,23,C5H13FN2O2,"1,6,7,8,9",0,99,5,104,S-A-17,Substitution
8793,8794,ts_480_1_R-A-7,20,C5H10ClNO3,"1,6,7,8,17",0,100,5,105,R-A-7,Cyclization
8794,8795,ts_480_1_S-G-5,21,C3H9ClN2O5S,"1,6,7,8,16,17",0,98,5,103,S-G-5,Substitution
8795,8796,ts_481_1_S-A-6,17,C4H9NO3,"1,6,7,8",1,97,5,102,S-A-6,Substitution
8796,8797,ts_481_1_S-A-19,18,C4H9BrFNO2,"1,6,7,8,9,35",0,100,5,105,S-A-19,Substitution
8797,8798,ts_482_1_RR-A-3-a,27,C13H8FNO4,"1,6,7,8,9",0,55,3,58,RR-A-3-a,Rearrangement
8798,8799,ts_482_1_RR-A-9-a,27,C11H14O2,"1,6,8",1,100,5,105,RR-A-9-a,Rearrangement
8799,8800,ts_484_1_R-A-7,21,C5H11NO4,"1,6,7,8",1,98,5,103,R-A-7,Cyclization
8800,8801,ts_484_1_S-A-6,17,C4H8ClNO3,"1,6,7,8,17",0,97,5,102,S-A-6,Substitution
8801,8802,ts_484_1_S-G-5,17,CH9N3O3S,"1,6,7,8,16",0,100,5,105,S-G-5,Substitution
8802,8803,ts_486_1_R-A-7,20,C5H10FNO3,"1,6,7,8,9",0,100,5,105,R-A-7,Cyclization
8803,8804,ts_486_1_RR-A-3-a,25,C13H8F2O2,"1,6,8,9",0,96,5,101,RR-A-3-a,Rearrangement
8804,8805,ts_486_1_S-A-17,23,C6H12FNO3,"1,6,7,8,9",0,100,5,105,S-A-17,Substitution
8805,8806,ts_486_1_S-G-5,25,C3H14N4O3S,"1,6,7,8,16",0,99,5,104,S-G-5,Substitution
8806,8807,ts_487_1_R-A-3,23,C6H13ClO3,"1,6,8,17",0,100,5,105,R-A-3,Cyclization
8807,8808,ts_487_1_R-A-7,22,C5H12N2O3,"1,6,7,8",1,100,5,105,R-A-7,Cyclization
8808,8809,ts_488_1_R-A-3,23,C6H13ClO3,"1,6,8,17",0,100,5,105,R-A-3,Cyclization
8809,8810,ts_488_1_S-B-5-a,8,C2H3BrO2,"1,6,8,35",0,94,5,99,S-B-5-a,Rearrangement
8810,8811,ts_489_1_RR-A-9-a,29,C11H13NO4,"1,6,7,8",1,99,5,104,RR-A-9-a,Rearrangement
8811,8812,ts_490_1_S-A-24,30,C9H15ClFNO3,"1,6,7,8,9,17",0,96,5,101,S-A-24,Substitution
8812,8813,ts_490_2_S-A-11,21,C5H7NO8,"1,6,7,8",1,90,5,95,S-A-11,Substitution
8813,8814,ts_492_1_R-A-7,24,C6H13NO4,"1,6,7,8",1,99,5,104,R-A-7,Cyclization
8814,8815,ts_494_1_S-A-24,28,C9H15ClF2O,"1,6,8,9,17",0,100,5,105,S-A-24,Substitution
8815,8816,ts_496_1_S-G-5,20,C2H10ClN3O3S,"1,6,7,8,16,17",0,100,5,105,S-G-5,Substitution
8816,8817,ts_497_2_R-B-5,21,C6H11FN2O,"1,6,7,8,9",0,100,5,105,R-B-5,Cyclization
8817,8818,ts_498_1_RR-A-2-a,25,C11H10O4,"1,6,8",1,96,5,101,RR-A-2-a,Rearrangement
8818,8819,ts_498_2_S-A-6,20,C4H11BrN2O2,"1,6,7,8,35",0,100,5,105,S-A-6,Substitution
8819,8820,ts_499_1_R-A-7,23,C7H12N2O2,"1,6,7,8",1,92,5,97,R-A-7,Cyclization
8820,8821,ts_499_1_RR-A-3-a,32,C16H12O4,"1,6,8",1,60,3,63,RR-A-3-a,Rearrangement
8821,8822,ts_500_1_S-A-6,19,C4H10BrNO3,"1,6,7,8,35",0,98,5,103,S-A-6,Substitution
8822,8823,ts_502_3_S-B-5-a,16,C5H6O5,"1,6,8",1,97,5,102,S-B-5-a,Rearrangement
8823,8824,ts_503_2_R-A-7,22,C6H12N2O2,"1,6,7,8",1,97,5,102,R-A-7,Cyclization
8824,8825,ts_504_1_S-B-5-a,18,C4H10N2O2,"1,6,7,8",1,98,5,103,S-B-5-a,Rearrangement
8825,8826,ts_505_1_RR-A-3-a,31,C15H12O4,"1,6,8",1,55,3,58,RR-A-3-a,Rearrangement
8826,8827,ts_505_2_R-A-7,23,C6H13N3O,"1,6,7,8",1,94,5,99,R-A-7,Cyclization
8827,8828,ts_506_1_RR-A-2-a,18,C8H6Br2O2,"1,6,8,35",0,97,5,102,RR-A-2-a,Rearrangement
8828,8829,ts_507_1_R-A-3,20,C5H11Cl2NO,"1,6,7,8,17",0,100,5,105,R-A-3,Cyclization
8829,8830,ts_508_1_R-A-7,21,C6H10N2O3,"1,6,7,8",1,92,5,97,R-A-7,Cyclization
8830,8831,ts_508_1_RR-A-9-a,28,C11H14FNO,"1,6,7,8,9",0,100,5,105,RR-A-9-a,Rearrangement
8831,8832,ts_508_2_R-B-5,19,C6H9FN2O,"1,6,7,8,9",0,97,5,102,R-B-5,Cyclization
8832,8833,ts_509_1_S-A-17,21,C5H12FNO2,"1,6,7,8,9",0,98,5,103,S-A-17,Substitution
8833,8834,ts_509_2_R-B-5,20,C6H9FN2O2,"1,6,7,8,9",0,98,5,103,R-B-5,Cyclization
8834,8835,ts_510_2_R-A-7,23,C6H13N3O,"1,6,7,8",1,94,5,99,R-A-7,Cyclization
8835,8836,ts_512_1_S-A-6,18,C4H8BrNO4,"1,6,7,8,35",0,97,5,102,S-A-6,Substitution
8836,8837,ts_512_1_S-A-17,21,C5H11NO4,"1,6,7,8",1,100,5,105,S-A-17,Substitution
8837,8838,ts_513_1_R-A-7,21,C6H10N2O3,"1,6,7,8",1,89,5,94,R-A-7,Cyclization
8838,8839,ts_513_1_S-A-17,25,C6H14N2O3,"1,6,7,8",1,98,5,103,S-A-17,Substitution
8839,8840,ts_513_2_R-B-5,19,C5H8FN3O2,"1,6,7,8,9",0,98,5,103,R-B-5,Cyclization
8840,8841,ts_515_1_S-A-15,31,C11H15N3O2,"1,6,7,8",1,87,5,92,S-A-15,Substitution
8841,8842,ts_516_1_R-A-3,22,C5H11ClN2O3,"1,6,7,8,17",0,100,5,105,R-A-3,Cyclization
8842,8843,ts_516_1_S-A-17,24,C6H13NO4,"1,6,7,8",1,97,5,102,S-A-17,Substitution
8843,8844,ts_516_1_S-G-5,21,C3H11FN2O3S,"1,6,7,8,9,16",0,100,5,105,S-G-5,Substitution
8844,8845,ts_518_1_S-A-6,17,C3H9BrN2O2,"1,6,7,8,35",0,99,5,104,S-A-6,Substitution
8845,8846,ts_520_1_S-G-5,20,C3H9FN2O4S,"1,6,7,8,9,16",0,100,5,105,S-G-5,Substitution
8846,8847,ts_521_1_S-A-19,21,C5H11BrN2O2,"1,6,7,8,35",0,97,5,102,S-A-19,Substitution
8847,8848,ts_522_1_S-B-5-a,14,C3H7NO3,"1,6,7,8",1,99,5,104,S-B-5-a,Rearrangement
8848,8849,ts_524_1_RR-A-9-a,23,C10H11ClO,"1,6,8,17",0,100,5,105,RR-A-9-a,Rearrangement
8849,8850,ts_524_1_S-A-15,28,C11H12N2O3,"1,6,7,8",1,91,5,96,S-A-15,Substitution
8850,8851,ts_526_1_R-A-7,19,C5H10N2O2,"1,6,7,8",1,92,5,97,R-A-7,Cyclization
8851,8852,ts_526_1_RR-A-9-a,28,C12H13FO2,"1,6,8,9",0,96,5,101,RR-A-9-a,Rearrangement
8852,8853,ts_527_1_RR-A-9-a,28,C12H13FO2,"1,6,8,9",0,99,5,104,RR-A-9-a,Rearrangement
8853,8854,ts_528_1_S-A-15,28,C10H11N3O4,"1,6,7,8",1,88,5,93,S-A-15,Substitution
8854,8855,ts_529_1_S-G-5,28,C4H16N4O3S,"1,6,7,8,16",0,100,5,105,S-G-5,Substitution
8855,8856,ts_531_1_R-A-3,15,C4H8ClFO,"1,6,8,9,17",0,100,5,105,R-A-3,Cyclization
8856,8857,ts_531_1_S-A-19,18,C4H7BrN2O4,"1,6,7,8,35",0,97,5,102,S-A-19,Substitution
8857,8858,ts_532_4_R-A-7,23,C5H14N2O2,"1,6,7,8",1,100,5,105,R-A-7,Cyclization
8858,8859,ts_533_1_R-A-7,18,C4H10BrNO2,"1,6,7,8,35",0,100,5,105,R-A-7,Cyclization
8859,8860,ts_533_1_RR-A-9-a,23,C10H11FO,"1,6,8,9",0,99,5,104,RR-A-9-a,Rearrangement
8860,8861,ts_534_1_S-A-19,18,C4H9BrN2O2,"1,6,7,8,35",0,96,5,101,S-A-19,Substitution
8861,8862,ts_536_1_R-A-7,23,C5H14N2O2,"1,6,7,8",1,99,5,104,R-A-7,Cyclization
8862,8863,ts_536_2_R-A-7,23,C5H14N2O2,"1,6,7,8",1,100,5,105,R-A-7,Cyclization
8863,8864,ts_537_1_R-A-3,23,C6H12ClNO3,"1,6,7,8,17",0,99,5,104,R-A-3,Cyclization
8864,8865,ts_537_1_R-A-7,22,C5H13NO3,"1,6,7,8",1,100,5,105,R-A-7,Cyclization
8865,8866,ts_537_2_R-A-7,22,C5H13NO3,"1,6,7,8",1,100,5,105,R-A-7,Cyclization
8866,8867,ts_538_1_RR-A-9-a,30,C11H16N2O,"1,6,7,8",1,100,5,105,RR-A-9-a,Rearrangement
8867,8868,ts_538_1_S-A-15,30,C11H14N2O3,"1,6,7,8",1,88,5,93,S-A-15,Substitution
8868,8869,ts_539_1_S-A-17,25,C7H13NO4,"1,6,7,8",1,92,5,97,S-A-17,Substitution
8869,8870,ts_539_1_S-G-5,25,C3H14N4O3S,"1,6,7,8,16",0,100,5,105,S-G-5,Substitution
8870,8871,ts_543_1_S-A-15,29,C10H15NO3,"1,6,7,8",1,100,5,105,S-A-15,Substitution
8871,8872,ts_545_2_S-A-15,30,C10H16N2O2,"1,6,7,8",1,98,5,103,S-A-15,Substitution
8872,8873,ts_546_1_R-A-3,21,C5H12ClNO2,"1,6,7,8,17",0,100,5,105,R-A-3,Cyclization
8873,8874,ts_546_1_S-A-19,15,C3H7Br2NO2,"1,6,7,8,35",0,98,5,103,S-A-19,Substitution
8874,8875,ts_547_1_S-G-5,17,C2H8N2O4S,"1,6,7,8,16",0,99,5,104,S-G-5,Substitution
8875,8876,ts_551_2_R-A-7,18,C4H10BrNO2,"1,6,7,8,35",0,100,5,105,R-A-7,Cyclization
8876,8877,ts_555_1_S-A-19,19,C4H10Br2N2O,"1,6,7,8,35",0,98,5,103,S-A-19,Substitution
8877,8878,ts_555_1_S-G-5,25,C5H12N2O5S,"1,6,7,8,16",0,99,5,104,S-G-5,Substitution
8878,8879,ts_557_1_RR-A-9-a,28,C11H13NO3,"1,6,7,8",1,100,5,105,RR-A-9-a,Rearrangement
8879,8880,ts_559_2_R-A-7,16,C3H8N2O3,"1,6,7,8",1,99,5,104,R-A-7,Cyclization
8880,8881,ts_563_1_S-A-19,15,C4H6Br2N2O,"1,6,7,8,35",0,92,5,97,S-A-19,Substitution
8881,8882,ts_563_2_S-A-6,21,C5H11N3O2,"1,6,7,8",1,98,5,103,S-A-6,Substitution
8882,8883,ts_565_1_S-A-17,20,C4H9BrN2O4,"1,6,7,8,35",0,97,5,102,S-A-17,Substitution
8883,8884,ts_568_1_R-A-7,23,C5H12N2O4,"1,6,7,8",1,99,5,104,R-A-7,Cyclization
8884,8885,ts_568_1_S-A-6,19,C5H8N2O4,"1,6,7,8",1,90,5,95,S-A-6,Substitution
8885,8886,ts_571_1_S-A-17,20,C5H10BrNO3,"1,6,7,8,35",0,88,5,93,S-A-17,Substitution
8886,8887,ts_572_1_S-A-17,18,C4H9Br2NO2,"1,6,7,8,35",0,98,5,103,S-A-17,Substitution
8887,8888,ts_574_2_R-A-7,21,C4H9N3O5,"1,6,7,8",1,94,5,99,R-A-7,Cyclization
8888,8889,ts_575_2_S-A-15,32,C10H15N3O4,"1,6,7,8",1,99,5,104,S-A-15,Substitution
8889,8890,ts_576_1_S-G-5,23,C4H11BrN2O4S,"1,6,7,8,16,35",0,98,5,103,S-G-5,Substitution
8890,8891,ts_577_2_R-A-7,20,C4H10N2O4,"1,6,7,8",1,99,5,104,R-A-7,Cyclization
8891,8892,ts_578_2_R-A-7,24,C5H13N3O3,"1,6,7,8",1,100,5,105,R-A-7,Cyclization
8892,8893,ts_579_1_S-A-6,17,C5H7N3O2,"1,6,7,8",1,90,5,95,S-A-6,Substitution
8893,8894,ts_580_1_S-A-6,16,C4H8N2O2,"1,6,7,8",1,91,5,96,S-A-6,Substitution
8894,8895,ts_582_1_S-A-19,22,C5H11BrN2O3,"1,6,7,8,35",0,99,5,104,S-A-19,Substitution
8895,8896,ts_584_1_S-A-6,18,C4H9N3O2,"1,6,7,8",1,97,5,102,S-A-6,Substitution
8896,8897,ts_584_1_S-G-5,18,C2H8Br2N2O3S,"1,6,7,8,16,35",0,100,5,105,S-G-5,Substitution
8897,8898,ts_589_1_S-A-6,21,C6H10N2O3,"1,6,7,8",1,90,5,95,S-A-6,Substitution
8898,8899,ts_593_1_S-A-19,17,C4H7BrFNO3,"1,6,7,8,9,35",0,96,5,101,S-A-19,Substitution
8899,8900,ts_596_1_S-A-17,24,C6H11NO6,"1,6,7,8",1,96,5,101,S-A-17,Substitution
8900,8901,ts_596_2_S-A-6,20,C4H12N2O2,"1,6,7,8",1,99,5,104,S-A-6,Substitution
8901,8902,ts_597_1_S-G-5,28,C6H14N2O5S,"1,6,7,8,16",0,99,5,104,S-G-5,Substitution
8902,8903,ts_597_2_R-A-7,22,C5H13FN2O,"1,6,7,8,9",0,99,5,104,R-A-7,Cyclization
8903,8904,ts_598_1_S-A-19,17,C4H8BrNO3,"1,6,7,8,35",0,97,5,102,S-A-19,Substitution
8904,8905,ts_598_1_S-G-5,28,C6H14N2O5S,"1,6,7,8,16",0,93,5,98,S-G-5,Substitution
8905,8906,ts_599_2_R-A-7,26,C6H16N2O2,"1,6,7,8",1,100,5,105,R-A-7,Cyclization
8906,8907,ts_600_1_S-A-15,29,C9H11N3O6,"1,6,7,8",1,53,3,56,S-A-15,Substitution
8907,8908,ts_600_2_R-A-7,23,C6H13N3O,"1,6,7,8",1,94,5,99,R-A-7,Cyclization
8908,8909,ts_602_1_S-A-6,20,C5H11NO3,"1,6,7,8",1,92,5,97,S-A-6,Substitution
8909,8910,ts_603_1_S-G-5,23,C4H11FN2O4S,"1,6,7,8,9,16",0,99,5,104,S-G-5,Substitution
8910,8911,ts_606_1_R-A-7,25,C6H14N2O3,"1,6,7,8",1,96,5,101,R-A-7,Cyclization
8911,8912,ts_609_1_S-G-5,25,C4H11N3O6S,"1,6,7,8,16",0,98,5,103,S-G-5,Substitution
8912,8913,ts_609_2_R-A-7,27,C6H17N3O,"1,6,7,8",1,100,5,105,R-A-7,Cyclization
8913,8914,ts_610_1_S-A-17,25,C6H13NO5,"1,6,7,8",1,93,5,98,S-A-17,Substitution
8914,8915,ts_610_1_S-G-5,18,C2H8N2O5S,"1,6,7,8,16",0,100,5,105,S-G-5,Substitution
8915,8916,ts_612_1_S-G-5,26,C4H13N3O5S,"1,6,7,8,16",0,100,5,105,S-G-5,Substitution
8916,8917,ts_613_1_S-A-19,12,C3H5BrN2O,"1,6,7,8,35",0,93,5,98,S-A-19,Substitution
8917,8918,ts_615_1_S-A-19,20,C5H10BrN3O,"1,6,7,8,35",0,87,5,92,S-A-19,Substitution
8918,8919,ts_615_2_S-A-19,20,C5H10BrN3O,"1,6,7,8,35",0,92,5,97,S-A-19,Substitution
8919,8920,ts_619_1_S-A-6,20,C4H12N2O2,"1,6,7,8",1,100,5,105,S-A-6,Substitution
8920,8921,ts_619_2_R-A-7,23,C5H14N2O2,"1,6,7,8",1,100,5,105,R-A-7,Cyclization
8921,8922,ts_622_1_R-A-7,22,C6H12ClNO2,"1,6,7,8,17",0,99,5,104,R-A-7,Cyclization
8922,8923,ts_623_1_S-A-17,24,C6H13N3O2,"1,6,7,8",1,91,5,96,S-A-17,Substitution
8923,8924,ts_624_1_S-A-6,16,C4H8N2O2,"1,6,7,8",1,88,5,93,S-A-6,Substitution
8924,8925,ts_625_2_R-A-7,22,C5H13ClN2O,"1,6,7,8,17",0,100,5,105,R-A-7,Cyclization
8925,8926,ts_628_1_S-A-17,21,C6H10N2O3,"1,6,7,8",1,95,5,100,S-A-17,Substitution
8926,8927,ts_629_1_S-A-17,19,C5H9BrN2O2,"1,6,7,8,35",0,91,5,96,S-A-17,Substitution
8927,8928,ts_631_1_S-A-6,21,C4H10N2O5,"1,6,7,8",1,96,5,101,S-A-6,Substitution
8928,8929,ts_631_1_S-A-19,16,C5H6BrN3O,"1,6,7,8,35",0,90,5,95,S-A-19,Substitution
8929,8930,ts_631_1_S-G-5,16,C2H7N3O3S,"1,6,7,8,16",0,94,5,99,S-G-5,Substitution
8930,8931,ts_633_1_S-G-5,24,C4H12N4O3S,"1,6,7,8,16",0,93,5,98,S-G-5,Substitution
8931,8932,ts_634_1_S-A-19,16,C4H7BrN2O2,"1,6,7,8,35",0,91,5,96,S-A-19,Substitution
8932,8933,ts_634_1_S-G-5,24,C4H12N4O3S,"1,6,7,8,16",0,97,5,102,S-G-5,Substitution
8933,8934,ts_636_1_R-A-7,19,C4H9ClN2O3,"1,6,7,8,17",0,99,5,104,R-A-7,Cyclization
8934,8935,ts_636_2_S-A-17,21,C5H11N3O2,"1,6,7,8",1,89,5,94,S-A-17,Substitution
8935,8936,ts_637_1_R-A-7,20,C5H10ClNO3,"1,6,7,8,17",0,99,5,104,R-A-7,Cyclization
8936,8937,ts_637_1_S-A-17,19,C5H9FN2O2,"1,6,7,8,9",0,92,5,97,S-A-17,Substitution
8937,8938,ts_637_2_R-A-7,20,C5H10ClNO3,"1,6,7,8,17",0,97,5,102,R-A-7,Cyclization
8938,8939,ts_643_1_S-A-6,17,C3H7BrN2O4,"1,6,7,8,35",0,97,5,102,S-A-6,Substitution
8939,8940,ts_644_1_S-A-17,23,C6H12N2O3,"1,6,7,8",1,92,5,97,S-A-17,Substitution
8940,8941,ts_644_1_S-G-5,21,C3H10N4O3S,"1,6,7,8,16",0,97,5,102,S-G-5,Substitution
8941,8942,ts_646_1_S-A-17,21,C5H9N3O4,"1,6,7,8",1,90,5,95,S-A-17,Substitution
8942,8943,ts_647_1_S-A-17,15,C3H9NO2,"1,6,7,8",1,99,5,104,S-A-17,Substitution
8943,8944,ts_653_1_S-A-17,21,C5H11NO4,"1,6,7,8",1,98,5,103,S-A-17,Substitution
8944,8945,ts_656_1_R-A-7,24,C5H15N3O,"1,6,7,8",1,100,5,105,R-A-7,Cyclization
8945,8946,ts_657_1_S-A-17,23,C5H14N2O2,"1,6,7,8",1,100,5,105,S-A-17,Substitution
8946,8947,ts_658_1_S-A-6,21,C4H10N2O5,"1,6,7,8",1,94,5,99,S-A-6,Substitution
8947,8948,ts_658_2_R-A-7,23,C5H14N2O2,"1,6,7,8",1,100,5,105,R-A-7,Cyclization
8948,8949,ts_665_1_S-G-5,24,C3H13N3O4S,"1,6,7,8,16",0,100,5,105,S-G-5,Substitution
8949,8950,ts_666_1_S-A-17,18,C4H11NO2,"1,6,7,8",1,97,5,102,S-A-17,Substitution
8950,8951,ts_669_1_R-A-7,21,C4H13N3O,"1,6,7,8",1,100,5,105,R-A-7,Cyclization
8951,8952,ts_670_2_S-A-17,20,C4H12N2O2,"1,6,7,8",1,98,5,103,S-A-17,Substitution
8952,8953,ts_676_1_R-A-7,20,C5H11N3O,"1,6,7,8",1,97,5,102,R-A-7,Cyclization
8953,8954,ts_680_1_S-G-5,24,C4H12N2O5S,"1,6,7,8,16",0,99,5,104,S-G-5,Substitution
8954,8955,ts_685_2_R-A-7,22,C6H12FNO2,"1,6,7,8,9",0,100,5,105,R-A-7,Cyclization
8955,8956,ts_686_2_R-A-7,19,C5H10FNO2,"1,6,7,8,9",0,99,5,104,R-A-7,Cyclization
8956,8957,ts_690_1_S-A-17,25,C6H12N2O5,"1,6,7,8",1,96,5,101,S-A-17,Substitution
8957,8958,ts_691_1_S-A-17,25,C5H13N3O4,"1,6,7,8",1,99,5,104,S-A-17,Substitution
8958,8959,ts_696_1_S-G-5,25,C3H12N4O5S,"1,6,7,8,16",0,100,5,105,S-G-5,Substitution
8959,8960,ts_699_1_R-A-7,20,C5H10FNO3,"1,6,7,8,9",0,98,5,103,R-A-7,Cyclization
8960,8961,ts_699_1_S-A-19,17,C4H6BrN3O3,"1,6,7,8,35",0,92,5,97,S-A-19,Substitution
8961,8962,ts_702_1_S-A-19,17,C3H7BrN2O4,"1,6,7,8,35",0,100,5,105,S-A-19,Substitution
8962,8963,ts_705_1_S-A-17,20,C4H9FN2O4,"1,6,7,8,9",0,97,5,102,S-A-17,Substitution
8963,8964,ts_708_1_R-A-7,19,C5H10FNO2,"1,6,7,8,9",0,99,5,104,R-A-7,Cyclization
8964,8965,ts_709_1_R-A-7,21,C5H12FNO2,"1,6,7,8,9",0,100,5,105,R-A-7,Cyclization
8965,8966,ts_710_1_R-A-7,22,C6H12FNO2,"1,6,7,8,9",0,96,5,101,R-A-7,Cyclization
8966,8967,ts_710_1_S-A-19,19,C4H7BrN2O5,"1,6,7,8,35",0,93,5,98,S-A-19,Substitution
8967,8968,ts_711_1_S-A-17,21,C5H9N3O4,"1,6,7,8",1,96,5,101,S-A-17,Substitution
8968,8969,ts_711_2_S-G-5,23,C3H9N3O7S,"1,6,7,8,16",0,99,5,104,S-G-5,Substitution
8969,8970,ts_714_1_S-A-19,18,C3H6BrN3O5,"1,6,7,8,35",0,96,5,101,S-A-19,Substitution
8970,8971,ts_717_2_R-A-7,19,C5H10BrNO2,"1,6,7,8,35",0,99,5,104,R-A-7,Cyclization
8971,8972,ts_718_2_R-A-7,22,C5H13BrN2O,"1,6,7,8,35",0,100,5,105,R-A-7,Cyclization
8972,8973,ts_720_2_R-A-7,21,C5H12BrNO2,"1,6,7,8,35",0,100,5,105,R-A-7,Cyclization
8973,8974,ts_732_1_R-A-7,18,C4H10BrNO2,"1,6,7,8,35",0,100,5,105,R-A-7,Cyclization
8974,8975,ts_735_1_R-A-7,19,C4H11BrN2O,"1,6,7,8,35",0,99,5,104,R-A-7,Cyclization
8975,8976,ts_743_1_R-A-7,18,C4H10BrNO2,"1,6,7,8,35",0,100,5,105,R-A-7,Cyclization
8976,8977,ts_743_2_R-A-7,18,C4H10BrNO2,"1,6,7,8,35",0,100,5,105,R-A-7,Cyclization
8977,8978,ts_749_4_R-A-7,24,C6H14N2O2,"1,6,7,8",1,97,5,102,R-A-7,Cyclization
8978,8979,ts_750_1_R-A-7,19,C5H10BrNO2,"1,6,7,8,35",0,99,5,104,R-A-7,Cyclization
8979,8980,ts_752_2_R-A-7,19,C5H10FNO2,"1,6,7,8,9",0,96,5,101,R-A-7,Cyclization
8980,8981,ts_753_1_R-A-7,24,C6H14N2O2,"1,6,7,8",1,95,5,100,R-A-7,Cyclization
8981,8982,ts_760_2_R-A-7,21,C5H10N2O4,"1,6,7,8",1,98,5,103,R-A-7,Cyclization
8982,8983,ts_761_2_R-A-7,22,C6H11NO4,"1,6,7,8",1,97,5,102,R-A-7,Cyclization
8983,8984,ts_780_4_R-A-7,25,C6H14N2O3,"1,6,7,8",1,98,5,103,R-A-7,Cyclization
8984,8985,ts_790_2_R-A-7,20,C5H10ClNO3,"1,6,7,8,17",0,99,5,104,R-A-7,Cyclization
8985,8986,ts_809_2_R-A-7,23,C7H12N2O2,"1,6,7,8",1,97,5,102,R-A-7,Cyclization
8986,8987,ts_810_2_R-A-7,20,C6H10N2O2,"1,6,7,8",1,91,5,96,R-A-7,Cyclization
8987,8988,ts_811_3_R-A-7,23,C6H13N3O,"1,6,7,8",1,96,5,101,R-A-7,Cyclization
8988,8989,ts_817_2_R-A-7,19,C6H9N3O,"1,6,7,8",1,83,5,88,R-A-7,Cyclization
8989,8990,ts_823_2_R-A-7,21,C6H10N2O3,"1,6,7,8",1,92,5,97,R-A-7,Cyclization
8990,8991,ts_824_2_R-A-7,20,C5H11N3O,"1,6,7,8",1,95,5,100,R-A-7,Cyclization
8991,8992,ts_842_1_R-A-7,27,C7H16N2O2,"1,6,7,8",1,98,5,103,R-A-7,Cyclization
8992,8993,ts_842_4_R-A-7,27,C7H16N2O2,"1,6,7,8",1,100,5,105,R-A-7,Cyclization
8993,8994,ts_844_1_R-A-7,26,C7H15NO3,"1,6,7,8",1,99,5,104,R-A-7,Cyclization
8994,8995,ts_845_1_R-A-7,22,C6H12FNO2,"1,6,7,8,9",0,97,5,102,R-A-7,Cyclization
8995,8996,ts_846_2_R-A-7,27,C7H16N2O2,"1,6,7,8",1,100,5,105,R-A-7,Cyclization
8996,8997,ts_852_1_R-A-7,22,C6H12ClNO2,"1,6,7,8,17",0,99,5,104,R-A-7,Cyclization
8997,8998,ts_861_1_R-A-7,22,C6H12BrNO2,"1,6,7,8,35",0,97,5,102,R-A-7,Cyclization
8998,8999,ts_869_1_R-A-7,18,C4H11NO2,"1,6,7,8",1,100,5,105,R-A-7,Cyclization
8999,9000,ts_871_2_R-A-7,26,C7H15NO3,"1,6,7,8",1,99,5,104,R-A-7,Cyclization
9000,9001,ts_873_1_R-A-7,26,C6H16N2O2,"1,6,7,8",1,100,5,105,R-A-7,Cyclization
9001,9002,ts_882_1_R-A-7,26,C6H16N2O2,"1,6,7,8",1,100,5,105,R-A-7,Cyclization
9002,9003,ts_885_1_R-A-7,24,C6H13NO4,"1,6,7,8",1,97,5,102,R-A-7,Cyclization
9003,9004,ts_903_1_R-A-7,20,C5H11NO3,"1,6,7,8",1,100,5,105,R-A-7,Cyclization
9004,9005,ts_923_1_R-A-7,18,C4H10BrNO2,"1,6,7,8,35",0,100,5,105,R-A-7,Cyclization
9005,9006,ts_933_1_R-A-7,24,C6H12N2O4,"1,6,7,8",1,93,5,98,R-A-7,Cyclization
9006,9007,ts_935_1_R-A-7,24,C5H13N3O3,"1,6,7,8",1,99,5,104,R-A-7,Cyclization
9007,9008,ts_937_1_R-A-7,23,C5H12N2O4,"1,6,7,8",1,99,5,104,R-A-7,Cyclization
9008,9009,ts_940_1_R-A-7,23,C5H12N2O4,"1,6,7,8",1,100,5,105,R-A-7,Cyclization
9009,9010,ts_942_1_R-A-7,22,C5H10N2O5,"1,6,7,8",1,97,5,102,R-A-7,Cyclization
9010,9011,ts_943_2_R-A-7,22,C5H10N2O5,"1,6,7,8",1,96,5,101,R-A-7,Cyclization
9011,9012,ts_945_1_R-A-7,19,C4H9ClN2O3,"1,6,7,8,17",0,98,5,103,R-A-7,Cyclization
9012,9013,ts_945_2_R-A-7,19,C4H9ClN2O3,"1,6,7,8,17",0,99,5,104,R-A-7,Cyclization
9013,9014,ts_946_1_R-A-7,21,C4H9N3O5,"1,6,7,8",1,95,5,100,R-A-7,Cyclization
9014,9015,ts_947_1_R-A-7,22,C5H10N2O5,"1,6,7,8",1,95,5,100,R-A-7,Cyclization
9015,9016,ts_952_2_R-A-7,21,C4H11N3O3,"1,6,7,8",1,100,5,105,R-A-7,Cyclization
9016,9017,ts_959_2_R-A-7,22,C5H10N2O5,"1,6,7,8",1,99,5,104,R-A-7,Cyclization
